id,name,qualified_name,kind,module,category,file,absolute_file,line,end_line,signature,virtual,reachable_from_entry,caller_count,callee_count,candidate_ids
ecosimapi::run_ecosim_one_step@drivers/ecosim/ecosimapi.f90:36,run_ecosim_one_step,ecosimapi::run_ecosim_one_step,subroutine,ecosimapi,Driver,drivers/ecosim/EcoSIMAPI.F90,/Users/jinyuntang/work/github/ecosim_workspace/main/drivers/ecosim/EcoSIMAPI.F90,36,125,"subroutine Run_EcoSIM_one_step(yearIJ,NHW,NHE,NVN,NVS)",False,True,1,15,
ecosimapi::readnamelist@drivers/ecosim/ecosimapi.f90:127,readnamelist,ecosimapi::readnamelist,subroutine,ecosimapi,Driver,drivers/ecosim/EcoSIMAPI.F90,/Users/jinyuntang/work/github/ecosim_workspace/main/drivers/ecosim/EcoSIMAPI.F90,127,323,"subroutine readnamelist(nml_buffer, case_name, prefix,LYRG,nmicbguilds)",False,True,1,5,
ecosimapi::advancemodeloneyear@drivers/ecosim/ecosimapi.f90:326,advancemodeloneyear,ecosimapi::advancemodeloneyear,subroutine,ecosimapi,Driver,drivers/ecosim/EcoSIMAPI.F90,/Users/jinyuntang/work/github/ecosim_workspace/main/drivers/ecosim/EcoSIMAPI.F90,326,503,"subroutine AdvanceModelOneYear(NHW,NHE,NVN,NVS,nlend)",False,True,1,31,
ecosimapi::regressiontest@drivers/ecosim/ecosimapi.f90:506,regressiontest,ecosimapi::regressiontest,subroutine,ecosimapi,Driver,drivers/ecosim/EcoSIMAPI.F90,/Users/jinyuntang/work/github/ecosim_workspace/main/drivers/ecosim/EcoSIMAPI.F90,506,576,"subroutine regressiontest(nmfile,case_name, NX, NY)",False,True,1,5,
ecosimapi::write_modelconfig@drivers/ecosim/ecosimapi.f90:579,write_modelconfig,ecosimapi::write_modelconfig,subroutine,ecosimapi,Driver,drivers/ecosim/EcoSIMAPI.F90,/Users/jinyuntang/work/github/ecosim_workspace/main/drivers/ecosim/EcoSIMAPI.F90,579,598,subroutine write_modelconfig(),False,True,1,5,
external-scope::main@drivers/ecosim/ecosim.f90:1,main,main,program,,Driver,drivers/ecosim/ecosim.F90,/Users/jinyuntang/work/github/ecosim_workspace/main/drivers/ecosim/ecosim.F90,1,158,PROGRAM main,False,True,0,24,
plantapidata::plt_rootbgc_init@f90src/apidata/plantapidata.f90:951,plt_rootbgc_init,plantapidata::plt_rootbgc_init,subroutine,plantapidata,APIData,f90src/APIData/PlantAPIData.F90,/Users/jinyuntang/work/github/ecosim_workspace/main/f90src/APIData/PlantAPIData.F90,951,1042,subroutine plt_rootbgc_init(this),False,False,0,0,
plantapidata::plt_rootbgc_destroy@f90src/apidata/plantapidata.f90:1045,plt_rootbgc_destroy,plantapidata::plt_rootbgc_destroy,subroutine,plantapidata,APIData,f90src/APIData/PlantAPIData.F90,/Users/jinyuntang/work/github/ecosim_workspace/main/f90src/APIData/PlantAPIData.F90,1045,1141,subroutine plt_rootbgc_destroy(this),False,False,0,0,
plantapidata::plt_site_init@f90src/apidata/plantapidata.f90:1143,plt_site_init,plantapidata::plt_site_init,subroutine,plantapidata,APIData,f90src/APIData/PlantAPIData.F90,/Users/jinyuntang/work/github/ecosim_workspace/main/f90src/APIData/PlantAPIData.F90,1143,1170,subroutine plt_site_Init(this),False,False,0,0,
plantapidata::plt_site_destroy@f90src/apidata/plantapidata.f90:1172,plt_site_destroy,plantapidata::plt_site_destroy,subroutine,plantapidata,APIData,f90src/APIData/PlantAPIData.F90,/Users/jinyuntang/work/github/ecosim_workspace/main/f90src/APIData/PlantAPIData.F90,1172,1178,subroutine plt_site_destroy(this),False,False,0,0,
plantapidata::plt_bgcrate_init@f90src/apidata/plantapidata.f90:1181,plt_bgcrate_init,plantapidata::plt_bgcrate_init,subroutine,plantapidata,APIData,f90src/APIData/PlantAPIData.F90,/Users/jinyuntang/work/github/ecosim_workspace/main/f90src/APIData/PlantAPIData.F90,1181,1251,subroutine plt_bgcrate_init(this),False,False,0,0,
plantapidata::plt_bgcrate_destroy@f90src/apidata/plantapidata.f90:1253,plt_bgcrate_destroy,plantapidata::plt_bgcrate_destroy,subroutine,plantapidata,APIData,f90src/APIData/PlantAPIData.F90,/Users/jinyuntang/work/github/ecosim_workspace/main/f90src/APIData/PlantAPIData.F90,1253,1259,subroutine plt_bgcrate_destroy(this),False,False,0,0,
plantapidata::plt_disturb_init@f90src/apidata/plantapidata.f90:1261,plt_disturb_init,plantapidata::plt_disturb_init,subroutine,plantapidata,APIData,f90src/APIData/PlantAPIData.F90,/Users/jinyuntang/work/github/ecosim_workspace/main/f90src/APIData/PlantAPIData.F90,1261,1294,subroutine plt_disturb_init(this),False,False,0,0,
plantapidata::plt_disturb_destroy@f90src/apidata/plantapidata.f90:1296,plt_disturb_destroy,plantapidata::plt_disturb_destroy,subroutine,plantapidata,APIData,f90src/APIData/PlantAPIData.F90,/Users/jinyuntang/work/github/ecosim_workspace/main/f90src/APIData/PlantAPIData.F90,1296,1325,subroutine plt_disturb_destroy(this),False,False,0,0,
plantapidata::plt_ew_init@f90src/apidata/plantapidata.f90:1327,plt_ew_init,plantapidata::plt_ew_init,subroutine,plantapidata,APIData,f90src/APIData/PlantAPIData.F90,/Users/jinyuntang/work/github/ecosim_workspace/main/f90src/APIData/PlantAPIData.F90,1327,1376,subroutine  plt_ew_init(this),False,False,0,0,
plantapidata::plt_ew_destroy@f90src/apidata/plantapidata.f90:1379,plt_ew_destroy,plantapidata::plt_ew_destroy,subroutine,plantapidata,APIData,f90src/APIData/PlantAPIData.F90,/Users/jinyuntang/work/github/ecosim_workspace/main/f90src/APIData/PlantAPIData.F90,1379,1385,subroutine plt_ew_destroy(this),False,False,0,0,
plantapidata::plt_allom_init@f90src/apidata/plantapidata.f90:1389,plt_allom_init,plantapidata::plt_allom_init,subroutine,plantapidata,APIData,f90src/APIData/PlantAPIData.F90,/Users/jinyuntang/work/github/ecosim_workspace/main/f90src/APIData/PlantAPIData.F90,1389,1438,subroutine plt_allom_init(this),False,False,0,0,
plantapidata::plt_allom_destroy@f90src/apidata/plantapidata.f90:1441,plt_allom_destroy,plantapidata::plt_allom_destroy,subroutine,plantapidata,APIData,f90src/APIData/PlantAPIData.F90,/Users/jinyuntang/work/github/ecosim_workspace/main/f90src/APIData/PlantAPIData.F90,1441,1485,subroutine plt_allom_destroy(this),False,False,0,0,
plantapidata::plt_biom_init@f90src/apidata/plantapidata.f90:1487,plt_biom_init,plantapidata::plt_biom_init,subroutine,plantapidata,APIData,f90src/APIData/PlantAPIData.F90,/Users/jinyuntang/work/github/ecosim_workspace/main/f90src/APIData/PlantAPIData.F90,1487,1599,subroutine plt_biom_init(this),False,False,0,0,
plantapidata::plt_biom_destroy@f90src/apidata/plantapidata.f90:1603,plt_biom_destroy,plantapidata::plt_biom_destroy,subroutine,plantapidata,APIData,f90src/APIData/PlantAPIData.F90,/Users/jinyuntang/work/github/ecosim_workspace/main/f90src/APIData/PlantAPIData.F90,1603,1670,subroutine plt_biom_destroy(this),False,False,0,0,
plantapidata::plt_soilchem_init@f90src/apidata/plantapidata.f90:1675,plt_soilchem_init,plantapidata::plt_soilchem_init,subroutine,plantapidata,APIData,f90src/APIData/PlantAPIData.F90,/Users/jinyuntang/work/github/ecosim_workspace/main/f90src/APIData/PlantAPIData.F90,1675,1712,subroutine  plt_soilchem_init(this),False,False,0,0,
plantapidata::plt_soilchem_destroy@f90src/apidata/plantapidata.f90:1715,plt_soilchem_destroy,plantapidata::plt_soilchem_destroy,subroutine,plantapidata,APIData,f90src/APIData/PlantAPIData.F90,/Users/jinyuntang/work/github/ecosim_workspace/main/f90src/APIData/PlantAPIData.F90,1715,1769,subroutine plt_soilchem_destroy(this),False,False,0,0,
plantapidata::initplantapidata@f90src/apidata/plantapidata.f90:1773,initplantapidata,plantapidata::initplantapidata,subroutine,plantapidata,APIData,f90src/APIData/PlantAPIData.F90,/Users/jinyuntang/work/github/ecosim_workspace/main/f90src/APIData/PlantAPIData.F90,1773,1821,subroutine InitPlantAPIData(),False,True,1,2,
plantapidata::initallocate@f90src/apidata/plantapidata.f90:1823,initallocate,plantapidata::initallocate,subroutine,plantapidata,APIData,f90src/APIData/PlantAPIData.F90,/Users/jinyuntang/work/github/ecosim_workspace/main/f90src/APIData/PlantAPIData.F90,1823,1827,subroutine InitAllocate(),False,True,1,0,
plantapidata::destructplantapidata@f90src/apidata/plantapidata.f90:1829,destructplantapidata,plantapidata::destructplantapidata,subroutine,plantapidata,APIData,f90src/APIData/PlantAPIData.F90,/Users/jinyuntang/work/github/ecosim_workspace/main/f90src/APIData/PlantAPIData.F90,1829,1856,subroutine DestructPlantAPIData,False,True,1,1,
plantapidata::plt_rad_init@f90src/apidata/plantapidata.f90:1859,plt_rad_init,plantapidata::plt_rad_init,subroutine,plantapidata,APIData,f90src/APIData/PlantAPIData.F90,/Users/jinyuntang/work/github/ecosim_workspace/main/f90src/APIData/PlantAPIData.F90,1859,1888,subroutine plt_rad_init(this),False,False,0,0,
plantapidata::plt_rad_destroy@f90src/apidata/plantapidata.f90:1890,plt_rad_destroy,plantapidata::plt_rad_destroy,subroutine,plantapidata,APIData,f90src/APIData/PlantAPIData.F90,/Users/jinyuntang/work/github/ecosim_workspace/main/f90src/APIData/PlantAPIData.F90,1890,1897,subroutine plt_rad_destroy(this),False,False,0,0,
plantapidata::plt_photo_init@f90src/apidata/plantapidata.f90:1901,plt_photo_init,plantapidata::plt_photo_init,subroutine,plantapidata,APIData,f90src/APIData/PlantAPIData.F90,/Users/jinyuntang/work/github/ecosim_workspace/main/f90src/APIData/PlantAPIData.F90,1901,1971,subroutine plt_photo_init(this),False,False,0,0,
plantapidata::plt_photo_destroy@f90src/apidata/plantapidata.f90:1974,plt_photo_destroy,plantapidata::plt_photo_destroy,subroutine,plantapidata,APIData,f90src/APIData/PlantAPIData.F90,/Users/jinyuntang/work/github/ecosim_workspace/main/f90src/APIData/PlantAPIData.F90,1974,1978,subroutine plt_photo_destroy(this),False,False,0,0,
plantapidata::plt_pheno_init@f90src/apidata/plantapidata.f90:1981,plt_pheno_init,plantapidata::plt_pheno_init,subroutine,plantapidata,APIData,f90src/APIData/PlantAPIData.F90,/Users/jinyuntang/work/github/ecosim_workspace/main/f90src/APIData/PlantAPIData.F90,1981,2066,subroutine plt_pheno_init(this),False,False,0,0,
plantapidata::plt_pheno_destroy@f90src/apidata/plantapidata.f90:2069,plt_pheno_destroy,plantapidata::plt_pheno_destroy,subroutine,plantapidata,APIData,f90src/APIData/PlantAPIData.F90,/Users/jinyuntang/work/github/ecosim_workspace/main/f90src/APIData/PlantAPIData.F90,2069,2074,subroutine plt_pheno_destroy(this),False,False,0,0,
plantapidata::plt_morph_init@f90src/apidata/plantapidata.f90:2077,plt_morph_init,plantapidata::plt_morph_init,subroutine,plantapidata,APIData,f90src/APIData/PlantAPIData.F90,/Users/jinyuntang/work/github/ecosim_workspace/main/f90src/APIData/PlantAPIData.F90,2077,2219,subroutine plt_morph_init(this),False,False,0,0,
plantapidata::plt_morph_destroy@f90src/apidata/plantapidata.f90:2223,plt_morph_destroy,plantapidata::plt_morph_destroy,subroutine,plantapidata,APIData,f90src/APIData/PlantAPIData.F90,/Users/jinyuntang/work/github/ecosim_workspace/main/f90src/APIData/PlantAPIData.F90,2223,2227,subroutine plt_morph_destroy(this),False,False,0,0,
geochemapi::solutemodel@f90src/apis/geochemapi.f90:23,solutemodel,geochemapi::solutemodel,subroutine,geochemapi,APIs,f90src/APIs/GeochemAPI.F90,/Users/jinyuntang/work/github/ecosim_workspace/main/f90src/APIs/GeochemAPI.F90,23,150,"subroutine soluteModel(I,J,NHW,NHE,NVN,NVS)",False,True,1,6,
geochemapi::geochemapisend@f90src/apis/geochemapi.f90:154,geochemapisend,geochemapi::geochemapisend,subroutine,geochemapi,APIs,f90src/APIs/GeochemAPI.F90,/Users/jinyuntang/work/github/ecosim_workspace/main/f90src/APIs/GeochemAPI.F90,154,256,"subroutine GeochemAPISend(L,NY,NX,chemvar,solflx)",False,True,1,0,
geochemapi::geochemapirecv@f90src/apis/geochemapi.f90:260,geochemapirecv,geochemapi::geochemapirecv,subroutine,geochemapi,APIs,f90src/APIs/GeochemAPI.F90,/Users/jinyuntang/work/github/ecosim_workspace/main/f90src/APIs/GeochemAPI.F90,260,369,"subroutine GeochemAPIRecv(L,NY,NX,solflx)",False,True,1,1,
micbgcapi::micapi_init@f90src/apis/micbgcapi.f90:56,micapi_init,micbgcapi::micapi_init,subroutine,micbgcapi,APIs,f90src/APIs/MicBGCAPI.F90,/Users/jinyuntang/work/github/ecosim_workspace/main/f90src/APIs/MicBGCAPI.F90,56,66,subroutine MicAPI_Init(),False,True,1,2,
micbgcapi::micapi_cleanup@f90src/apis/micbgcapi.f90:68,micapi_cleanup,micbgcapi::micapi_cleanup,subroutine,micbgcapi,APIs,f90src/APIs/MicBGCAPI.F90,/Users/jinyuntang/work/github/ecosim_workspace/main/f90src/APIs/MicBGCAPI.F90,68,78,subroutine MicAPI_cleanup(),False,True,1,1,
micbgcapi::microbemodel@f90src/apis/micbgcapi.f90:80,microbemodel,micbgcapi::microbemodel,subroutine,micbgcapi,APIs,f90src/APIs/MicBGCAPI.F90,/Users/jinyuntang/work/github/ecosim_workspace/main/f90src/APIs/MicBGCAPI.F90,80,137,"subroutine MicrobeModel(I,J,NHW,NHE,NVN,NVS)",False,True,1,5,
micbgcapi::micbgc1layer@f90src/apis/micbgcapi.f90:141,micbgc1layer,micbgcapi::micbgc1layer,subroutine,micbgcapi,APIs,f90src/APIs/MicBGCAPI.F90,/Users/jinyuntang/work/github/ecosim_workspace/main/f90src/APIs/MicBGCAPI.F90,141,154,"subroutine MicBGC1Layer(I,J,L,NY,NX)",False,True,1,3,
micbgcapi::micapisend@f90src/apis/micbgcapi.f90:157,micapisend,micbgcapi::micapisend,subroutine,micbgcapi,APIs,f90src/APIs/MicBGCAPI.F90,/Users/jinyuntang/work/github/ecosim_workspace/main/f90src/APIs/MicBGCAPI.F90,157,409,"subroutine MicAPISend(I,J,L,NY,NX,micfor,micstt,micflx)",False,True,1,1,
micbgcapi::micapirecv@f90src/apis/micbgcapi.f90:414,micapirecv,micbgcapi::micapirecv,subroutine,micbgcapi,APIs,f90src/APIs/MicBGCAPI.F90,/Users/jinyuntang/work/github/ecosim_workspace/main/f90src/APIs/MicBGCAPI.F90,414,597,"subroutine MicAPIRecv(I,J,L,NY,NX,micfor,micstt,micflx,naqfdiag,nmicdiag)",False,True,1,4,
micbgcapi::writeheader@f90src/apis/micbgcapi.f90:602,writeheader,micbgcapi::writeheader,subroutine,micbgcapi,APIs,f90src/APIs/MicBGCAPI.F90,/Users/jinyuntang/work/github/ecosim_workspace/main/f90src/APIs/MicBGCAPI.F90,602,605,subroutine WriteHeader(),False,True,1,0,
plantapi::plantapirecv@f90src/apis/plantapi.f90:48,plantapirecv,plantapi::plantapirecv,subroutine,plantapi,APIs,f90src/APIs/PlantAPI.F90,/Users/jinyuntang/work/github/ecosim_workspace/main/f90src/APIs/PlantAPI.F90,48,733,"subroutine PlantAPIRecv(I,J,NY,NX)",False,True,1,1,
plantapi::plantapisend@f90src/apis/plantapi.f90:738,plantapisend,plantapi::plantapisend,subroutine,plantapi,APIs,f90src/APIs/PlantAPI.F90,/Users/jinyuntang/work/github/ecosim_workspace/main/f90src/APIs/PlantAPI.F90,738,1547,"subroutine PlantAPISend(I,J,NY,NX)",False,True,1,2,
plantapi4uptake::plantuptakeapisend@f90src/apis/plantapi4uptake.f90:47,plantuptakeapisend,plantapi4uptake::plantuptakeapisend,subroutine,plantapi4uptake,APIs,f90src/APIs/PlantAPI4Uptake.F90,/Users/jinyuntang/work/github/ecosim_workspace/main/f90src/APIs/PlantAPI4Uptake.F90,47,215,"subroutine PlantUptakeAPISend(I,J,NY,NX)",False,True,1,0,
plantapi4uptake::plantuptakeapirecv@f90src/apis/plantapi4uptake.f90:218,plantuptakeapirecv,plantapi4uptake::plantuptakeapirecv,subroutine,plantapi4uptake,APIs,f90src/APIs/PlantAPI4Uptake.F90,/Users/jinyuntang/work/github/ecosim_workspace/main/f90src/APIs/PlantAPI4Uptake.F90,218,267,"subroutine PlantUPtakeAPIRecv(I,J,NY,NX)",False,True,1,0,
plantcanapi::plantapicanmsend@f90src/apis/plantcanapi.f90:46,plantapicanmsend,plantcanapi::plantapicanmsend,subroutine,plantcanapi,APIs,f90src/APIs/PlantCanAPI.F90,/Users/jinyuntang/work/github/ecosim_workspace/main/f90src/APIs/PlantCanAPI.F90,46,183,"subroutine PlantAPICanMSend(NY,NX)",False,True,1,0,
plantcanapi::plantapicanmrecv@f90src/apis/plantcanapi.f90:187,plantapicanmrecv,plantcanapi::plantapicanmrecv,subroutine,plantcanapi,APIs,f90src/APIs/PlantCanAPI.F90,/Users/jinyuntang/work/github/ecosim_workspace/main/f90src/APIs/PlantCanAPI.F90,187,257,"subroutine PlantAPICanMRecv(NY,NX)",False,True,1,0,
plantmod::plantmodel@f90src/apis/plantmod.f90:33,plantmodel,plantmod::plantmodel,subroutine,plantmod,APIs,f90src/APIs/PlantMod.F90,/Users/jinyuntang/work/github/ecosim_workspace/main/f90src/APIs/PlantMod.F90,33,95,"subroutine PlantModel(yearIJ,NHW,NHE,NVN,NVS)",False,True,2,13,
plantmod::plantcanopyradsmodel@f90src/apis/plantmod.f90:115,plantcanopyradsmodel,plantmod::plantcanopyradsmodel,subroutine,plantmod,APIs,f90src/APIs/PlantMod.F90,/Users/jinyuntang/work/github/ecosim_workspace/main/f90src/APIs/PlantMod.F90,115,128,"subroutine PlantCanopyRadsModel(I,J,NY,NX,DepthSurfWatIce)",False,True,2,3,
atscplmod::ats2ecosimdata@f90src/atsutils/atscplmod.f90:29,ats2ecosimdata,atscplmod::ats2ecosimdata,subroutine,atscplmod,ATSUtils,f90src/ATSUtils/ATSCPLMod.F90,/Users/jinyuntang/work/github/ecosim_workspace/main/f90src/ATSUtils/ATSCPLMod.F90,29,240,"subroutine ATS2EcoSIMData(ncol, state, props, sizes)",False,False,2,1,
atscplmod::ecosim2atsdata@f90src/atsutils/atscplmod.f90:243,ecosim2atsdata,atscplmod::ecosim2atsdata,subroutine,atscplmod,ATSUtils,f90src/ATSUtils/ATSCPLMod.F90,/Users/jinyuntang/work/github/ecosim_workspace/main/f90src/ATSUtils/ATSCPLMod.F90,243,308,"subroutine EcoSIM2ATSData(ncol, state, sizes)",False,False,2,1,
atscplmod::run_ecosim_one_step@f90src/atsutils/atscplmod.f90:312,run_ecosim_one_step,atscplmod::run_ecosim_one_step,subroutine,atscplmod,ATSUtils,f90src/ATSUtils/ATSCPLMod.F90,/Users/jinyuntang/work/github/ecosim_workspace/main/f90src/ATSUtils/ATSCPLMod.F90,312,323,subroutine Run_EcoSIM_one_step(sizes),False,False,1,1,
atscplmod::init_ecosim@f90src/atsutils/atscplmod.f90:326,init_ecosim,atscplmod::init_ecosim,subroutine,atscplmod,ATSUtils,f90src/ATSUtils/ATSCPLMod.F90,/Users/jinyuntang/work/github/ecosim_workspace/main/f90src/ATSUtils/ATSCPLMod.F90,326,339,subroutine Init_EcoSIM(sizes),False,False,1,2,
atscplmod::surfaceebalance@f90src/atsutils/atscplmod.f90:342,surfaceebalance,atscplmod::surfaceebalance,subroutine,atscplmod,ATSUtils,f90src/ATSUtils/ATSCPLMod.F90,/Users/jinyuntang/work/github/ecosim_workspace/main/f90src/ATSUtils/ATSCPLMod.F90,342,355,subroutine SurfaceEBalance(sizes),False,False,1,1,
atscplmod::setbgcsizes@f90src/atsutils/atscplmod.f90:359,setbgcsizes,atscplmod::setbgcsizes,subroutine,atscplmod,ATSUtils,f90src/ATSUtils/ATSCPLMod.F90,/Users/jinyuntang/work/github/ecosim_workspace/main/f90src/ATSUtils/ATSCPLMod.F90,359,372,subroutine SetBGCSizes(sizes),False,False,0,0,
atsecosimadvancemod::runecosimsurfacebalance@f90src/atsutils/atsecosimadvancemod.f90:45,runecosimsurfacebalance,atsecosimadvancemod::runecosimsurfacebalance,subroutine,atsecosimadvancemod,ATSUtils,f90src/ATSUtils/ATSEcoSIMAdvanceMod.F90,/Users/jinyuntang/work/github/ecosim_workspace/main/f90src/ATSUtils/ATSEcoSIMAdvanceMod.F90,45,380,subroutine RunEcoSIMSurfaceBalance(NYS),False,False,1,13,
atsecosiminitmod::init_ecosim_soil@f90src/atsutils/atsecosiminitmod.f90:31,init_ecosim_soil,atsecosiminitmod::init_ecosim_soil,subroutine,atsecosiminitmod,ATSUtils,f90src/ATSUtils/ATSEcoSIMInitMod.F90,/Users/jinyuntang/work/github/ecosim_workspace/main/f90src/ATSUtils/ATSEcoSIMInitMod.F90,31,155,subroutine Init_EcoSIM_Soil(NYS),False,False,1,5,
atsutilsmod::computedatefromats@f90src/atsutils/atsutilsmod.f90:17,computedatefromats,atsutilsmod::computedatefromats,subroutine,atsutilsmod,ATSUtils,f90src/ATSUtils/ATSUtilsMod.F90,/Users/jinyuntang/work/github/ecosim_workspace/main/f90src/ATSUtils/ATSUtilsMod.F90,17,46,"subroutine ComputeDatefromATS(current_day, current_year, current_month, day_of_month, total_days_in_month)",False,False,1,0,
shareddatamod::initshareddata@f90src/atsutils/shareddatamod.f90:88,initshareddata,shareddatamod::initshareddata,subroutine,shareddatamod,ATSUtils,f90src/ATSUtils/SharedDataMod.F90,/Users/jinyuntang/work/github/ecosim_workspace/main/f90src/ATSUtils/SharedDataMod.F90,88,170,"subroutine InitSharedData(ncells_per_col_,ncol)",False,False,1,0,
shareddatamod::destroyshareddata@f90src/atsutils/shareddatamod.f90:174,destroyshareddata,shareddatamod::destroyshareddata,subroutine,shareddatamod,ATSUtils,f90src/ATSUtils/SharedDataMod.F90,/Users/jinyuntang/work/github/ecosim_workspace/main/f90src/ATSUtils/SharedDataMod.F90,174,207,subroutine DestroySharedData(),False,False,0,1,
c_f_interface_module::c_f_string_ptr@f90src/atsutils/c_f_interface_module.f90:49,c_f_string_ptr,c_f_interface_module::c_f_string_ptr,subroutine,c_f_interface_module,ATSUtils,f90src/ATSUtils/c_f_interface_module.F90,/Users/jinyuntang/work/github/ecosim_workspace/main/f90src/ATSUtils/c_f_interface_module.F90,49,72,"subroutine c_f_string_ptr(c_string_ptr, f_string)",False,False,0,1,
c_f_interface_module::c_f_string_chars@f90src/atsutils/c_f_interface_module.f90:74,c_f_string_chars,c_f_interface_module::c_f_string_chars,subroutine,c_f_interface_module,ATSUtils,f90src/ATSUtils/c_f_interface_module.F90,/Users/jinyuntang/work/github/ecosim_workspace/main/f90src/ATSUtils/c_f_interface_module.F90,74,91,"subroutine c_f_string_chars(c_string_chars, f_string)",False,False,0,0,
c_f_interface_module::f_c_string_ptr@f90src/atsutils/c_f_interface_module.f90:93,f_c_string_ptr,c_f_interface_module::f_c_string_ptr,subroutine,c_f_interface_module,ATSUtils,f90src/ATSUtils/c_f_interface_module.F90,/Users/jinyuntang/work/github/ecosim_workspace/main/f90src/ATSUtils/c_f_interface_module.F90,93,117,"subroutine f_c_string_ptr(f_string, c_string_ptr, c_string_len)",False,False,0,1,
c_f_interface_module::f_c_string_chars@f90src/atsutils/c_f_interface_module.f90:119,f_c_string_chars,c_f_interface_module::f_c_string_chars,subroutine,c_f_interface_module,ATSUtils,f90src/ATSUtils/c_f_interface_module.F90,/Users/jinyuntang/work/github/ecosim_workspace/main/f90src/ATSUtils/c_f_interface_module.F90,119,139,"subroutine f_c_string_chars(f_string, c_string_chars, c_string_len)",False,False,0,0,
c_f_interface_module::caseinsensitivestrcmp@f90src/atsutils/c_f_interface_module.f90:142,caseinsensitivestrcmp,c_f_interface_module::caseinsensitivestrcmp,function,c_f_interface_module,ATSUtils,f90src/ATSUtils/c_f_interface_module.F90,/Users/jinyuntang/work/github/ecosim_workspace/main/f90src/ATSUtils/c_f_interface_module.F90,142,173,"function CaseInsensitiveStrcmp(str1, str2)",False,False,0,1,
c_f_interface_module::to_lower@f90src/atsutils/c_f_interface_module.f90:176,to_lower,c_f_interface_module::to_lower,subroutine,c_f_interface_module,ATSUtils,f90src/ATSUtils/c_f_interface_module.F90,/Users/jinyuntang/work/github/ecosim_workspace/main/f90src/ATSUtils/c_f_interface_module.F90,176,185,subroutine To_lower(str),False,False,1,0,
external-scope::ecosim_datatest@f90src/atsutils/ecosim_wrappers.f90:33,ecosim_datatest,ecosim_datatest,subroutine,,ATSUtils,f90src/ATSUtils/ecosim_wrappers.F90,/Users/jinyuntang/work/github/ecosim_workspace/main/f90src/ATSUtils/ecosim_wrappers.F90,33,40,subroutine EcoSIM_DataTest() bind(c),False,False,0,0,
external-scope::ecosim_setup@f90src/atsutils/ecosim_wrappers.f90:44,ecosim_setup,ecosim_setup,subroutine,,ATSUtils,f90src/ATSUtils/ecosim_wrappers.F90,/Users/jinyuntang/work/github/ecosim_workspace/main/f90src/ATSUtils/ecosim_wrappers.F90,44,70,"subroutine EcoSIM_Setup(properties, state, sizes, num_iterations, num_columns, ncells_per_col_) bind(C)",False,False,0,3,
external-scope::ecosim_shutdown@f90src/atsutils/ecosim_wrappers.f90:74,ecosim_shutdown,ecosim_shutdown,subroutine,,ATSUtils,f90src/ATSUtils/ecosim_wrappers.F90,/Users/jinyuntang/work/github/ecosim_workspace/main/f90src/ATSUtils/ecosim_wrappers.F90,74,93,subroutine EcoSIM_Shutdown() bind(C),False,False,0,0,
external-scope::ecosim_advance@f90src/atsutils/ecosim_wrappers.f90:97,ecosim_advance,ecosim_advance,subroutine,,ATSUtils,f90src/ATSUtils/ecosim_wrappers.F90,/Users/jinyuntang/work/github/ecosim_workspace/main/f90src/ATSUtils/ecosim_wrappers.F90,97,126,"subroutine EcoSIM_Advance( delta_t, properties, state, sizes, num_iterations, num_columns) bind(C)",False,False,0,3,
erosionbalmod::sinksediments@f90src/balances/erosionbalmod.f90:28,sinksediments,erosionbalmod::sinksediments,subroutine,erosionbalmod,Balances,f90src/Balances/ErosionBalMod.F90,/Users/jinyuntang/work/github/ecosim_workspace/main/f90src/Balances/ErosionBalMod.F90,28,204,"subroutine SinkSediments(NY,NX)",False,True,1,2,
erosionbalmod::zeroerosionarray@f90src/balances/erosionbalmod.f90:207,zeroerosionarray,erosionbalmod::zeroerosionarray,subroutine,erosionbalmod,Balances,f90src/Balances/ErosionBalMod.F90,/Users/jinyuntang/work/github/ecosim_workspace/main/f90src/Balances/ErosionBalMod.F90,207,236,"subroutine ZeroErosionArray(NY,NX)",False,True,1,0,
lateraltranspmod::xgridtranspt@f90src/balances/lateraltranspmod.f90:39,xgridtranspt,lateraltranspmod::xgridtranspt,subroutine,lateraltranspmod,Balances,f90src/Balances/LateralTranspMod.F90,/Users/jinyuntang/work/github/ecosim_workspace/main/f90src/Balances/LateralTranspMod.F90,39,105,"subroutine XGridTranspt(I,J,NY,NX,LG)",False,True,1,5,
lateraltranspmod::zerofluxarrays@f90src/balances/lateraltranspmod.f90:110,zerofluxarrays,lateraltranspmod::zerofluxarrays,subroutine,lateraltranspmod,Balances,f90src/Balances/LateralTranspMod.F90,/Users/jinyuntang/work/github/ecosim_workspace/main/f90src/Balances/LateralTranspMod.F90,110,121,"subroutine ZeroFluxArrays(NY,NX)",False,True,1,1,
lateraltranspmod::zerofluxaccumulators@f90src/balances/lateraltranspmod.f90:125,zerofluxaccumulators,lateraltranspmod::zerofluxaccumulators,subroutine,lateraltranspmod,Balances,f90src/Balances/LateralTranspMod.F90,/Users/jinyuntang/work/github/ecosim_workspace/main/f90src/Balances/LateralTranspMod.F90,125,144,"subroutine ZeroFluxAccumulators(NY,NX)",False,True,1,0,
lateraltranspmod::sumsedmenttranspflux@f90src/balances/lateraltranspmod.f90:149,sumsedmenttranspflux,lateraltranspmod::sumsedmenttranspflux,subroutine,lateraltranspmod,Balances,f90src/Balances/LateralTranspMod.F90,/Users/jinyuntang/work/github/ecosim_workspace/main/f90src/Balances/LateralTranspMod.F90,149,369,"subroutine SumSedmentTranspFlux(N,N1,N2,N4,N5,N4B,N5B)",False,True,1,1,
lateraltranspmod::flowxgrids@f90src/balances/lateraltranspmod.f90:372,flowxgrids,lateraltranspmod::flowxgrids,subroutine,lateraltranspmod,Balances,f90src/Balances/LateralTranspMod.F90,/Users/jinyuntang/work/github/ecosim_workspace/main/f90src/Balances/LateralTranspMod.F90,372,433,"subroutine FlowXGrids(I,J,N,N1,N2,N3,N4,N5,N60)",False,True,1,1,
redistdatamod::inittflxtype@f90src/balances/redistdatamod.f90:68,inittflxtype,redistdatamod::inittflxtype,subroutine,redistdatamod,Balances,f90src/Balances/RedistDataMod.F90,/Users/jinyuntang/work/github/ecosim_workspace/main/f90src/Balances/RedistDataMod.F90,68,121,subroutine InitTflxType(),False,True,1,0,
redistdatamod::destructtflxtype@f90src/balances/redistdatamod.f90:126,destructtflxtype,redistdatamod::destructtflxtype,subroutine,redistdatamod,Balances,f90src/Balances/RedistDataMod.F90,/Users/jinyuntang/work/github/ecosim_workspace/main/f90src/Balances/RedistDataMod.F90,126,178,subroutine DestructTflxType,False,False,0,1,
redistmod::initredist@f90src/balances/redistmod.f90:62,initredist,redistmod::initredist,subroutine,redistmod,Balances,f90src/Balances/RedistMod.F90,/Users/jinyuntang/work/github/ecosim_workspace/main/f90src/Balances/RedistMod.F90,62,71,subroutine InitRedist,False,True,1,1,
redistmod::redist@f90src/balances/redistmod.f90:75,redist,redistmod::redist,subroutine,redistmod,Balances,f90src/Balances/RedistMod.F90,/Users/jinyuntang/work/github/ecosim_workspace/main/f90src/Balances/RedistMod.F90,75,155,"SUBROUTINE redist(I,J,NHW,NHE,NVN,NVS)",False,True,1,15,
redistmod::updateoutputvars@f90src/balances/redistmod.f90:159,updateoutputvars,redistmod::updateoutputvars,subroutine,redistmod,Balances,f90src/Balances/RedistMod.F90,/Users/jinyuntang/work/github/ecosim_workspace/main/f90src/Balances/RedistMod.F90,159,273,"subroutine UpdateOutputVars(I,J,NY,NX,Txchem_CO2_col)",False,True,1,4,
redistmod::modifyexwtblbydisturbance@f90src/balances/redistmod.f90:278,modifyexwtblbydisturbance,redistmod::modifyexwtblbydisturbance,subroutine,redistmod,Balances,f90src/Balances/RedistMod.F90,/Users/jinyuntang/work/github/ecosim_workspace/main/f90src/Balances/RedistMod.F90,278,342,"subroutine ModifyExWTBLByDisturbance(I,J,NY,NX)",False,True,1,1,
redistmod::updatesurfacetracers@f90src/balances/redistmod.f90:344,updatesurfacetracers,redistmod::updatesurfacetracers,subroutine,redistmod,Balances,f90src/Balances/RedistMod.F90,/Users/jinyuntang/work/github/ecosim_workspace/main/f90src/Balances/RedistMod.F90,344,372,"subroutine UpdateSurfaceTracers(I,J,NY,NX)",False,True,1,1,
redistmod::handlesurfaceboundary@f90src/balances/redistmod.f90:375,handlesurfaceboundary,redistmod::handlesurfaceboundary,subroutine,redistmod,Balances,f90src/Balances/RedistMod.F90,/Users/jinyuntang/work/github/ecosim_workspace/main/f90src/Balances/RedistMod.F90,375,556,"subroutine HandleSurfaceBoundary(I,J,NY,NX)",False,True,1,3,
redistmod::soilerosion@f90src/balances/redistmod.f90:560,soilerosion,redistmod::soilerosion,subroutine,redistmod,Balances,f90src/Balances/RedistMod.F90,/Users/jinyuntang/work/github/ecosim_workspace/main/f90src/Balances/RedistMod.F90,560,664,"subroutine SoilErosion(NY,NX,DORGE_col)",False,True,1,1,
redistmod::litterlayersummary@f90src/balances/redistmod.f90:668,litterlayersummary,redistmod::litterlayersummary,subroutine,redistmod,Balances,f90src/Balances/RedistMod.F90,/Users/jinyuntang/work/github/ecosim_workspace/main/f90src/Balances/RedistMod.F90,668,746,"subroutine LitterLayerSummary(I,J,NY,NX)",False,True,1,6,
redistmod::diagsurflitrlayersalt@f90src/balances/redistmod.f90:749,diagsurflitrlayersalt,redistmod::diagsurflitrlayersalt,subroutine,redistmod,Balances,f90src/Balances/RedistMod.F90,/Users/jinyuntang/work/github/ecosim_workspace/main/f90src/Balances/RedistMod.F90,749,773,"subroutine DiagSurfLitRLayerSalt(NY,NX,TDisolPi_lnd)",False,True,1,0,
redistmod::updatetsoilvsmprofile@f90src/balances/redistmod.f90:775,updatetsoilvsmprofile,redistmod::updatetsoilvsmprofile,subroutine,redistmod,Balances,f90src/Balances/RedistMod.F90,/Users/jinyuntang/work/github/ecosim_workspace/main/f90src/Balances/RedistMod.F90,775,893,"subroutine UpdateTSoilVSMProfile(I,J,NY,NX,VOLISO)",False,True,1,3,
redistmod::updatecheminsoillays@f90src/balances/redistmod.f90:895,updatecheminsoillays,redistmod::updatecheminsoillays,subroutine,redistmod,Balances,f90src/Balances/RedistMod.F90,/Users/jinyuntang/work/github/ecosim_workspace/main/f90src/Balances/RedistMod.F90,895,1132,"subroutine UpdateChemInSoilLays(I,J,NY,NX,LG,DORGC,Txchem_CO2_col,DORGE_col)",False,True,1,4,
redistmod::updatesaltioninsoillayers@f90src/balances/redistmod.f90:1135,updatesaltioninsoillayers,redistmod::updatesaltioninsoillayers,subroutine,redistmod,Balances,f90src/Balances/RedistMod.F90,/Users/jinyuntang/work/github/ecosim_workspace/main/f90src/Balances/RedistMod.F90,1135,1240,"subroutine UpdateSaltIonInSoilLayers(L,NY,NX,TDisolPi_lnd)",False,True,1,0,
redistmod::sumomstates@f90src/balances/redistmod.f90:1243,sumomstates,redistmod::sumomstates,subroutine,redistmod,Balances,f90src/Balances/RedistMod.F90,/Users/jinyuntang/work/github/ecosim_workspace/main/f90src/Balances/RedistMod.F90,1243,1301,"subroutine SumOMStates(L,NY,NX,DORGCL,DORGEC)",False,True,1,4,
redistmod::addflux2surfaceresidue@f90src/balances/redistmod.f90:1305,addflux2surfaceresidue,redistmod::addflux2surfaceresidue,subroutine,redistmod,Balances,f90src/Balances/RedistMod.F90,/Users/jinyuntang/work/github/ecosim_workspace/main/f90src/Balances/RedistMod.F90,1305,1365,"subroutine AddFlux2SurfaceResidue(I,J,NY,NX)",False,True,1,5,
redistmod::sumsurfmicbgcfluxes@f90src/balances/redistmod.f90:1369,sumsurfmicbgcfluxes,redistmod::sumsurfmicbgcfluxes,subroutine,redistmod,Balances,f90src/Balances/RedistMod.F90,/Users/jinyuntang/work/github/ecosim_workspace/main/f90src/Balances/RedistMod.F90,1369,1450,"subroutine SumSurfMicBGCFluxes(I,J,NY,NX)",False,True,1,0,
redistmod::summicbgcfluxes@f90src/balances/redistmod.f90:1454,summicbgcfluxes,redistmod::summicbgcfluxes,subroutine,redistmod,Balances,f90src/Balances/RedistMod.F90,/Users/jinyuntang/work/github/ecosim_workspace/main/f90src/Balances/RedistMod.F90,1454,1499,"subroutine SumMicBGCFluxes(L,NY,NX)",False,True,1,0,
runoffbalmod::xgridboundsolutesrunoff@f90src/balances/runoffbalmod.f90:31,xgridboundsolutesrunoff,runoffbalmod::xgridboundsolutesrunoff,subroutine,runoffbalmod,Balances,f90src/Balances/RunoffBalMod.F90,/Users/jinyuntang/work/github/ecosim_workspace/main/f90src/Balances/RunoffBalMod.F90,31,117,"subroutine XGridBoundSolutesRunoff(I,J,NY,NX,NHW,NHE,NVN,NVS)",False,False,0,3,
runoffbalmod::xboundarysurfrunoffs@f90src/balances/runoffbalmod.f90:121,xboundarysurfrunoffs,runoffbalmod::xboundarysurfrunoffs,subroutine,runoffbalmod,Balances,f90src/Balances/RunoffBalMod.F90,/Users/jinyuntang/work/github/ecosim_workspace/main/f90src/Balances/RunoffBalMod.F90,121,403,"subroutine XBoundarySurfRunoffs(I,J,L,N,NY,NX,N1,N2,N4,N5,NN,XN,CXR,ZXR,PXR,ZGR)",False,False,1,1,
runoffbalmod::xboundarysubsurfrunoffs@f90src/balances/runoffbalmod.f90:406,xboundarysubsurfrunoffs,runoffbalmod::xboundarysubsurfrunoffs,subroutine,runoffbalmod,Balances,f90src/Balances/RunoffBalMod.F90,/Users/jinyuntang/work/github/ecosim_workspace/main/f90src/Balances/RunoffBalMod.F90,406,624,"subroutine XBoundarySubSurfRunoffs(I,J,N,NY,NX,N1,N2,N4,N5,N6,XN)",False,False,1,0,
runoffbalmod::waterheatsolutebysnowdrift@f90src/balances/runoffbalmod.f90:628,waterheatsolutebysnowdrift,runoffbalmod::waterheatsolutebysnowdrift,subroutine,runoffbalmod,Balances,f90src/Balances/RunoffBalMod.F90,/Users/jinyuntang/work/github/ecosim_workspace/main/f90src/Balances/RunoffBalMod.F90,628,694,"subroutine WaterHeatSoluteBySnowDrift(N,NN,N4,N5,NY,NX,CXR,ZXR,PXR,ZGR,XN)",False,False,1,1,
soillayerdynmod::updatesoilgrids@f90src/balances/soillayerdynmod.f90:63,updatesoilgrids,soillayerdynmod::updatesoilgrids,subroutine,soillayerdynmod,Balances,f90src/Balances/SoilLayerDynMod.F90,/Users/jinyuntang/work/github/ecosim_workspace/main/f90src/Balances/SoilLayerDynMod.F90,63,247,"subroutine UpdateSoilGrids(I,J,NY,NX,DORGC_vr,DVLiceMicP_vr)",False,True,1,15,
soillayerdynmod::removenullpondlayer@f90src/balances/soillayerdynmod.f90:249,removenullpondlayer,soillayerdynmod::removenullpondlayer,subroutine,soillayerdynmod,Balances,f90src/Balances/SoilLayerDynMod.F90,/Users/jinyuntang/work/github/ecosim_workspace/main/f90src/Balances/SoilLayerDynMod.F90,249,301,"subroutine  RemoveNullPondLayer(I,J,NY,NX,IFLGL,NU_old)",False,True,1,3,
soillayerdynmod::displacecurrlayeredges@f90src/balances/soillayerdynmod.f90:303,displacecurrlayeredges,soillayerdynmod::displacecurrlayeredges,subroutine,soillayerdynmod,Balances,f90src/Balances/SoilLayerDynMod.F90,/Users/jinyuntang/work/github/ecosim_workspace/main/f90src/Balances/SoilLayerDynMod.F90,303,356,"subroutine DisplaceCurrLayerEdges(I,J,LX,NY,NX,DVLiceMicP_vr,DORGC_vr,DDLYTop_vr,DDLYBot_vr,IFLGL)",False,True,1,6,
soillayerdynmod::sombgcsoiledgechange@f90src/balances/soillayerdynmod.f90:359,sombgcsoiledgechange,soillayerdynmod::sombgcsoiledgechange,subroutine,soillayerdynmod,Balances,f90src/Balances/SoilLayerDynMod.F90,/Users/jinyuntang/work/github/ecosim_workspace/main/f90src/Balances/SoilLayerDynMod.F90,359,416,"subroutine SOMBGCSoilEdgeChange(I,J,LX,NY,NX,DORGC_vr,DDLYTop_vr,DDLYBot_vr,IFLGL)",False,True,1,1,
soillayerdynmod::erosionsoiledgechange@f90src/balances/soillayerdynmod.f90:419,erosionsoiledgechange,soillayerdynmod::erosionsoiledgechange,subroutine,soillayerdynmod,Balances,f90src/Balances/SoilLayerDynMod.F90,/Users/jinyuntang/work/github/ecosim_workspace/main/f90src/Balances/SoilLayerDynMod.F90,419,459,"subroutine ErosionSoilEdgeChange(I,J,LX,NY,NX,DDLYTop_vr,DDLYBot_vr,IFLGL)",False,True,1,1,
soillayerdynmod::freezethawsoiledgechange@f90src/balances/soillayerdynmod.f90:462,freezethawsoiledgechange,soillayerdynmod::freezethawsoiledgechange,subroutine,soillayerdynmod,Balances,f90src/Balances/SoilLayerDynMod.F90,/Users/jinyuntang/work/github/ecosim_workspace/main/f90src/Balances/SoilLayerDynMod.F90,462,531,"subroutine FreezeThawSoilEdgeChange(I,J,LX,NY,NX,DVLiceMicP_vr,DDLYTop_vr,DDLYBot_vr,IFLGL)",False,True,1,2,
soillayerdynmod::computepondedgechange@f90src/balances/soillayerdynmod.f90:534,computepondedgechange,soillayerdynmod::computepondedgechange,subroutine,soillayerdynmod,Balances,f90src/Balances/SoilLayerDynMod.F90,/Users/jinyuntang/work/github/ecosim_workspace/main/f90src/Balances/SoilLayerDynMod.F90,534,604,"subroutine ComputePondEdgeChange(I,J,LX,NY,NX,DDLYTop_vr,DDLYBot_vr,IFLGL)",False,True,1,2,
soillayerdynmod::updatelayeredges@f90src/balances/soillayerdynmod.f90:607,updatelayeredges,soillayerdynmod::updatelayeredges,subroutine,soillayerdynmod,Balances,f90src/Balances/SoilLayerDynMod.F90,/Users/jinyuntang/work/github/ecosim_workspace/main/f90src/Balances/SoilLayerDynMod.F90,607,744,"subroutine UpdateLayerEdges(I,J,NY,NX,DORGC_vr,DVLiceMicP_vr,SoilLayBotEdgeLocOld_vr,SoilLayBotEdgeLocNew_vr,IFLGL)",False,True,1,3,
soillayerdynmod::computelayerallocfs@f90src/balances/soillayerdynmod.f90:748,computelayerallocfs,soillayerdynmod::computelayerallocfs,subroutine,soillayerdynmod,Balances,f90src/Balances/SoilLayerDynMod.F90,/Users/jinyuntang/work/github/ecosim_workspace/main/f90src/Balances/SoilLayerDynMod.F90,748,841,"subroutine ComputeLayerAllocFs(I,J,L,NN,NY,NX,NUX,DDLYRX,IFLGL,FX,FO,L_donor,L_rcept)",False,True,1,1,
soillayerdynmod::diaginnerlayerthickchange@f90src/balances/soillayerdynmod.f90:844,diaginnerlayerthickchange,soillayerdynmod::diaginnerlayerthickchange,subroutine,soillayerdynmod,Balances,f90src/Balances/SoilLayerDynMod.F90,/Users/jinyuntang/work/github/ecosim_workspace/main/f90src/Balances/SoilLayerDynMod.F90,844,940,"subroutine DiagInnerLayerThickChange(I,J,L,NY,NX,SoilLayBotEdgeLocOld_vr,IFLGLWat,ICHKL,NUX,SoilLayBotEdgeLocNew_vr,DDLYRXNN,DDLYRY,XVOLWP)",False,True,1,2,
soillayerdynmod::diagpondtopthickchange@f90src/balances/soillayerdynmod.f90:942,diagpondtopthickchange,soillayerdynmod::diagpondtopthickchange,subroutine,soillayerdynmod,Balances,f90src/Balances/SoilLayerDynMod.F90,/Users/jinyuntang/work/github/ecosim_workspace/main/f90src/Balances/SoilLayerDynMod.F90,942,1053,"subroutine DiagPondTopThickChange(I,J,L,NN,NY,NX,NUX,SoilLayBotEdgeLocNew_vr,IFLGL,DDLYRX,XVOLWP)",False,True,1,2,
soillayerdynmod::updatelayermaterials@f90src/balances/soillayerdynmod.f90:1056,updatelayermaterials,soillayerdynmod::updatelayermaterials,subroutine,soillayerdynmod,Balances,f90src/Balances/SoilLayerDynMod.F90,/Users/jinyuntang/work/github/ecosim_workspace/main/f90src/Balances/SoilLayerDynMod.F90,1056,1452,"subroutine UpdateLayerMaterials(L,L0,L1,NY,NX,FX,FY,IFLGL)",False,True,2,3,
soillayerdynmod::movesom@f90src/balances/soillayerdynmod.f90:1456,movesom,soillayerdynmod::movesom,subroutine,soillayerdynmod,Balances,f90src/Balances/SoilLayerDynMod.F90,/Users/jinyuntang/work/github/ecosim_workspace/main/f90src/Balances/SoilLayerDynMod.F90,1456,1675,"subroutine MoveSOM(L0,L1,L,NY,NX,FO,IFLGL)",False,True,1,1,
soillayerdynmod::movemacporesolute@f90src/balances/soillayerdynmod.f90:1678,movemacporesolute,soillayerdynmod::movemacporesolute,subroutine,soillayerdynmod,Balances,f90src/Balances/SoilLayerDynMod.F90,/Users/jinyuntang/work/github/ecosim_workspace/main/f90src/Balances/SoilLayerDynMod.F90,1678,1710,"subroutine MoveMacPoreSolute(L0,L1,NY,NX,FHO)",False,True,1,0,
soillayerdynmod::movebandsolute@f90src/balances/soillayerdynmod.f90:1714,movebandsolute,soillayerdynmod::movebandsolute,subroutine,soillayerdynmod,Balances,f90src/Balances/SoilLayerDynMod.F90,/Users/jinyuntang/work/github/ecosim_workspace/main/f90src/Balances/SoilLayerDynMod.F90,1714,1775,"subroutine MoveBandSolute(L,L0,L1,NY,NX,FX,FWO,FO)",False,True,1,0,
soillayerdynmod::movedisolvgas@f90src/balances/soillayerdynmod.f90:1780,movedisolvgas,soillayerdynmod::movedisolvgas,subroutine,soillayerdynmod,Balances,f90src/Balances/SoilLayerDynMod.F90,/Users/jinyuntang/work/github/ecosim_workspace/main/f90src/Balances/SoilLayerDynMod.F90,1780,1800,"Subroutine MoveDisolvGas(L0,L1,NY,NX,FX,FWO)",False,True,1,0,
soillayerdynmod::movefertsalt@f90src/balances/soillayerdynmod.f90:1804,movefertsalt,soillayerdynmod::movefertsalt,subroutine,soillayerdynmod,Balances,f90src/Balances/SoilLayerDynMod.F90,/Users/jinyuntang/work/github/ecosim_workspace/main/f90src/Balances/SoilLayerDynMod.F90,1804,1853,"subroutine MoveFertSalt(L,L0,L1,NY,NX,FX,FWO)",False,True,1,0,
soillayerdynmod::movefertminerals@f90src/balances/soillayerdynmod.f90:1857,movefertminerals,soillayerdynmod::movefertminerals,subroutine,soillayerdynmod,Balances,f90src/Balances/SoilLayerDynMod.F90,/Users/jinyuntang/work/github/ecosim_workspace/main/f90src/Balances/SoilLayerDynMod.F90,1857,1999,"subroutine MoveFertMinerals(L,L0,L1,NY,NX,FX,FO)",False,True,1,0,
soillayerdynmod::moveheatwat@f90src/balances/soillayerdynmod.f90:2003,moveheatwat,soillayerdynmod::moveheatwat,subroutine,soillayerdynmod,Balances,f90src/Balances/SoilLayerDynMod.F90,/Users/jinyuntang/work/github/ecosim_workspace/main/f90src/Balances/SoilLayerDynMod.F90,2003,2076,"subroutine MoveHeatWat(I,J,L,L0,L1,NY,NX,FO,FX,XVOLWP,FWO)",False,True,1,1,
tillagemixmod::applytillagemixing@f90src/balances/tillagemixmod.f90:36,applytillagemixing,tillagemixmod::applytillagemixing,subroutine,tillagemixmod,Balances,f90src/Balances/TillageMixMod.F90,/Users/jinyuntang/work/github/ecosim_workspace/main/f90src/Balances/TillageMixMod.F90,36,356,"subroutine ApplyTillageMixing(I,J,NY,NX)",False,True,1,9,
tillagemixmod::mixsolutemacpore@f90src/balances/tillagemixmod.f90:361,mixsolutemacpore,tillagemixmod::mixsolutemacpore,subroutine,tillagemixmod,Balances,f90src/Balances/TillageMixMod.F90,/Users/jinyuntang/work/github/ecosim_workspace/main/f90src/Balances/TillageMixMod.F90,361,378,"subroutine MixSoluteMacpore(L,NY,NX)",False,True,1,0,
tillagemixmod::mix1d@f90src/balances/tillagemixmod.f90:381,mix1d,tillagemixmod::mix1d,subroutine,tillagemixmod,Balances,f90src/Balances/TillageMixMod.F90,/Users/jinyuntang/work/github/ecosim_workspace/main/f90src/Balances/TillageMixMod.F90,381,421,"subroutine Mix1D(xdCorp,TI,FI,NU,LL,mass1d,XCORP0)",False,True,1,0,
tillagemixmod::mix2d@f90src/balances/tillagemixmod.f90:425,mix2d,tillagemixmod::mix2d,subroutine,tillagemixmod,Balances,f90src/Balances/TillageMixMod.F90,/Users/jinyuntang/work/github/ecosim_workspace/main/f90src/Balances/TillageMixMod.F90,425,477,"subroutine Mix2D(xdCorp,TI,FI,NU,LL,mass2d,XCORP0,name)",False,True,1,0,
tillagemixmod::mix3d@f90src/balances/tillagemixmod.f90:481,mix3d,tillagemixmod::mix3d,subroutine,tillagemixmod,Balances,f90src/Balances/TillageMixMod.F90,/Users/jinyuntang/work/github/ecosim_workspace/main/f90src/Balances/TillageMixMod.F90,481,533,"subroutine Mix3D(xdCorp,TI,FI,NU,LL,mass3d,XCORP0)",False,True,1,0,
tillagemixmod::mix4d@f90src/balances/tillagemixmod.f90:537,mix4d,tillagemixmod::mix4d,subroutine,tillagemixmod,Balances,f90src/Balances/TillageMixMod.F90,/Users/jinyuntang/work/github/ecosim_workspace/main/f90src/Balances/TillageMixMod.F90,537,593,"subroutine Mix4D(xdCorp,TI,FI,NU,LL,mass4d,XCORP0)",False,True,1,0,
tillagemixmod::derivetillageprof@f90src/balances/tillagemixmod.f90:597,derivetillageprof,tillagemixmod::derivetillageprof,subroutine,tillagemixmod,Balances,f90src/Balances/TillageMixMod.F90,/Users/jinyuntang/work/github/ecosim_workspace/main/f90src/Balances/TillageMixMod.F90,597,619,"subroutine DeriveTillageProf(NY,NX,DCORPZ,LL,FI,TI)",False,True,1,0,
debugtoolmod::printinfo@f90src/debugtools/debugtoolmod.f90:26,printinfo,debugtoolmod::printinfo,subroutine,debugtoolmod,DebugTools,f90src/DebugTools/DebugToolMod.F90,/Users/jinyuntang/work/github/ecosim_workspace/main/f90src/DebugTools/DebugToolMod.F90,26,31,subroutine PrintInfo(message),False,True,412,0,
debugtoolmod::debugprint_real_arr@f90src/debugtools/debugtoolmod.f90:35,debugprint_real_arr,debugtoolmod::debugprint_real_arr,subroutine,debugtoolmod,DebugTools,f90src/DebugTools/DebugToolMod.F90,/Users/jinyuntang/work/github/ecosim_workspace/main/f90src/DebugTools/DebugToolMod.F90,35,49,"subroutine DebugPrint_real_arr(vnames,vals)",False,False,0,0,
debugtoolmod::debugprint_real_arrs@f90src/debugtools/debugtoolmod.f90:52,debugprint_real_arrs,debugtoolmod::debugprint_real_arrs,subroutine,debugtoolmod,DebugTools,f90src/DebugTools/DebugToolMod.F90,/Users/jinyuntang/work/github/ecosim_workspace/main/f90src/DebugTools/DebugToolMod.F90,52,62,subroutine DebugPrint_real_arrs(vals),False,False,0,0,
debugtoolmod::debugprint_real_sp@f90src/debugtools/debugtoolmod.f90:66,debugprint_real_sp,debugtoolmod::debugprint_real_sp,subroutine,debugtoolmod,DebugTools,f90src/DebugTools/DebugToolMod.F90,/Users/jinyuntang/work/github/ecosim_workspace/main/f90src/DebugTools/DebugToolMod.F90,66,73,"subroutine DebugPrint_real_sp(vname,val)",False,False,0,0,
debugtoolmod::debugprint_int@f90src/debugtools/debugtoolmod.f90:76,debugprint_int,debugtoolmod::debugprint_int,subroutine,debugtoolmod,DebugTools,f90src/DebugTools/DebugToolMod.F90,/Users/jinyuntang/work/github/ecosim_workspace/main/f90src/DebugTools/DebugToolMod.F90,76,83,"subroutine DebugPrint_int(vname,val)",False,False,0,0,
debugtoolmod::getsoilwatermass@f90src/debugtools/debugtoolmod.f90:86,getsoilwatermass,debugtoolmod::getsoilwatermass,function,debugtoolmod,DebugTools,f90src/DebugTools/DebugToolMod.F90,/Users/jinyuntang/work/github/ecosim_workspace/main/f90src/DebugTools/DebugToolMod.F90,86,96,"function GetSoilWaterMass(NY,NX)result(mass)",False,False,0,0,
ecosyswarmingmod::initsoilwarming@f90src/disturbances/ecosyswarmingmod.f90:55,initsoilwarming,ecosyswarmingmod::initsoilwarming,subroutine,ecosyswarmingmod,Disturbances,f90src/Disturbances/EcosysWarmingMod.F90,/Users/jinyuntang/work/github/ecosim_workspace/main/f90src/Disturbances/EcosysWarmingMod.F90,55,66,subroutine InitSoilWarming(),False,True,1,0,
ecosyswarmingmod::destructsoilwarming@f90src/disturbances/ecosyswarmingmod.f90:69,destructsoilwarming,ecosyswarmingmod::destructsoilwarming,subroutine,ecosyswarmingmod,Disturbances,f90src/Disturbances/EcosysWarmingMod.F90,/Users/jinyuntang/work/github/ecosim_workspace/main/f90src/Disturbances/EcosysWarmingMod.F90,69,77,subroutine destructSoilWarming(),False,True,1,1,
ecosyswarmingmod::extract_year_doy@f90src/disturbances/ecosyswarmingmod.f90:81,extract_year_doy,ecosyswarmingmod::extract_year_doy,subroutine,ecosyswarmingmod,Disturbances,f90src/Disturbances/EcosysWarmingMod.F90,/Users/jinyuntang/work/github/ecosim_workspace/main/f90src/Disturbances/EcosysWarmingMod.F90,81,98,"subroutine Extract_year_doy(datestr,year,doy)",False,True,3,1,
ecosyswarmingmod::extract_dates2doy@f90src/disturbances/ecosyswarmingmod.f90:100,extract_dates2doy,ecosyswarmingmod::extract_dates2doy,function,ecosyswarmingmod,Disturbances,f90src/Disturbances/EcosysWarmingMod.F90,/Users/jinyuntang/work/github/ecosim_workspace/main/f90src/Disturbances/EcosysWarmingMod.F90,100,125,"function Extract_dates2doy(datestr,doy1,doy2)result(date_found)",False,True,3,1,
ecosyswarmingmod::check_warming_dates@f90src/disturbances/ecosyswarmingmod.f90:128,check_warming_dates,ecosyswarmingmod::check_warming_dates,function,ecosyswarmingmod,Disturbances,f90src/Disturbances/EcosysWarmingMod.F90,/Users/jinyuntang/work/github/ecosim_workspace/main/f90src/Disturbances/EcosysWarmingMod.F90,128,164,"function check_warming_dates(year,I,J)result(ans)",False,True,3,1,
ecosyswarmingmod::config_soil_warming@f90src/disturbances/ecosyswarmingmod.f90:167,config_soil_warming,ecosyswarmingmod::config_soil_warming,subroutine,ecosyswarmingmod,Disturbances,f90src/Disturbances/EcosysWarmingMod.F90,/Users/jinyuntang/work/github/ecosim_workspace/main/f90src/Disturbances/EcosysWarmingMod.F90,167,257,subroutine config_soil_warming(warming_exp),False,True,1,7,
ecosyswarmingmod::set_ir_heating@f90src/disturbances/ecosyswarmingmod.f90:259,set_ir_heating,ecosyswarmingmod::set_ir_heating,subroutine,ecosyswarmingmod,Disturbances,f90src/Disturbances/EcosysWarmingMod.F90,/Users/jinyuntang/work/github/ecosim_workspace/main/f90src/Disturbances/EcosysWarmingMod.F90,259,324,"subroutine set_IR_heating(variables,values,num_found)",False,True,1,5,
ecosyswarmingmod::set_cable_heating@f90src/disturbances/ecosyswarmingmod.f90:327,set_cable_heating,ecosyswarmingmod::set_cable_heating,subroutine,ecosyswarmingmod,Disturbances,f90src/Disturbances/EcosysWarmingMod.F90,/Users/jinyuntang/work/github/ecosim_workspace/main/f90src/Disturbances/EcosysWarmingMod.F90,327,385,"subroutine set_cable_heating(variables,values,num_found)",False,True,1,5,
ecosyswarmingmod::set_open_top_chamber@f90src/disturbances/ecosyswarmingmod.f90:388,set_open_top_chamber,ecosyswarmingmod::set_open_top_chamber,subroutine,ecosyswarmingmod,Disturbances,f90src/Disturbances/EcosysWarmingMod.F90,/Users/jinyuntang/work/github/ecosim_workspace/main/f90src/Disturbances/EcosysWarmingMod.F90,388,444,"subroutine set_open_top_chamber(variables,values,num_found)",False,True,1,4,
ecosyswarmingmod::get_warming_fname@f90src/disturbances/ecosyswarmingmod.f90:447,get_warming_fname,ecosyswarmingmod::get_warming_fname,function,ecosyswarmingmod,Disturbances,f90src/Disturbances/EcosysWarmingMod.F90,/Users/jinyuntang/work/github/ecosim_workspace/main/f90src/Disturbances/EcosysWarmingMod.F90,447,469,"logical function get_warming_fname(year,fname)result(ans)",False,True,1,0,
ecosyswarmingmod::apply_otc_warming@f90src/disturbances/ecosyswarmingmod.f90:473,apply_otc_warming,ecosyswarmingmod::apply_otc_warming,subroutine,ecosyswarmingmod,Disturbances,f90src/Disturbances/EcosysWarmingMod.F90,/Users/jinyuntang/work/github/ecosim_workspace/main/f90src/Disturbances/EcosysWarmingMod.F90,473,505,"subroutine apply_OTC_warming(I,J,NHW,NHE,NVN,NVS)",False,True,1,1,
ecosyswarmingmod::apply_soil_cable_warming@f90src/disturbances/ecosyswarmingmod.f90:508,apply_soil_cable_warming,ecosyswarmingmod::apply_soil_cable_warming,subroutine,ecosyswarmingmod,Disturbances,f90src/Disturbances/EcosysWarmingMod.F90,/Users/jinyuntang/work/github/ecosim_workspace/main/f90src/Disturbances/EcosysWarmingMod.F90,508,543,"subroutine apply_soil_cable_warming(I,J,NHW,NHE,NVN,NVS)",False,True,1,1,
ecosyswarmingmod::apply_ir_warming@f90src/disturbances/ecosyswarmingmod.f90:545,apply_ir_warming,ecosyswarmingmod::apply_ir_warming,subroutine,ecosyswarmingmod,Disturbances,f90src/Disturbances/EcosysWarmingMod.F90,/Users/jinyuntang/work/github/ecosim_workspace/main/f90src/Disturbances/EcosysWarmingMod.F90,545,573,"subroutine apply_IR_warming(I,J,NHW,NHE,NVN,NVS)",False,True,1,1,
ecosyswarmingmod::is_warming_layerl@f90src/disturbances/ecosyswarmingmod.f90:576,is_warming_layerl,ecosyswarmingmod::is_warming_layerl,function,ecosyswarmingmod,Disturbances,f90src/Disturbances/EcosysWarmingMod.F90,/Users/jinyuntang/work/github/ecosim_workspace/main/f90src/Disturbances/EcosysWarmingMod.F90,576,583,"function is_warming_layerL(L,NY,NX)result(ans)",False,True,1,0,
ecosyswarmingmod::check_warming_season@f90src/disturbances/ecosyswarmingmod.f90:586,check_warming_season,ecosyswarmingmod::check_warming_season,function,ecosyswarmingmod,Disturbances,f90src/Disturbances/EcosysWarmingMod.F90,/Users/jinyuntang/work/github/ecosim_workspace/main/f90src/Disturbances/EcosysWarmingMod.F90,586,606,"pure function check_warming_season(I,NY,NX)result(ans)",False,True,3,0,
erosionmod::initerosion@f90src/disturbances/erosionmod.f90:47,initerosion,erosionmod::initerosion,subroutine,erosionmod,Disturbances,f90src/Disturbances/ErosionMod.F90,/Users/jinyuntang/work/github/ecosim_workspace/main/f90src/Disturbances/ErosionMod.F90,47,59,subroutine InitErosion(),False,True,1,0,
erosionmod::erosion@f90src/disturbances/erosionmod.f90:62,erosion,erosionmod::erosion,subroutine,erosionmod,Disturbances,f90src/Disturbances/ErosionMod.F90,/Users/jinyuntang/work/github/ecosim_workspace/main/f90src/Disturbances/ErosionMod.F90,62,90,"SUBROUTINE erosion(I,J,NHW,NHE,NVN,NVS)",False,True,1,4,
erosionmod::sedimentdetachmentm@f90src/disturbances/erosionmod.f90:93,sedimentdetachmentm,erosionmod::sedimentdetachmentm,subroutine,erosionmod,Disturbances,f90src/Disturbances/ErosionMod.F90,/Users/jinyuntang/work/github/ecosim_workspace/main/f90src/Disturbances/ErosionMod.F90,93,180,"subroutine SedimentDetachmentM(M,NHW,NHE,NVN,NVS)",False,True,1,0,
erosionmod::overlandflowsedtransp@f90src/disturbances/erosionmod.f90:182,overlandflowsedtransp,erosionmod::overlandflowsedtransp,subroutine,erosionmod,Disturbances,f90src/Disturbances/ErosionMod.F90,/Users/jinyuntang/work/github/ecosim_workspace/main/f90src/Disturbances/ErosionMod.F90,182,256,"subroutine OverLandFlowSedTransp(M,NY,NX,NHW,NHE,NVN,NVS)",False,True,1,0,
erosionmod::sedimenttransportm@f90src/disturbances/erosionmod.f90:258,sedimenttransportm,erosionmod::sedimenttransportm,subroutine,erosionmod,Disturbances,f90src/Disturbances/ErosionMod.F90,/Users/jinyuntang/work/github/ecosim_workspace/main/f90src/Disturbances/ErosionMod.F90,258,298,"subroutine SedimentTransportM(M,NHW,NHE,NVN,NVS)",False,True,1,2,
erosionmod::xboundsedtranspm@f90src/disturbances/erosionmod.f90:300,xboundsedtranspm,erosionmod::xboundsedtranspm,subroutine,erosionmod,Disturbances,f90src/Disturbances/ErosionMod.F90,/Users/jinyuntang/work/github/ecosim_workspace/main/f90src/Disturbances/ErosionMod.F90,300,396,"subroutine XBoundSedTranspM(M,NY,NX,NHW,NHE,NVN,NVS,N1,N2)",False,True,1,1,
erosionmod::lateralxgridsedmentflux@f90src/disturbances/erosionmod.f90:399,lateralxgridsedmentflux,erosionmod::lateralxgridsedmentflux,subroutine,erosionmod,Disturbances,f90src/Disturbances/ErosionMod.F90,/Users/jinyuntang/work/github/ecosim_workspace/main/f90src/Disturbances/ErosionMod.F90,399,741,"subroutine LateralXGridSedmentFlux(NHW, NHE,NVN,NVS)",False,True,1,1,
erosionmod::xbounderosionflux@f90src/disturbances/erosionmod.f90:744,xbounderosionflux,erosionmod::xbounderosionflux,subroutine,erosionmod,Disturbances,f90src/Disturbances/ErosionMod.F90,/Users/jinyuntang/work/github/ecosim_workspace/main/f90src/Disturbances/ErosionMod.F90,744,970,"subroutine XBoundErosionFlux(NHW,NHE,NVN,NVS)",False,True,1,2,
erosionmod::destructerosion@f90src/disturbances/erosionmod.f90:973,destructerosion,erosionmod::destructerosion,subroutine,erosionmod,Disturbances,f90src/Disturbances/ErosionMod.F90,/Users/jinyuntang/work/github/ecosim_workspace/main/f90src/Disturbances/ErosionMod.F90,973,986,subroutine DestructErosion(),False,True,1,1,
fertilizermod::applyfertilizeratnoon@f90src/disturbances/fertilizermod.f90:34,applyfertilizeratnoon,fertilizermod::applyfertilizeratnoon,subroutine,fertilizermod,Disturbances,f90src/Disturbances/FertilizerMod.F90,/Users/jinyuntang/work/github/ecosim_workspace/main/f90src/Disturbances/FertilizerMod.F90,34,63,"subroutine ApplyFertilizerAtNoon(I,J,NHW,NHE,NVN,NVS)",False,True,1,3,
fertilizermod::applyureanitrifierinhibitor@f90src/disturbances/fertilizermod.f90:66,applyureanitrifierinhibitor,fertilizermod::applyureanitrifierinhibitor,subroutine,fertilizermod,Disturbances,f90src/Disturbances/FertilizerMod.F90,/Users/jinyuntang/work/github/ecosim_workspace/main/f90src/Disturbances/FertilizerMod.F90,66,117,"subroutine ApplyUreaNitrifierInhibitor(I,J,NY,NX,LFDPTH)",False,True,1,0,
fertilizermod::applymanure@f90src/disturbances/fertilizermod.f90:120,applymanure,fertilizermod::applymanure,subroutine,fertilizermod,Disturbances,f90src/Disturbances/FertilizerMod.F90,/Users/jinyuntang/work/github/ecosim_workspace/main/f90src/Disturbances/FertilizerMod.F90,120,413,"subroutine ApplyManure(I,J,NY,NX,LFDPTH,OFC,OFN,OFP)",False,True,1,1,
fertilizermod::applymineralfertilizer@f90src/disturbances/fertilizermod.f90:416,applymineralfertilizer,fertilizermod::applymineralfertilizer,subroutine,fertilizermod,Disturbances,f90src/Disturbances/FertilizerMod.F90,/Users/jinyuntang/work/github/ecosim_workspace/main/f90src/Disturbances/FertilizerMod.F90,416,778,"subroutine ApplyMineralFertilizer(I,J,NY,NX,LFDPTH,OFC,OFN,OFP)",False,True,1,2,
firemod::config_fire@f90src/disturbances/firemod.f90:24,config_fire,firemod::config_fire,subroutine,firemod,Disturbances,f90src/Disturbances/FireMod.F90,/Users/jinyuntang/work/github/ecosim_workspace/main/f90src/Disturbances/FireMod.F90,24,98,subroutine config_fire(FireEvents),False,True,1,1,
firemod::check_fire@f90src/disturbances/firemod.f90:100,check_fire,firemod::check_fire,function,firemod,Disturbances,f90src/Disturbances/FireMod.F90,/Users/jinyuntang/work/github/ecosim_workspace/main/f90src/Disturbances/FireMod.F90,100,116,"function check_fire(year_model,fire_event_entry)result(fire_yesno)",False,True,1,0,
plantdisturbmod::preplandscapegrazing@f90src/disturbances/plantdisturbmod.f90:35,preplandscapegrazing,plantdisturbmod::preplandscapegrazing,subroutine,plantdisturbmod,Disturbances,f90src/Disturbances/PlantDisturbMod.F90,/Users/jinyuntang/work/github/ecosim_workspace/main/f90src/Disturbances/PlantDisturbMod.F90,35,76,"subroutine PrepLandscapeGrazing(I,J,NHW,NHE,NVN,NVS)",False,True,1,0,
soildisturbmod::somremovalbydisturbance@f90src/disturbances/soildisturbmod.f90:39,somremovalbydisturbance,soildisturbmod::somremovalbydisturbance,subroutine,soildisturbmod,Disturbances,f90src/Disturbances/SoilDisturbMod.F90,/Users/jinyuntang/work/github/ecosim_workspace/main/f90src/Disturbances/SoilDisturbMod.F90,39,390,"subroutine SOMRemovalByDisturbance(I,J,NY,NX)",False,True,1,3,
aquechemdatatype::initaquachem@f90src/ecosim_datatype/aquechemdatatype.f90:86,initaquachem,aquechemdatatype::initaquachem,subroutine,aquechemdatatype,Ecosim_datatype,f90src/Ecosim_datatype/AqueChemDatatype.F90,/Users/jinyuntang/work/github/ecosim_workspace/main/f90src/Ecosim_datatype/AqueChemDatatype.F90,86,91,subroutine InitAquaChem,False,True,1,1,
aquechemdatatype::initallocate@f90src/ecosim_datatype/aquechemdatatype.f90:95,initallocate,aquechemdatatype::initallocate,subroutine,aquechemdatatype,Ecosim_datatype,f90src/Ecosim_datatype/AqueChemDatatype.F90,/Users/jinyuntang/work/github/ecosim_workspace/main/f90src/Ecosim_datatype/AqueChemDatatype.F90,95,164,subroutine InitAllocate,False,True,1,0,
aquechemdatatype::destructaquachem@f90src/ecosim_datatype/aquechemdatatype.f90:167,destructaquachem,aquechemdatatype::destructaquachem,subroutine,aquechemdatatype,Ecosim_datatype,f90src/Ecosim_datatype/AqueChemDatatype.F90,/Users/jinyuntang/work/github/ecosim_workspace/main/f90src/Ecosim_datatype/AqueChemDatatype.F90,167,229,subroutine DestructAquaChem,False,True,1,1,
balancecheckdatatype::initbalancecheckdata@f90src/ecosim_datatype/balancecheckdatatype.f90:20,initbalancecheckdata,balancecheckdatatype::initbalancecheckdata,subroutine,balancecheckdatatype,Ecosim_datatype,f90src/Ecosim_datatype/BalanceCheckDataType.F90,/Users/jinyuntang/work/github/ecosim_workspace/main/f90src/Ecosim_datatype/BalanceCheckDataType.F90,20,27,subroutine InitBalanceCheckData,False,True,1,0,
balancecheckdatatype::destructbalancecheckdata@f90src/ecosim_datatype/balancecheckdatatype.f90:30,destructbalancecheckdata,balancecheckdatatype::destructbalancecheckdata,subroutine,balancecheckdatatype,Ecosim_datatype,f90src/Ecosim_datatype/BalanceCheckDataType.F90,/Users/jinyuntang/work/github/ecosim_workspace/main/f90src/Ecosim_datatype/BalanceCheckDataType.F90,30,38,subroutine DestructBalanceCheckData,False,True,1,1,
canopydatatype::initcanopydata@f90src/ecosim_datatype/canopydatatype.f90:210,initcanopydata,canopydatatype::initcanopydata,subroutine,canopydatatype,Ecosim_datatype,f90src/Ecosim_datatype/CanopyDataType.F90,/Users/jinyuntang/work/github/ecosim_workspace/main/f90src/Ecosim_datatype/CanopyDataType.F90,210,407,subroutine InitCanopyData,False,True,1,0,
canopydatatype::destructcanopydata@f90src/ecosim_datatype/canopydatatype.f90:410,destructcanopydata,canopydatatype::destructcanopydata,subroutine,canopydatatype,Ecosim_datatype,f90src/Ecosim_datatype/CanopyDataType.F90,/Users/jinyuntang/work/github/ecosim_workspace/main/f90src/Ecosim_datatype/CanopyDataType.F90,410,601,subroutine DestructCanopyData,False,True,1,1,
canopyraddatatype::initcanopyrad@f90src/ecosim_datatype/canopyraddatatype.f90:28,initcanopyrad,canopyraddatatype::initcanopyrad,subroutine,canopyraddatatype,Ecosim_datatype,f90src/Ecosim_datatype/CanopyRadDataType.F90,/Users/jinyuntang/work/github/ecosim_workspace/main/f90src/Ecosim_datatype/CanopyRadDataType.F90,28,47,subroutine  InitCanopyRad,False,True,1,1,
canopyraddatatype::initallocate@f90src/ecosim_datatype/canopyraddatatype.f90:51,initallocate,canopyraddatatype::initallocate,subroutine,canopyraddatatype,Ecosim_datatype,f90src/Ecosim_datatype/CanopyRadDataType.F90,/Users/jinyuntang/work/github/ecosim_workspace/main/f90src/Ecosim_datatype/CanopyRadDataType.F90,51,71,subroutine InitAllocate,False,True,1,0,
canopyraddatatype::destructcanopyrad@f90src/ecosim_datatype/canopyraddatatype.f90:75,destructcanopyrad,canopyraddatatype::destructcanopyrad,subroutine,canopyraddatatype,Ecosim_datatype,f90src/Ecosim_datatype/CanopyRadDataType.F90,/Users/jinyuntang/work/github/ecosim_workspace/main/f90src/Ecosim_datatype/CanopyRadDataType.F90,75,91,subroutine DestructCanopyRad,False,True,1,1,
chemtranspdatatype::initchemtranspdata@f90src/ecosim_datatype/chemtranspdatatype.f90:41,initchemtranspdata,chemtranspdatatype::initchemtranspdata,subroutine,chemtranspdatatype,Ecosim_datatype,f90src/Ecosim_datatype/ChemTranspDataType.F90,/Users/jinyuntang/work/github/ecosim_workspace/main/f90src/Ecosim_datatype/ChemTranspDataType.F90,41,48,subroutine InitChemTranspData(lsalt_model),False,True,1,1,
chemtranspdatatype::initallocate@f90src/ecosim_datatype/chemtranspdatatype.f90:51,initallocate,chemtranspdatatype::initallocate,subroutine,chemtranspdatatype,Ecosim_datatype,f90src/Ecosim_datatype/ChemTranspDataType.F90,/Users/jinyuntang/work/github/ecosim_workspace/main/f90src/Ecosim_datatype/ChemTranspDataType.F90,51,83,subroutine InitAllocate(lsalt_model),False,True,1,0,
chemtranspdatatype::destructchemtranspdata@f90src/ecosim_datatype/chemtranspdatatype.f90:87,destructchemtranspdata,chemtranspdatatype::destructchemtranspdata,subroutine,chemtranspdatatype,Ecosim_datatype,f90src/Ecosim_datatype/ChemTranspDataType.F90,/Users/jinyuntang/work/github/ecosim_workspace/main/f90src/Ecosim_datatype/ChemTranspDataType.F90,87,113,subroutine DestructChemTranspData,False,True,1,1,
climforcdatatype::initclimforcdata@f90src/ecosim_datatype/climforcdatatype.f90:146,initclimforcdata,climforcdatatype::initclimforcdata,subroutine,climforcdatatype,Ecosim_datatype,f90src/Ecosim_datatype/ClimForcDataType.F90,/Users/jinyuntang/work/github/ecosim_workspace/main/f90src/Ecosim_datatype/ClimForcDataType.F90,146,245,subroutine InitClimForcData(),False,True,1,0,
climforcdatatype::destructclimforcdata@f90src/ecosim_datatype/climforcdatatype.f90:248,destructclimforcdata,climforcdatatype::destructclimforcdata,subroutine,climforcdatatype,Ecosim_datatype,f90src/Ecosim_datatype/ClimForcDataType.F90,/Users/jinyuntang/work/github/ecosim_workspace/main/f90src/Ecosim_datatype/ClimForcDataType.F90,248,340,subroutine DestructClimForcData,False,False,0,1,
ecosimctrldatatype::initecosimctrldata@f90src/ecosim_datatype/ecosimctrldatatype.f90:41,initecosimctrldata,ecosimctrldatatype::initecosimctrldata,subroutine,ecosimctrldatatype,Ecosim_datatype,f90src/Ecosim_datatype/EcoSIMCtrlDataType.F90,/Users/jinyuntang/work/github/ecosim_workspace/main/f90src/Ecosim_datatype/EcoSIMCtrlDataType.F90,41,51,subroutine InitEcoSIMCtrlData,False,True,1,0,
ecosimctrldatatype::destructecosimctrldata@f90src/ecosim_datatype/ecosimctrldatatype.f90:53,destructecosimctrldata,ecosimctrldatatype::destructecosimctrldata,subroutine,ecosimctrldatatype,Ecosim_datatype,f90src/Ecosim_datatype/EcoSIMCtrlDataType.F90,/Users/jinyuntang/work/github/ecosim_workspace/main/f90src/Ecosim_datatype/EcoSIMCtrlDataType.F90,53,64,subroutine DestructEcoSIMCtrlData,False,True,1,1,
ecosimhistmod::initecosimhistdata@f90src/ecosim_datatype/ecosimhistmod.f90:30,initecosimhistdata,ecosimhistmod::initecosimhistdata,subroutine,ecosimhistmod,Ecosim_datatype,f90src/Ecosim_datatype/EcoSIMHistMod.F90,/Users/jinyuntang/work/github/ecosim_workspace/main/f90src/Ecosim_datatype/EcoSIMHistMod.F90,30,41,subroutine InitEcoSIMHistData,False,True,1,0,
ecosimhistmod::destructecosimhistdata@f90src/ecosim_datatype/ecosimhistmod.f90:45,destructecosimhistdata,ecosimhistmod::destructecosimhistdata,subroutine,ecosimhistmod,Ecosim_datatype,f90src/Ecosim_datatype/EcoSIMHistMod.F90,/Users/jinyuntang/work/github/ecosim_workspace/main/f90src/Ecosim_datatype/EcoSIMHistMod.F90,45,58,subroutine DestructEcoSIMHistData,False,True,1,1,
ecosimsumdatatype::initecosimsum@f90src/ecosim_datatype/ecosimsumdatatype.f90:48,initecosimsum,ecosimsumdatatype::initecosimsum,subroutine,ecosimsumdatatype,Ecosim_datatype,f90src/Ecosim_datatype/EcoSimSumDataType.F90,/Users/jinyuntang/work/github/ecosim_workspace/main/f90src/Ecosim_datatype/EcoSimSumDataType.F90,48,53,subroutine InitEcoSimSum,False,True,1,1,
ecosimsumdatatype::initallocate@f90src/ecosim_datatype/ecosimsumdatatype.f90:55,initallocate,ecosimsumdatatype::initallocate,subroutine,ecosimsumdatatype,Ecosim_datatype,f90src/Ecosim_datatype/EcoSimSumDataType.F90,/Users/jinyuntang/work/github/ecosim_workspace/main/f90src/Ecosim_datatype/EcoSimSumDataType.F90,55,59,subroutine InitAllocate,False,True,1,0,
ecosimsumdatatype::destructecosimsum@f90src/ecosim_datatype/ecosimsumdatatype.f90:62,destructecosimsum,ecosimsumdatatype::destructecosimsum,subroutine,ecosimsumdatatype,Ecosim_datatype,f90src/Ecosim_datatype/EcoSimSumDataType.F90,/Users/jinyuntang/work/github/ecosim_workspace/main/f90src/Ecosim_datatype/EcoSimSumDataType.F90,62,67,subroutine DestructEcoSimSum,False,True,1,1,
ecosimbgcfluxtype::initecosimbgcfluxdata@f90src/ecosim_datatype/ecosimbgcfluxtype.f90:40,initecosimbgcfluxdata,ecosimbgcfluxtype::initecosimbgcfluxdata,subroutine,ecosimbgcfluxtype,Ecosim_datatype,f90src/Ecosim_datatype/EcosimBGCFluxType.F90,/Users/jinyuntang/work/github/ecosim_workspace/main/f90src/Ecosim_datatype/EcosimBGCFluxType.F90,40,66,subroutine InitEcosimBGCFluxData,False,True,1,0,
ecosimbgcfluxtype::destructecosimbgcfluxdata@f90src/ecosim_datatype/ecosimbgcfluxtype.f90:69,destructecosimbgcfluxdata,ecosimbgcfluxtype::destructecosimbgcfluxdata,subroutine,ecosimbgcfluxtype,Ecosim_datatype,f90src/Ecosim_datatype/EcosimBGCFluxType.F90,/Users/jinyuntang/work/github/ecosim_workspace/main/f90src/Ecosim_datatype/EcosimBGCFluxType.F90,69,95,subroutine DestructEcosimBGCFluxData,False,True,1,1,
fertilizerdatatype::initfertilizerdata@f90src/ecosim_datatype/fertilizerdatatype.f90:28,initfertilizerdata,fertilizerdatatype::initfertilizerdata,subroutine,fertilizerdatatype,Ecosim_datatype,f90src/Ecosim_datatype/FertilizerDataType.F90,/Users/jinyuntang/work/github/ecosim_workspace/main/f90src/Ecosim_datatype/FertilizerDataType.F90,28,34,subroutine InitFertilizerData,False,True,1,1,
fertilizerdatatype::initallocate@f90src/ecosim_datatype/fertilizerdatatype.f90:36,initallocate,fertilizerdatatype::initallocate,subroutine,fertilizerdatatype,Ecosim_datatype,f90src/Ecosim_datatype/FertilizerDataType.F90,/Users/jinyuntang/work/github/ecosim_workspace/main/f90src/Ecosim_datatype/FertilizerDataType.F90,36,53,subroutine InitAllocate,False,True,1,0,
fertilizerdatatype::destructfertilizerdata@f90src/ecosim_datatype/fertilizerdatatype.f90:55,destructfertilizerdata,fertilizerdatatype::destructfertilizerdata,subroutine,fertilizerdatatype,Ecosim_datatype,f90src/Ecosim_datatype/FertilizerDataType.F90,/Users/jinyuntang/work/github/ecosim_workspace/main/f90src/Ecosim_datatype/FertilizerDataType.F90,55,73,subroutine DestructFertilizerData,False,True,1,1,
flagdatatype::initflagdata@f90src/ecosim_datatype/flagdatatype.f90:34,initflagdata,flagdatatype::initflagdata,subroutine,flagdatatype,Ecosim_datatype,f90src/Ecosim_datatype/FlagDataType.F90,/Users/jinyuntang/work/github/ecosim_workspace/main/f90src/Ecosim_datatype/FlagDataType.F90,34,53,subroutine InitFlagData,False,True,1,0,
flagdatatype::destructflagdata@f90src/ecosim_datatype/flagdatatype.f90:56,destructflagdata,flagdatatype::destructflagdata,subroutine,flagdatatype,Ecosim_datatype,f90src/Ecosim_datatype/FlagDataType.F90,/Users/jinyuntang/work/github/ecosim_workspace/main/f90src/Ecosim_datatype/FlagDataType.F90,56,75,subroutine DestructFlagData,False,True,1,1,
griddatatype::initgriddata@f90src/ecosim_datatype/griddatatype.f90:37,initgriddata,griddatatype::initgriddata,subroutine,griddatatype,Ecosim_datatype,f90src/Ecosim_datatype/GridDataType.F90,/Users/jinyuntang/work/github/ecosim_workspace/main/f90src/Ecosim_datatype/GridDataType.F90,37,63,subroutine InitGridData,False,True,1,0,
griddatatype::destructgriddata@f90src/ecosim_datatype/griddatatype.f90:66,destructgriddata,griddatatype::destructgriddata,subroutine,griddatatype,Ecosim_datatype,f90src/Ecosim_datatype/GridDataType.F90,/Users/jinyuntang/work/github/ecosim_workspace/main/f90src/Ecosim_datatype/GridDataType.F90,66,92,subroutine DestructGridData,False,True,1,1,
irrigationdatatype::initirrigation@f90src/ecosim_datatype/irrigationdatatype.f90:86,initirrigation,irrigationdatatype::initirrigation,subroutine,irrigationdatatype,Ecosim_datatype,f90src/Ecosim_datatype/IrrigationDataType.F90,/Users/jinyuntang/work/github/ecosim_workspace/main/f90src/Ecosim_datatype/IrrigationDataType.F90,86,91,subroutine InitIrrigation,False,True,1,1,
irrigationdatatype::initallocate@f90src/ecosim_datatype/irrigationdatatype.f90:95,initallocate,irrigationdatatype::initallocate,subroutine,irrigationdatatype,Ecosim_datatype,f90src/Ecosim_datatype/IrrigationDataType.F90,/Users/jinyuntang/work/github/ecosim_workspace/main/f90src/Ecosim_datatype/IrrigationDataType.F90,95,166,subroutine InitAllocate,False,True,1,0,
irrigationdatatype::destructirrigation@f90src/ecosim_datatype/irrigationdatatype.f90:169,destructirrigation,irrigationdatatype::destructirrigation,subroutine,irrigationdatatype,Ecosim_datatype,f90src/Ecosim_datatype/IrrigationDataType.F90,/Users/jinyuntang/work/github/ecosim_workspace/main/f90src/Ecosim_datatype/IrrigationDataType.F90,169,240,subroutine DestructIrrigation,False,True,1,1,
landsurfdatatype::initlandsurfdata@f90src/ecosim_datatype/landsurfdatatype.f90:35,initlandsurfdata,landsurfdatatype::initlandsurfdata,subroutine,landsurfdatatype,Ecosim_datatype,f90src/Ecosim_datatype/LandSurfDataType.F90,/Users/jinyuntang/work/github/ecosim_workspace/main/f90src/Ecosim_datatype/LandSurfDataType.F90,35,58,subroutine InitLandSurfData,False,True,1,0,
landsurfdatatype::destructlandsurfdata@f90src/ecosim_datatype/landsurfdatatype.f90:61,destructlandsurfdata,landsurfdatatype::destructlandsurfdata,subroutine,landsurfdatatype,Ecosim_datatype,f90src/Ecosim_datatype/LandSurfDataType.F90,/Users/jinyuntang/work/github/ecosim_workspace/main/f90src/Ecosim_datatype/LandSurfDataType.F90,61,84,subroutine DestructLandSurfData,False,True,1,1,
mldatadiagtype::initmldatatype@f90src/ecosim_datatype/mldatadiagtype.f90:60,initmldatatype,mldatadiagtype::initmldatatype,subroutine,mldatadiagtype,Ecosim_datatype,f90src/Ecosim_datatype/MLDataDiagType.F90,/Users/jinyuntang/work/github/ecosim_workspace/main/f90src/Ecosim_datatype/MLDataDiagType.F90,60,103,subroutine InitMLDataType(),False,True,1,0,
mldatadiagtype::destructmldatatype@f90src/ecosim_datatype/mldatadiagtype.f90:107,destructmldatatype,mldatadiagtype::destructmldatatype,subroutine,mldatadiagtype,Ecosim_datatype,f90src/Ecosim_datatype/MLDataDiagType.F90,/Users/jinyuntang/work/github/ecosim_workspace/main/f90src/Ecosim_datatype/MLDataDiagType.F90,107,151,subroutine DestructMLDataType,False,True,1,1,
microbialdatatype::initmicrobialdata@f90src/ecosim_datatype/microbialdatatype.f90:65,initmicrobialdata,microbialdatatype::initmicrobialdata,subroutine,microbialdatatype,Ecosim_datatype,f90src/Ecosim_datatype/MicrobialDataType.F90,/Users/jinyuntang/work/github/ecosim_workspace/main/f90src/Ecosim_datatype/MicrobialDataType.F90,65,71,subroutine InitMicrobialData(),False,True,1,1,
microbialdatatype::initallocate@f90src/ecosim_datatype/microbialdatatype.f90:73,initallocate,microbialdatatype::initallocate,subroutine,microbialdatatype,Ecosim_datatype,f90src/Ecosim_datatype/MicrobialDataType.F90,/Users/jinyuntang/work/github/ecosim_workspace/main/f90src/Ecosim_datatype/MicrobialDataType.F90,73,125,subroutine InitAllocate,False,True,1,0,
microbialdatatype::destructmicrobialdata@f90src/ecosim_datatype/microbialdatatype.f90:128,destructmicrobialdata,microbialdatatype::destructmicrobialdata,subroutine,microbialdatatype,Ecosim_datatype,f90src/Ecosim_datatype/MicrobialDataType.F90,/Users/jinyuntang/work/github/ecosim_workspace/main/f90src/Ecosim_datatype/MicrobialDataType.F90,128,179,subroutine DestructMicrobialData,False,True,1,1,
numericalauxmod::initnumericaux@f90src/ecosim_datatype/numericalauxmod.f90:20,initnumericaux,numericalauxmod::initnumericaux,subroutine,numericalauxmod,Ecosim_datatype,f90src/Ecosim_datatype/NumericalAuxMod.F90,/Users/jinyuntang/work/github/ecosim_workspace/main/f90src/Ecosim_datatype/NumericalAuxMod.F90,20,27,subroutine InitNumericAux(),False,True,1,0,
numericalauxmod::destructnumericaux@f90src/ecosim_datatype/numericalauxmod.f90:32,destructnumericaux,numericalauxmod::destructnumericaux,subroutine,numericalauxmod,Ecosim_datatype,f90src/Ecosim_datatype/NumericalAuxMod.F90,/Users/jinyuntang/work/github/ecosim_workspace/main/f90src/Ecosim_datatype/NumericalAuxMod.F90,32,40,subroutine DestructNumericAux,False,True,1,1,
plantdataratetype::initplantrates@f90src/ecosim_datatype/plantdataratetype.f90:148,initplantrates,plantdataratetype::initplantrates,subroutine,plantdataratetype,Ecosim_datatype,f90src/Ecosim_datatype/PlantDataRateType.F90,/Users/jinyuntang/work/github/ecosim_workspace/main/f90src/Ecosim_datatype/PlantDataRateType.F90,148,155,"subroutine InitPlantRates(NumOfPlantLitrCmplxs,jroots)",False,True,1,1,
plantdataratetype::initallocate@f90src/ecosim_datatype/plantdataratetype.f90:158,initallocate,plantdataratetype::initallocate,subroutine,plantdataratetype,Ecosim_datatype,f90src/Ecosim_datatype/PlantDataRateType.F90,/Users/jinyuntang/work/github/ecosim_workspace/main/f90src/Ecosim_datatype/PlantDataRateType.F90,158,296,"subroutine InitAllocate(NumOfPlantLitrCmplxs,jroots)",False,True,1,0,
plantdataratetype::destructplantrates@f90src/ecosim_datatype/plantdataratetype.f90:299,destructplantrates,plantdataratetype::destructplantrates,subroutine,plantdataratetype,Ecosim_datatype,f90src/Ecosim_datatype/PlantDataRateType.F90,/Users/jinyuntang/work/github/ecosim_workspace/main/f90src/Ecosim_datatype/PlantDataRateType.F90,299,429,subroutine DestructPlantRates,False,True,1,1,
plantmgmtdatatype::initplantmngmtdata@f90src/ecosim_datatype/plantmgmtdatatype.f90:38,initplantmngmtdata,plantmgmtdatatype::initplantmngmtdata,subroutine,plantmgmtdatatype,Ecosim_datatype,f90src/Ecosim_datatype/PlantMgmtDataType.F90,/Users/jinyuntang/work/github/ecosim_workspace/main/f90src/Ecosim_datatype/PlantMgmtDataType.F90,38,43,subroutine InitPlantMngmtData,False,True,1,1,
plantmgmtdatatype::initallocate@f90src/ecosim_datatype/plantmgmtdatatype.f90:47,initallocate,plantmgmtdatatype::initallocate,subroutine,plantmgmtdatatype,Ecosim_datatype,f90src/Ecosim_datatype/PlantMgmtDataType.F90,/Users/jinyuntang/work/github/ecosim_workspace/main/f90src/Ecosim_datatype/PlantMgmtDataType.F90,47,76,subroutine InitAllocate,False,True,1,0,
plantmgmtdatatype::destructplantmngmtdata@f90src/ecosim_datatype/plantmgmtdatatype.f90:79,destructplantmngmtdata,plantmgmtdatatype::destructplantmngmtdata,subroutine,plantmgmtdatatype,Ecosim_datatype,f90src/Ecosim_datatype/PlantMgmtDataType.F90,/Users/jinyuntang/work/github/ecosim_workspace/main/f90src/Ecosim_datatype/PlantMgmtDataType.F90,79,110,subroutine DestructPlantMngmtData,False,True,1,1,
planttraitdatatype::initplanttraits@f90src/ecosim_datatype/planttraitdatatype.f90:205,initplanttraits,planttraitdatatype::initplanttraits,subroutine,planttraitdatatype,Ecosim_datatype,f90src/Ecosim_datatype/PlantTraitDataType.F90,/Users/jinyuntang/work/github/ecosim_workspace/main/f90src/Ecosim_datatype/PlantTraitDataType.F90,205,394,subroutine InitPlantTraits(NumOfPlantLitrCmplxs),False,True,1,0,
planttraitdatatype::destructplanttraits@f90src/ecosim_datatype/planttraitdatatype.f90:397,destructplanttraits,planttraitdatatype::destructplanttraits,subroutine,planttraitdatatype,Ecosim_datatype,f90src/Ecosim_datatype/PlantTraitDataType.F90,/Users/jinyuntang/work/github/ecosim_workspace/main/f90src/Ecosim_datatype/PlantTraitDataType.F90,397,583,subroutine DestructPlantTraits,False,True,1,1,
planttraittablemod::allocplanttraittable@f90src/ecosim_datatype/planttraittablemod.f90:134,allocplanttraittable,planttraittablemod::allocplanttraittable,subroutine,planttraittablemod,Ecosim_datatype,f90src/Ecosim_datatype/PlantTraitTableMod.F90,/Users/jinyuntang/work/github/ecosim_workspace/main/f90src/Ecosim_datatype/PlantTraitTableMod.F90,134,265,"Subroutine AllocPlantTraitTable(jroots,npft,nkopenclms,npfts)",False,True,1,0,
planttraittablemod::destructplanttraittable@f90src/ecosim_datatype/planttraittablemod.f90:270,destructplanttraittable,planttraittablemod::destructplanttraittable,subroutine,planttraittablemod,Ecosim_datatype,f90src/Ecosim_datatype/PlantTraitTableMod.F90,/Users/jinyuntang/work/github/ecosim_workspace/main/f90src/Ecosim_datatype/PlantTraitTableMod.F90,270,390,Subroutine DestructPlantTraitTable(),False,True,1,1,
rootdatatype::initrootdata@f90src/ecosim_datatype/rootdatatype.f90:145,initrootdata,rootdatatype::initrootdata,subroutine,rootdatatype,Ecosim_datatype,f90src/Ecosim_datatype/RootDataType.F90,/Users/jinyuntang/work/github/ecosim_workspace/main/f90src/Ecosim_datatype/RootDataType.F90,145,279,subroutine InitRootData(jroots),False,True,1,0,
rootdatatype::destructrootdata@f90src/ecosim_datatype/rootdatatype.f90:282,destructrootdata,rootdatatype::destructrootdata,subroutine,rootdatatype,Ecosim_datatype,f90src/Ecosim_datatype/RootDataType.F90,/Users/jinyuntang/work/github/ecosim_workspace/main/f90src/Ecosim_datatype/RootDataType.F90,282,415,subroutine DestructRootData,False,True,1,1,
somdatatype::initsomdata@f90src/ecosim_datatype/somdatatype.f90:53,initsomdata,somdatatype::initsomdata,subroutine,somdatatype,Ecosim_datatype,f90src/Ecosim_datatype/SOMDataType.F90,/Users/jinyuntang/work/github/ecosim_workspace/main/f90src/Ecosim_datatype/SOMDataType.F90,53,60,subroutine InitSOMData(NumOfLitrCmplxs),False,True,1,1,
somdatatype::initallocate@f90src/ecosim_datatype/somdatatype.f90:63,initallocate,somdatatype::initallocate,subroutine,somdatatype,Ecosim_datatype,f90src/Ecosim_datatype/SOMDataType.F90,/Users/jinyuntang/work/github/ecosim_workspace/main/f90src/Ecosim_datatype/SOMDataType.F90,63,104,subroutine InitAllocate(NumOfLitrCmplxs),False,True,1,0,
somdatatype::destructsomdata@f90src/ecosim_datatype/somdatatype.f90:107,destructsomdata,somdatatype::destructsomdata,subroutine,somdatatype,Ecosim_datatype,f90src/Ecosim_datatype/SOMDataType.F90,/Users/jinyuntang/work/github/ecosim_workspace/main/f90src/Ecosim_datatype/SOMDataType.F90,107,149,subroutine DestructSOMData,False,True,1,1,
sedimentdatatype::initsedimentdata@f90src/ecosim_datatype/sedimentdatatype.f90:45,initsedimentdata,sedimentdatatype::initsedimentdata,subroutine,sedimentdatatype,Ecosim_datatype,f90src/Ecosim_datatype/SedimentDataType.F90,/Users/jinyuntang/work/github/ecosim_workspace/main/f90src/Ecosim_datatype/SedimentDataType.F90,45,50,subroutine InitSedimentData,False,True,1,1,
sedimentdatatype::initallocate@f90src/ecosim_datatype/sedimentdatatype.f90:54,initallocate,sedimentdatatype::initallocate,subroutine,sedimentdatatype,Ecosim_datatype,f90src/Ecosim_datatype/SedimentDataType.F90,/Users/jinyuntang/work/github/ecosim_workspace/main/f90src/Ecosim_datatype/SedimentDataType.F90,54,85,subroutine InitAllocate,False,True,1,0,
sedimentdatatype::destructsedimentdata@f90src/ecosim_datatype/sedimentdatatype.f90:88,destructsedimentdata,sedimentdatatype::destructsedimentdata,subroutine,sedimentdatatype,Ecosim_datatype,f90src/Ecosim_datatype/SedimentDataType.F90,/Users/jinyuntang/work/github/ecosim_workspace/main/f90src/Ecosim_datatype/SedimentDataType.F90,88,120,subroutine DestructSedimentData,False,True,1,1,
snowdatatype::initsnowdata@f90src/ecosim_datatype/snowdatatype.f90:90,initsnowdata,snowdatatype::initsnowdata,subroutine,snowdatatype,Ecosim_datatype,f90src/Ecosim_datatype/SnowDataType.F90,/Users/jinyuntang/work/github/ecosim_workspace/main/f90src/Ecosim_datatype/SnowDataType.F90,90,173,subroutine InitSnowData,False,True,1,0,
snowdatatype::destructsnowdata@f90src/ecosim_datatype/snowdatatype.f90:176,destructsnowdata,snowdatatype::destructsnowdata,subroutine,snowdatatype,Ecosim_datatype,f90src/Ecosim_datatype/SnowDataType.F90,/Users/jinyuntang/work/github/ecosim_workspace/main/f90src/Ecosim_datatype/SnowDataType.F90,176,256,subroutine DestructSnowData,False,True,1,1,
soilbgcdatatype::initsoilbgcdata@f90src/ecosim_datatype/soilbgcdatatype.f90:141,initsoilbgcdata,soilbgcdatatype::initsoilbgcdata,subroutine,soilbgcdatatype,Ecosim_datatype,f90src/Ecosim_datatype/SoilBGCDataType.F90,/Users/jinyuntang/work/github/ecosim_workspace/main/f90src/Ecosim_datatype/SoilBGCDataType.F90,141,147,subroutine InitSoilBGCData(NumOfPlantLitrCmplxs),False,True,1,1,
soilbgcdatatype::initallocate@f90src/ecosim_datatype/soilbgcdatatype.f90:151,initallocate,soilbgcdatatype::initallocate,subroutine,soilbgcdatatype,Ecosim_datatype,f90src/Ecosim_datatype/SoilBGCDataType.F90,/Users/jinyuntang/work/github/ecosim_workspace/main/f90src/Ecosim_datatype/SoilBGCDataType.F90,151,285,subroutine InitAllocate(NumOfPlantLitrCmplxs),False,True,1,0,
soilbgcdatatype::destructsoilbgcdata@f90src/ecosim_datatype/soilbgcdatatype.f90:289,destructsoilbgcdata,soilbgcdatatype::destructsoilbgcdata,subroutine,soilbgcdatatype,Ecosim_datatype,f90src/Ecosim_datatype/SoilBGCDataType.F90,/Users/jinyuntang/work/github/ecosim_workspace/main/f90src/Ecosim_datatype/SoilBGCDataType.F90,289,417,subroutine DestructSoilBGCData,False,False,0,1,
soilheatdatatype::initsoilheatdata@f90src/ecosim_datatype/soilheatdatatype.f90:37,initsoilheatdata,soilheatdatatype::initsoilheatdata,subroutine,soilheatdatatype,Ecosim_datatype,f90src/Ecosim_datatype/SoilHeatDataType.F90,/Users/jinyuntang/work/github/ecosim_workspace/main/f90src/Ecosim_datatype/SoilHeatDataType.F90,37,62,subroutine InitSoilHeatData,False,True,1,0,
soilheatdatatype::destructsoilheatdata@f90src/ecosim_datatype/soilheatdatatype.f90:65,destructsoilheatdata,soilheatdatatype::destructsoilheatdata,subroutine,soilheatdatatype,Ecosim_datatype,f90src/Ecosim_datatype/SoilHeatDataType.F90,/Users/jinyuntang/work/github/ecosim_workspace/main/f90src/Ecosim_datatype/SoilHeatDataType.F90,65,89,subroutine DestructSoilHeatData,False,True,1,1,
soilphysdatatype::initsoilphysdata@f90src/ecosim_datatype/soilphysdatatype.f90:43,initsoilphysdata,soilphysdatatype::initsoilphysdata,subroutine,soilphysdatatype,Ecosim_datatype,f90src/Ecosim_datatype/SoilPhysDataType.F90,/Users/jinyuntang/work/github/ecosim_workspace/main/f90src/Ecosim_datatype/SoilPhysDataType.F90,43,76,subroutine InitSoilPhysData,False,True,1,0,
soilphysdatatype::destructsoilphysdata@f90src/ecosim_datatype/soilphysdatatype.f90:79,destructsoilphysdata,soilphysdatatype::destructsoilphysdata,subroutine,soilphysdatatype,Ecosim_datatype,f90src/Ecosim_datatype/SoilPhysDataType.F90,/Users/jinyuntang/work/github/ecosim_workspace/main/f90src/Ecosim_datatype/SoilPhysDataType.F90,79,112,subroutine DestructSoilPhysData,False,True,1,1,
soilpropertydatatype::initsoilproperty@f90src/ecosim_datatype/soilpropertydatatype.f90:43,initsoilproperty,soilpropertydatatype::initsoilproperty,subroutine,soilpropertydatatype,Ecosim_datatype,f90src/Ecosim_datatype/SoilPropertyDataType.F90,/Users/jinyuntang/work/github/ecosim_workspace/main/f90src/Ecosim_datatype/SoilPropertyDataType.F90,43,49,subroutine InitSoilProperty,False,True,1,1,
soilpropertydatatype::initallocate@f90src/ecosim_datatype/soilpropertydatatype.f90:53,initallocate,soilpropertydatatype::initallocate,subroutine,soilpropertydatatype,Ecosim_datatype,f90src/Ecosim_datatype/SoilPropertyDataType.F90,/Users/jinyuntang/work/github/ecosim_workspace/main/f90src/Ecosim_datatype/SoilPropertyDataType.F90,53,84,subroutine InitAllocate,False,True,1,0,
soilpropertydatatype::destructsoilproperty@f90src/ecosim_datatype/soilpropertydatatype.f90:87,destructsoilproperty,soilpropertydatatype::destructsoilproperty,subroutine,soilpropertydatatype,Ecosim_datatype,f90src/Ecosim_datatype/SoilPropertyDataType.F90,/Users/jinyuntang/work/github/ecosim_workspace/main/f90src/Ecosim_datatype/SoilPropertyDataType.F90,87,119,subroutine DestructSoilProperty,False,False,0,1,
soilwaterdatatype::initsoilwater@f90src/ecosim_datatype/soilwaterdatatype.f90:120,initsoilwater,soilwaterdatatype::initsoilwater,subroutine,soilwaterdatatype,Ecosim_datatype,f90src/Ecosim_datatype/SoilWaterDataType.F90,/Users/jinyuntang/work/github/ecosim_workspace/main/f90src/Ecosim_datatype/SoilWaterDataType.F90,120,124,subroutine InitSoilWater,False,True,1,1,
soilwaterdatatype::initallocate@f90src/ecosim_datatype/soilwaterdatatype.f90:128,initallocate,soilwaterdatatype::initallocate,subroutine,soilwaterdatatype,Ecosim_datatype,f90src/Ecosim_datatype/SoilWaterDataType.F90,/Users/jinyuntang/work/github/ecosim_workspace/main/f90src/Ecosim_datatype/SoilWaterDataType.F90,128,239,subroutine InitAllocate,False,True,1,0,
soilwaterdatatype::destructsoilwater@f90src/ecosim_datatype/soilwaterdatatype.f90:242,destructsoilwater,soilwaterdatatype::destructsoilwater,subroutine,soilwaterdatatype,Ecosim_datatype,f90src/Ecosim_datatype/SoilWaterDataType.F90,/Users/jinyuntang/work/github/ecosim_workspace/main/f90src/Ecosim_datatype/SoilWaterDataType.F90,242,353,subroutine DestructSoilWater,False,True,1,1,
surflitterdatatype::initsurflitter@f90src/ecosim_datatype/surflitterdatatype.f90:37,initsurflitter,surflitterdatatype::initsurflitter,subroutine,surflitterdatatype,Ecosim_datatype,f90src/Ecosim_datatype/SurfLitterDataType.F90,/Users/jinyuntang/work/github/ecosim_workspace/main/f90src/Ecosim_datatype/SurfLitterDataType.F90,37,43,subroutine InitSurfLitter(NumOfLitrCmplxs),False,True,1,1,
surflitterdatatype::initallocate@f90src/ecosim_datatype/surflitterdatatype.f90:46,initallocate,surflitterdatatype::initallocate,subroutine,surflitterdatatype,Ecosim_datatype,f90src/Ecosim_datatype/SurfLitterDataType.F90,/Users/jinyuntang/work/github/ecosim_workspace/main/f90src/Ecosim_datatype/SurfLitterDataType.F90,46,73,subroutine InitAllocate(NumOfLitrCmplxs),False,True,1,0,
surflitterdatatype::destructsurflitter@f90src/ecosim_datatype/surflitterdatatype.f90:76,destructsurflitter,surflitterdatatype::destructsurflitter,subroutine,surflitterdatatype,Ecosim_datatype,f90src/Ecosim_datatype/SurfLitterDataType.F90,/Users/jinyuntang/work/github/ecosim_workspace/main/f90src/Ecosim_datatype/SurfLitterDataType.F90,76,103,subroutine DestructSurfLitter,False,True,1,1,
surfsoildatatype::initsurfsoildata@f90src/ecosim_datatype/surfsoildatatype.f90:33,initsurfsoildata,surfsoildatatype::initsurfsoildata,subroutine,surfsoildatatype,Ecosim_datatype,f90src/Ecosim_datatype/SurfSoilDataType.F90,/Users/jinyuntang/work/github/ecosim_workspace/main/f90src/Ecosim_datatype/SurfSoilDataType.F90,33,56,subroutine InitSurfSoilData,False,True,1,0,
surfsoildatatype::destructsurfsoildata@f90src/ecosim_datatype/surfsoildatatype.f90:59,destructsurfsoildata,surfsoildatatype::destructsurfsoildata,subroutine,surfsoildatatype,Ecosim_datatype,f90src/Ecosim_datatype/SurfSoilDataType.F90,/Users/jinyuntang/work/github/ecosim_workspace/main/f90src/Ecosim_datatype/SurfSoilDataType.F90,59,82,subroutine DestructSurfSoilData,False,True,1,1,
initallocmod::initalloc@f90src/ecosim_mods/initallocmod.f90:11,initalloc,initallocmod::initalloc,subroutine,initallocmod,Ecosim_mods,f90src/Ecosim_mods/InitAllocMod.F90,/Users/jinyuntang/work/github/ecosim_workspace/main/f90src/Ecosim_mods/InitAllocMod.F90,11,155,subroutine InitAlloc(),False,True,2,43,
initallocmod::initplantmorphsize@f90src/ecosim_mods/initallocmod.f90:157,initplantmorphsize,initallocmod::initplantmorphsize,subroutine,initallocmod,Ecosim_mods,f90src/Ecosim_mods/InitAllocMod.F90,/Users/jinyuntang/work/github/ecosim_workspace/main/f90src/Ecosim_mods/InitAllocMod.F90,157,192,subroutine InitPlantMorphSize(),False,True,1,0,
startemod::starte@f90src/ecosim_mods/startemod.f90:39,starte,startemod::starte,subroutine,startemod,Ecosim_mods,f90src/Ecosim_mods/StarteMod.F90,/Users/jinyuntang/work/github/ecosim_workspace/main/f90src/Ecosim_mods/StarteMod.F90,39,189,"SUBROUTINE starte(NHW,NHE,NVN,NVS)",False,True,1,4,
startemod::initsoluteconcs@f90src/ecosim_mods/startemod.f90:192,initsoluteconcs,startemod::initsoluteconcs,subroutine,startemod,Ecosim_mods,f90src/Ecosim_mods/StarteMod.F90,/Users/jinyuntang/work/github/ecosim_workspace/main/f90src/Ecosim_mods/StarteMod.F90,192,499,"subroutine InitSoluteConcs(K,I,L,NY,NX,solutevar)",False,True,1,3,
startemod::initialstate@f90src/ecosim_mods/startemod.f90:502,initialstate,startemod::initialstate,subroutine,startemod,Ecosim_mods,f90src/Ecosim_mods/StarteMod.F90,/Users/jinyuntang/work/github/ecosim_workspace/main/f90src/Ecosim_mods/StarteMod.F90,502,574,"subroutine InitialState(NY,NX)",False,True,1,2,
startqmod::startq@f90src/ecosim_mods/startqmod.f90:34,startq,startqmod::startq,subroutine,startqmod,Ecosim_mods,f90src/Ecosim_mods/StartqMod.F90,/Users/jinyuntang/work/github/ecosim_workspace/main/f90src/Ecosim_mods/StartqMod.F90,34,113,"SUBROUTINE startq(NHWQ,NHEQ,NVNQ,NVSQ,NZ1Q,NZ2Q)",False,True,1,12,
startqmod::initstandingdead@f90src/ecosim_mods/startqmod.f90:116,initstandingdead,startqmod::initstandingdead,subroutine,startqmod,Ecosim_mods,f90src/Ecosim_mods/StartqMod.F90,/Users/jinyuntang/work/github/ecosim_workspace/main/f90src/Ecosim_mods/StartqMod.F90,116,159,"SUBROUTINE InitStandingDead(NZ,NY,NX)",False,True,1,2,
startqmod::initshootgrowth@f90src/ecosim_mods/startqmod.f90:162,initshootgrowth,startqmod::initshootgrowth,subroutine,startqmod,Ecosim_mods,f90src/Ecosim_mods/StartqMod.F90,/Users/jinyuntang/work/github/ecosim_workspace/main/f90src/Ecosim_mods/StartqMod.F90,162,186,"subroutine InitShootGrowth(NZ,NY,NX)",False,True,1,0,
startqmod::plantlitterfractions@f90src/ecosim_mods/startqmod.f90:189,plantlitterfractions,startqmod::plantlitterfractions,subroutine,startqmod,Ecosim_mods,f90src/Ecosim_mods/StartqMod.F90,/Users/jinyuntang/work/github/ecosim_workspace/main/f90src/Ecosim_mods/StartqMod.F90,189,430,"subroutine PlantLitterFractions(NZ,NY,NX)",False,True,1,4,
startqmod::pftthermalacclimation@f90src/ecosim_mods/startqmod.f90:433,pftthermalacclimation,startqmod::pftthermalacclimation,subroutine,startqmod,Ecosim_mods,f90src/Ecosim_mods/StartqMod.F90,/Users/jinyuntang/work/github/ecosim_workspace/main/f90src/Ecosim_mods/StartqMod.F90,433,465,"subroutine PFTThermalAcclimation(NZ,NY,NX)",False,True,1,0,
startqmod::initdimensionsanduptake@f90src/ecosim_mods/startqmod.f90:468,initdimensionsanduptake,startqmod::initdimensionsanduptake,subroutine,startqmod,Ecosim_mods,f90src/Ecosim_mods/StartqMod.F90,/Users/jinyuntang/work/github/ecosim_workspace/main/f90src/Ecosim_mods/StartqMod.F90,468,550,"subroutine InitDimensionsandUptake(NZ,NY,NX)",False,True,1,2,
startqmod::initplantphenomorphobio@f90src/ecosim_mods/startqmod.f90:553,initplantphenomorphobio,startqmod::initplantphenomorphobio,subroutine,startqmod,Ecosim_mods,f90src/Ecosim_mods/StartqMod.F90,/Users/jinyuntang/work/github/ecosim_workspace/main/f90src/Ecosim_mods/StartqMod.F90,553,709,"subroutine InitPlantPhenoMorphoBio(NZ,NY,NX)",False,True,1,1,
startqmod::initmassbalance@f90src/ecosim_mods/startqmod.f90:712,initmassbalance,startqmod::initmassbalance,subroutine,startqmod,Ecosim_mods,f90src/Ecosim_mods/StartqMod.F90,/Users/jinyuntang/work/github/ecosim_workspace/main/f90src/Ecosim_mods/StartqMod.F90,712,751,"subroutine InitMassBalance(NZ,NY,NX)",False,True,1,2,
startqmod::initplantheatandwater@f90src/ecosim_mods/startqmod.f90:754,initplantheatandwater,startqmod::initplantheatandwater,subroutine,startqmod,Ecosim_mods,f90src/Ecosim_mods/StartqMod.F90,/Users/jinyuntang/work/github/ecosim_workspace/main/f90src/Ecosim_mods/StartqMod.F90,754,771,"subroutine InitPlantHeatandWater(NZ,NY,NX)",False,True,1,1,
startqmod::initrootmychormorphobio@f90src/ecosim_mods/startqmod.f90:774,initrootmychormorphobio,startqmod::initrootmychormorphobio,subroutine,startqmod,Ecosim_mods,f90src/Ecosim_mods/StartqMod.F90,/Users/jinyuntang/work/github/ecosim_workspace/main/f90src/Ecosim_mods/StartqMod.F90,774,893,"subroutine InitRootMychorMorphoBio(NZ,NY,NX)",False,True,1,1,
startqmod::initseedmorphobio@f90src/ecosim_mods/startqmod.f90:896,initseedmorphobio,startqmod::initseedmorphobio,subroutine,startqmod,Ecosim_mods,f90src/Ecosim_mods/StartqMod.F90,/Users/jinyuntang/work/github/ecosim_workspace/main/f90src/Ecosim_mods/StartqMod.F90,896,951,"subroutine InitSeedMorphoBio(NZ,NY,NX)",False,True,1,1,
startsmod::starts@f90src/ecosim_mods/startsmod.f90:72,starts,startsmod::starts,subroutine,startsmod,Ecosim_mods,f90src/Ecosim_mods/StartsMod.F90,/Users/jinyuntang/work/github/ecosim_workspace/main/f90src/Ecosim_mods/StartsMod.F90,72,222,"SUBROUTINE starts(NHW,NHE,NVN,NVS)",False,True,1,11,
startsmod::initsoilvars@f90src/ecosim_mods/startsmod.f90:224,initsoilvars,startsmod::initsoilvars,subroutine,startsmod,Ecosim_mods,f90src/Ecosim_mods/StartsMod.F90,/Users/jinyuntang/work/github/ecosim_workspace/main/f90src/Ecosim_mods/StartsMod.F90,224,333,"subroutine InitSoilVars(NHW,NHE,NVN,NVS,ALTZG,LandScape1stSoiLayDepth)",False,True,2,2,
startsmod::initsoilprofile@f90src/ecosim_mods/startsmod.f90:335,initsoilprofile,startsmod::initsoilprofile,subroutine,startsmod,Ecosim_mods,f90src/Ecosim_mods/StartsMod.F90,/Users/jinyuntang/work/github/ecosim_workspace/main/f90src/Ecosim_mods/StartsMod.F90,335,547,"subroutine InitSoilProfile(NY,NX,LandScape1stSoiLayDepth)",False,True,1,7,
startsmod::initfertarrays@f90src/ecosim_mods/startsmod.f90:550,initfertarrays,startsmod::initfertarrays,subroutine,startsmod,Ecosim_mods,f90src/Ecosim_mods/StartsMod.F90,/Users/jinyuntang/work/github/ecosim_workspace/main/f90src/Ecosim_mods/StartsMod.F90,550,599,"subroutine initFertArrays(NY,NX)",False,True,1,0,
startsmod::initgridelevation@f90src/ecosim_mods/startsmod.f90:602,initgridelevation,startsmod::initgridelevation,subroutine,startsmod,Ecosim_mods,f90src/Ecosim_mods/StartsMod.F90,/Users/jinyuntang/work/github/ecosim_workspace/main/f90src/Ecosim_mods/StartsMod.F90,602,729,"subroutine InitGridElevation(NHW,NHE,NVN,NVS,YSIN,YCOS,SkyAzimuthAngle,ALTY)",False,True,2,2,
startsmod::initcontrolparms@f90src/ecosim_mods/startsmod.f90:731,initcontrolparms,startsmod::initcontrolparms,subroutine,startsmod,Ecosim_mods,f90src/Ecosim_mods/StartsMod.F90,/Users/jinyuntang/work/github/ecosim_workspace/main/f90src/Ecosim_mods/StartsMod.F90,731,778,subroutine InitControlParms,False,True,2,1,
startsmod::initaccumulators@f90src/ecosim_mods/startsmod.f90:780,initaccumulators,startsmod::initaccumulators,subroutine,startsmod,Ecosim_mods,f90src/Ecosim_mods/StartsMod.F90,/Users/jinyuntang/work/github/ecosim_workspace/main/f90src/Ecosim_mods/StartsMod.F90,780,864,subroutine InitAccumulators(),False,True,2,1,
startsmod::inithgrid@f90src/ecosim_mods/startsmod.f90:867,inithgrid,startsmod::inithgrid,subroutine,startsmod,Ecosim_mods,f90src/Ecosim_mods/StartsMod.F90,/Users/jinyuntang/work/github/ecosim_workspace/main/f90src/Ecosim_mods/StartsMod.F90,867,881,"subroutine InitHGrid(NY,NX)",False,True,2,1,
startsmod::initlayerdepths@f90src/ecosim_mods/startsmod.f90:883,initlayerdepths,startsmod::initlayerdepths,subroutine,startsmod,Ecosim_mods,f90src/Ecosim_mods/StartsMod.F90,/Users/jinyuntang/work/github/ecosim_workspace/main/f90src/Ecosim_mods/StartsMod.F90,883,975,"subroutine InitLayerDepths(NY,NX)",False,True,2,3,
startsmod::set_ecosim_solver@f90src/ecosim_mods/startsmod.f90:979,set_ecosim_solver,startsmod::set_ecosim_solver,subroutine,startsmod,Ecosim_mods,f90src/Ecosim_mods/StartsMod.F90,/Users/jinyuntang/work/github/ecosim_workspace/main/f90src/Ecosim_mods/StartsMod.F90,979,1009,"subroutine set_ecosim_solver(NPXS1,NPYS1,NCYC_LITR,NCYC_SNOW)",False,True,2,0,
startsmod::startsim@f90src/ecosim_mods/startsmod.f90:1013,startsim,startsmod::startsim,subroutine,startsmod,Ecosim_mods,f90src/Ecosim_mods/StartsMod.F90,/Users/jinyuntang/work/github/ecosim_workspace/main/f90src/Ecosim_mods/StartsMod.F90,1013,1166,"subroutine startsim(NHW,NHE,NVN,NVS)",False,False,1,11,
chemequilibriamod::nosaltchemequilibria@f90src/geochem/box_chem/chemequilibriamod.f90:22,nosaltchemequilibria,chemequilibriamod::nosaltchemequilibria,subroutine,chemequilibriamod,Geochem,f90src/Geochem/Box_chem/ChemEquilibriaMod.F90,/Users/jinyuntang/work/github/ecosim_workspace/main/f90src/Geochem/Box_chem/ChemEquilibriaMod.F90,22,775,"subroutine NoSaltChemEquilibria(I,J,L,NY,NX,chemvar,solflx)",False,True,1,1,
chemequilibriamod::printchemvar@f90src/geochem/box_chem/chemequilibriamod.f90:778,printchemvar,chemequilibriamod::printchemvar,subroutine,chemequilibriamod,Geochem,f90src/Geochem/Box_chem/ChemEquilibriaMod.F90,/Users/jinyuntang/work/github/ecosim_workspace/main/f90src/Geochem/Box_chem/ChemEquilibriaMod.F90,778,833,subroutine PrintChemVar(chemvar),False,False,0,0,
geochemmathmod::a2bc_chemreact_quad@f90src/geochem/box_chem/geochemmathmod.f90:13,a2bc_chemreact_quad,geochemmathmod::a2bc_chemreact_quad,function,geochemmathmod,Geochem,f90src/Geochem/Box_chem/GeoChemMathMod.F90,/Users/jinyuntang/work/github/ecosim_workspace/main/f90src/Geochem/Box_chem/GeoChemMathMod.F90,13,41,"function A2BC_ChemReact_Quad(A,B,C,DK)result(RAProd)",False,False,0,0,
geochemmathmod::a2bc_chemreact_grad@f90src/geochem/box_chem/geochemmathmod.f90:45,a2bc_chemreact_grad,geochemmathmod::a2bc_chemreact_grad,function,geochemmathmod,Geochem,f90src/Geochem/Box_chem/GeoChemMathMod.F90,/Users/jinyuntang/work/github/ecosim_workspace/main/f90src/Geochem/Box_chem/GeoChemMathMod.F90,45,61,"function A2BC_ChemReact_Grad(A,B,C,DK)result(RAProd)",False,False,0,0,
initsolutemod::initsoluteproperty@f90src/geochem/box_chem/initsolutemod.f90:154,initsoluteproperty,initsolutemod::initsoluteproperty,subroutine,initsolutemod,Geochem,f90src/Geochem/Box_chem/InitSoluteMod.F90,/Users/jinyuntang/work/github/ecosim_workspace/main/f90src/Geochem/Box_chem/InitSoluteMod.F90,154,207,subroutine InitSoluteProperty,False,True,1,0,
initsolutemod::initsolutemodel@f90src/geochem/box_chem/initsolutemod.f90:210,initsolutemodel,initsolutemod::initsolutemodel,subroutine,initsolutemod,Geochem,f90src/Geochem/Box_chem/InitSoluteMod.F90,/Users/jinyuntang/work/github/ecosim_workspace/main/f90src/Geochem/Box_chem/InitSoluteMod.F90,210,366,"SUBROUTINE InitSoluteModel(K,BulkSoilMass,solutevar)",False,True,1,3,
initsolutemod::initequilibria@f90src/geochem/box_chem/initsolutemod.f90:369,initequilibria,initsolutemod::initequilibria,subroutine,initsolutemod,Geochem,f90src/Geochem/Box_chem/InitSoluteMod.F90,/Users/jinyuntang/work/github/ecosim_workspace/main/f90src/Geochem/Box_chem/InitSoluteMod.F90,369,612,"subroutine InitEquilibria(K,BulkSoilMass)",False,True,1,2,
initsolutemod::solubilityequilibiriasalt@f90src/geochem/box_chem/initsolutemod.f90:615,solubilityequilibiriasalt,initsolutemod::solubilityequilibiriasalt,subroutine,initsolutemod,Geochem,f90src/Geochem/Box_chem/InitSoluteMod.F90,/Users/jinyuntang/work/github/ecosim_workspace/main/f90src/Geochem/Box_chem/InitSoluteMod.F90,615,1606,"subroutine SolubilityEquilibiriaSalt(K,M,BulkSoilMass)",False,True,1,2,
initsolutemod::solubilityequilibrianosalt@f90src/geochem/box_chem/initsolutemod.f90:1609,solubilityequilibrianosalt,initsolutemod::solubilityequilibrianosalt,subroutine,initsolutemod,Geochem,f90src/Geochem/Box_chem/InitSoluteMod.F90,/Users/jinyuntang/work/github/ecosim_workspace/main/f90src/Geochem/Box_chem/InitSoluteMod.F90,1609,1743,"subroutine SolubilityEquilibriaNoSalt(K,M,BulkSoilMass)",False,True,1,0,
saltchemequilibriamod::saltchemequilibria@f90src/geochem/box_chem/saltchemequilibriamod.f90:299,saltchemequilibria,saltchemequilibriamod::saltchemequilibria,subroutine,saltchemequilibriamod,Geochem,f90src/Geochem/Box_chem/SaltChemEquilibriaMod.F90,/Users/jinyuntang/work/github/ecosim_workspace/main/f90src/Geochem/Box_chem/SaltChemEquilibriaMod.F90,299,535,"subroutine SaltChemEquilibria(chemvar,solflx)",False,True,1,3,
saltchemequilibriamod::prepionconcentrations@f90src/geochem/box_chem/saltchemequilibriamod.f90:538,prepionconcentrations,saltchemequilibriamod::prepionconcentrations,subroutine,saltchemequilibriamod,Geochem,f90src/Geochem/Box_chem/SaltChemEquilibriaMod.F90,/Users/jinyuntang/work/github/ecosim_workspace/main/f90src/Geochem/Box_chem/SaltChemEquilibriaMod.F90,538,731,subroutine PrepIonConcentrations,False,True,1,0,
saltchemequilibriamod::solvechemequilibria@f90src/geochem/box_chem/saltchemequilibriamod.f90:733,solvechemequilibria,saltchemequilibriamod::solvechemequilibria,subroutine,saltchemequilibriamod,Geochem,f90src/Geochem/Box_chem/SaltChemEquilibriaMod.F90,/Users/jinyuntang/work/github/ecosim_workspace/main/f90src/Geochem/Box_chem/SaltChemEquilibriaMod.F90,733,981,subroutine SolveChemEquilibria,False,True,1,12,
saltchemequilibriamod::phospprecipdissolnonband@f90src/geochem/box_chem/saltchemequilibriamod.f90:984,phospprecipdissolnonband,saltchemequilibriamod::phospprecipdissolnonband,subroutine,saltchemequilibriamod,Geochem,f90src/Geochem/Box_chem/SaltChemEquilibriaMod.F90,/Users/jinyuntang/work/github/ecosim_workspace/main/f90src/Geochem/Box_chem/SaltChemEquilibriaMod.F90,984,1339,subroutine PhospPrecipDissolNonBand,False,True,1,1,
saltchemequilibriamod::summarizeionfluxes@f90src/geochem/box_chem/saltchemequilibriamod.f90:1342,summarizeionfluxes,saltchemequilibriamod::summarizeionfluxes,subroutine,saltchemequilibriamod,Geochem,f90src/Geochem/Box_chem/SaltChemEquilibriaMod.F90,/Users/jinyuntang/work/github/ecosim_workspace/main/f90src/Geochem/Box_chem/SaltChemEquilibriaMod.F90,1342,1478,subroutine SummarizeIonFluxes,False,True,1,0,
saltchemequilibriamod::getsoluteconcentrations@f90src/geochem/box_chem/saltchemequilibriamod.f90:1481,getsoluteconcentrations,saltchemequilibriamod::getsoluteconcentrations,subroutine,saltchemequilibriamod,Geochem,f90src/Geochem/Box_chem/SaltChemEquilibriaMod.F90,/Users/jinyuntang/work/github/ecosim_workspace/main/f90src/Geochem/Box_chem/SaltChemEquilibriaMod.F90,1481,1545,subroutine GetSoluteConcentrations,False,True,1,1,
saltchemequilibriamod::ionstrengthactivity@f90src/geochem/box_chem/saltchemequilibriamod.f90:1548,ionstrengthactivity,saltchemequilibriamod::ionstrengthactivity,subroutine,saltchemequilibriamod,Geochem,f90src/Geochem/Box_chem/SaltChemEquilibriaMod.F90,/Users/jinyuntang/work/github/ecosim_workspace/main/f90src/Geochem/Box_chem/SaltChemEquilibriaMod.F90,1548,1655,subroutine IonStrengthActivity,False,True,1,1,
saltchemequilibriamod::phospprecipdissolband@f90src/geochem/box_chem/saltchemequilibriamod.f90:1658,phospprecipdissolband,saltchemequilibriamod::phospprecipdissolband,subroutine,saltchemequilibriamod,Geochem,f90src/Geochem/Box_chem/SaltChemEquilibriaMod.F90,/Users/jinyuntang/work/github/ecosim_workspace/main/f90src/Geochem/Box_chem/SaltChemEquilibriaMod.F90,1658,1978,subroutine PhospPrecipDissolBand,False,True,1,1,
saltchemequilibriamod::phospanionexchnoband@f90src/geochem/box_chem/saltchemequilibriamod.f90:1981,phospanionexchnoband,saltchemequilibriamod::phospanionexchnoband,subroutine,saltchemequilibriamod,Geochem,f90src/Geochem/Box_chem/SaltChemEquilibriaMod.F90,/Users/jinyuntang/work/github/ecosim_workspace/main/f90src/Geochem/Box_chem/SaltChemEquilibriaMod.F90,1981,2034,subroutine PhospAnionExchNoBand,False,True,1,0,
saltchemequilibriamod::phospanionexchband@f90src/geochem/box_chem/saltchemequilibriamod.f90:2037,phospanionexchband,saltchemequilibriamod::phospanionexchband,subroutine,saltchemequilibriamod,Geochem,f90src/Geochem/Box_chem/SaltChemEquilibriaMod.F90,/Users/jinyuntang/work/github/ecosim_workspace/main/f90src/Geochem/Box_chem/SaltChemEquilibriaMod.F90,2037,2084,subroutine PhospAnionExchBand,False,True,1,0,
saltchemequilibriamod::cationexchange@f90src/geochem/box_chem/saltchemequilibriamod.f90:2087,cationexchange,saltchemequilibriamod::cationexchange,subroutine,saltchemequilibriamod,Geochem,f90src/Geochem/Box_chem/SaltChemEquilibriaMod.F90,/Users/jinyuntang/work/github/ecosim_workspace/main/f90src/Geochem/Box_chem/SaltChemEquilibriaMod.F90,2087,2175,subroutine CationExchange,False,True,1,0,
saltchemequilibriamod::solutedissociation@f90src/geochem/box_chem/saltchemequilibriamod.f90:2178,solutedissociation,saltchemequilibriamod::solutedissociation,subroutine,saltchemequilibriamod,Geochem,f90src/Geochem/Box_chem/SaltChemEquilibriaMod.F90,/Users/jinyuntang/work/github/ecosim_workspace/main/f90src/Geochem/Box_chem/SaltChemEquilibriaMod.F90,2178,2466,subroutine SoluteDissociation,False,True,1,0,
saltchemequilibriamod::updateionfluxcurentiter@f90src/geochem/box_chem/saltchemequilibriamod.f90:2469,updateionfluxcurentiter,saltchemequilibriamod::updateionfluxcurentiter,subroutine,saltchemequilibriamod,Geochem,f90src/Geochem/Box_chem/SaltChemEquilibriaMod.F90,/Users/jinyuntang/work/github/ecosim_workspace/main/f90src/Geochem/Box_chem/SaltChemEquilibriaMod.F90,2469,2555,subroutine UpdateIonFluxCurentIter,False,True,1,0,
saltchemequilibriamod::updateionconccurrentiter@f90src/geochem/box_chem/saltchemequilibriamod.f90:2558,updateionconccurrentiter,saltchemequilibriamod::updateionconccurrentiter,subroutine,saltchemequilibriamod,Geochem,f90src/Geochem/Box_chem/SaltChemEquilibriaMod.F90,/Users/jinyuntang/work/github/ecosim_workspace/main/f90src/Geochem/Box_chem/SaltChemEquilibriaMod.F90,2558,2677,subroutine UpdateIonConcCurrentIter,False,True,1,0,
saltchemequilibriamod::accumulateionflux@f90src/geochem/box_chem/saltchemequilibriamod.f90:2680,accumulateionflux,saltchemequilibriamod::accumulateionflux,subroutine,saltchemequilibriamod,Geochem,f90src/Geochem/Box_chem/SaltChemEquilibriaMod.F90,/Users/jinyuntang/work/github/ecosim_workspace/main/f90src/Geochem/Box_chem/SaltChemEquilibriaMod.F90,2680,2780,subroutine AccumulateIonFlux,False,True,1,0,
solutechemdatatype::solute_setzero@f90src/geochem/box_chem/solutechemdatatype.f90:375,solute_setzero,solutechemdatatype::solute_setzero,subroutine,solutechemdatatype,Geochem,f90src/Geochem/Box_chem/SoluteChemDataType.F90,/Users/jinyuntang/work/github/ecosim_workspace/main/f90src/Geochem/Box_chem/SoluteChemDataType.F90,375,504,subroutine solute_SetZero(this),False,False,0,0,
solutechemdatatype::setzero@f90src/geochem/box_chem/solutechemdatatype.f90:507,setzero,solutechemdatatype::setzero,subroutine,solutechemdatatype,Geochem,f90src/Geochem/Box_chem/SoluteChemDataType.F90,/Users/jinyuntang/work/github/ecosim_workspace/main/f90src/Geochem/Box_chem/SoluteChemDataType.F90,507,608,subroutine SetZero(solflx),False,False,0,0,
solutemod::geochemequilibria@f90src/geochem/layers_chem/solutemod.f90:43,geochemequilibria,solutemod::geochemequilibria,subroutine,solutemod,Geochem,f90src/Geochem/Layers_chem/SoluteMod.F90,/Users/jinyuntang/work/github/ecosim_workspace/main/f90src/Geochem/Layers_chem/SoluteMod.F90,43,56,"subroutine GeoChemEquilibria(I,J,L,NY,NX,chemvar, solflx)",False,True,1,2,
solutemod::updatefertilizerband@f90src/geochem/layers_chem/solutemod.f90:61,updatefertilizerband,solutemod::updatefertilizerband,subroutine,solutemod,Geochem,f90src/Geochem/Layers_chem/SoluteMod.F90,/Users/jinyuntang/work/github/ecosim_workspace/main/f90src/Geochem/Layers_chem/SoluteMod.F90,61,135,"subroutine UpdateFertilizerBand(L,NY,NX)",False,True,1,4,
solutemod::ureahydrolysis@f90src/geochem/layers_chem/solutemod.f90:139,ureahydrolysis,solutemod::ureahydrolysis,subroutine,solutemod,Geochem,f90src/Geochem/Layers_chem/SoluteMod.F90,/Users/jinyuntang/work/github/ecosim_workspace/main/f90src/Geochem/Layers_chem/SoluteMod.F90,139,215,"subroutine UreaHydrolysis(L,NY,NX,RFertReleaz_Urea,RFertReleaz_UreaBand)",False,True,1,0,
solutemod::updatesoilfertlizer@f90src/geochem/layers_chem/solutemod.f90:218,updatesoilfertlizer,solutemod::updatesoilfertlizer,subroutine,solutemod,Geochem,f90src/Geochem/Layers_chem/SoluteMod.F90,/Users/jinyuntang/work/github/ecosim_workspace/main/f90src/Geochem/Layers_chem/SoluteMod.F90,218,508,"subroutine UpdateSoilFertlizer(I,J,L,NY,NX,chemvar)",False,True,1,1,
solutemod::updatenh3fertilizerbandinfo@f90src/geochem/layers_chem/solutemod.f90:512,updatenh3fertilizerbandinfo,solutemod::updatenh3fertilizerbandinfo,subroutine,solutemod,Geochem,f90src/Geochem/Layers_chem/SoluteMod.F90,/Users/jinyuntang/work/github/ecosim_workspace/main/f90src/Geochem/Layers_chem/SoluteMod.F90,512,612,"subroutine UpdateNH3FertilizerBandinfo(L,NY,NX,FLWD)",False,True,1,0,
solutemod::updatepo4fertilizerbandinfo@f90src/geochem/layers_chem/solutemod.f90:615,updatepo4fertilizerbandinfo,solutemod::updatepo4fertilizerbandinfo,subroutine,solutemod,Geochem,f90src/Geochem/Layers_chem/SoluteMod.F90,/Users/jinyuntang/work/github/ecosim_workspace/main/f90src/Geochem/Layers_chem/SoluteMod.F90,615,842,"subroutine UpdatePO4FertilizerBandinfo(L,NY,NX,FLWD)",False,True,1,0,
solutemod::updateno3fertilizerbandinfo@f90src/geochem/layers_chem/solutemod.f90:845,updateno3fertilizerbandinfo,solutemod::updateno3fertilizerbandinfo,subroutine,solutemod,Geochem,f90src/Geochem/Layers_chem/SoluteMod.F90,/Users/jinyuntang/work/github/ecosim_workspace/main/f90src/Geochem/Layers_chem/SoluteMod.F90,845,938,"subroutine UpdateNO3FertilizerBandinfo(L,NY,NX,FLWD)",False,True,1,0,
solutemod::updatesurfresiduesolute@f90src/geochem/layers_chem/solutemod.f90:941,updatesurfresiduesolute,solutemod::updatesurfresiduesolute,subroutine,solutemod,Geochem,f90src/Geochem/Layers_chem/SoluteMod.F90,/Users/jinyuntang/work/github/ecosim_workspace/main/f90src/Geochem/Layers_chem/SoluteMod.F90,941,1296,"subroutine UpdateSurfResidueSolute(NX,NY)",False,True,1,1,
canopyhydromod::canopyinterceptprecip@f90src/hydrotherm/canopyphys/canopyhydromod.f90:25,canopyinterceptprecip,canopyhydromod::canopyinterceptprecip,subroutine,canopyhydromod,HydroTherm,f90src/HydroTherm/CanopyPhys/CanopyHydroMod.F90,/Users/jinyuntang/work/github/ecosim_workspace/main/f90src/HydroTherm/CanopyPhys/CanopyHydroMod.F90,25,102,"subroutine CanopyInterceptPrecip(NY,NX)",False,True,1,1,
hydrothermdata::inithydrothermdata@f90src/hydrotherm/physdata/hydrothermdata.f90:67,inithydrothermdata,hydrothermdata::inithydrothermdata,subroutine,hydrothermdata,HydroTherm,f90src/HydroTherm/PhysData/HydroThermData.F90,/Users/jinyuntang/work/github/ecosim_workspace/main/f90src/HydroTherm/PhysData/HydroThermData.F90,67,127,subroutine InitHydroThermData,False,True,1,0,
hydrothermdata::destructhydrothermdata@f90src/hydrotherm/physdata/hydrothermdata.f90:130,destructhydrothermdata,hydrothermdata::destructhydrothermdata,subroutine,hydrothermdata,HydroTherm,f90src/HydroTherm/PhysData/HydroThermData.F90,/Users/jinyuntang/work/github/ecosim_workspace/main/f90src/HydroTherm/PhysData/HydroThermData.F90,130,190,subroutine DestructHydroThermData,False,True,1,1,
soilphysparamod::calcsoilwatpotential@f90src/hydrotherm/physdata/soilphysparamod.f90:34,calcsoilwatpotential,soilphysparamod::calcsoilwatpotential,subroutine,soilphysparamod,HydroTherm,f90src/HydroTherm/PhysData/SoilPhysParaMod.F90,/Users/jinyuntang/work/github/ecosim_workspace/main/f90src/HydroTherm/PhysData/SoilPhysParaMod.F90,34,79,"subroutine CalcSoilWatPotential(NY,NX,N1,N2,N3,PSISoilMatric,THETA1S)",False,True,2,4,
soilphysparamod::computepsipond@f90src/hydrotherm/physdata/soilphysparamod.f90:82,computepsipond,soilphysparamod::computepsipond,subroutine,soilphysparamod,HydroTherm,f90src/HydroTherm/PhysData/SoilPhysParaMod.F90,/Users/jinyuntang/work/github/ecosim_workspace/main/f90src/HydroTherm/PhysData/SoilPhysParaMod.F90,82,115,"subroutine ComputePSIPond(L,NY,NX,ThetafI,ThetafW,ThetaW,PSI)",False,True,2,1,
soilphysparamod::setdeepsoil@f90src/hydrotherm/physdata/soilphysparamod.f90:118,setdeepsoil,soilphysparamod::setdeepsoil,subroutine,soilphysparamod,HydroTherm,f90src/HydroTherm/PhysData/SoilPhysParaMod.F90,/Users/jinyuntang/work/github/ecosim_workspace/main/f90src/HydroTherm/PhysData/SoilPhysParaMod.F90,118,197,"subroutine SetDeepSoil(NY,NX,NM,JZ)",False,True,2,0,
soilphysparamod::calcsoilthermconductivity@f90src/hydrotherm/physdata/soilphysparamod.f90:200,calcsoilthermconductivity,soilphysparamod::calcsoilthermconductivity,subroutine,soilphysparamod,HydroTherm,f90src/HydroTherm/PhysData/SoilPhysParaMod.F90,/Users/jinyuntang/work/github/ecosim_workspace/main/f90src/HydroTherm/PhysData/SoilPhysParaMod.F90,200,233,"subroutine CalcSoilThermConductivity(N1,N2,N3,DTKX,TCND1)",False,True,2,0,
soilphysparamod::get_tfrez@f90src/hydrotherm/physdata/soilphysparamod.f90:236,get_tfrez,soilphysparamod::get_tfrez,function,soilphysparamod,HydroTherm,f90src/HydroTherm/PhysData/SoilPhysParaMod.F90,/Users/jinyuntang/work/github/ecosim_workspace/main/f90src/HydroTherm/PhysData/SoilPhysParaMod.F90,236,249,pure function get_Tfrez(PSI)result(TFREEZ),False,True,2,0,
soilphysparamod::computepsimcm@f90src/hydrotherm/physdata/soilphysparamod.f90:253,computepsimcm,soilphysparamod::computepsimcm,subroutine,soilphysparamod,HydroTherm,f90src/HydroTherm/PhysData/SoilPhysParaMod.F90,/Users/jinyuntang/work/github/ecosim_workspace/main/f90src/HydroTherm/PhysData/SoilPhysParaMod.F90,253,277,"subroutine ComputePsiMCM(N6,N5,N4,THETWL,PSISM1)",False,True,5,1,
soilphysparamod::getmoistk@f90src/hydrotherm/physdata/soilphysparamod.f90:280,getmoistk,soilphysparamod::getmoistk,function,soilphysparamod,HydroTherm,f90src/HydroTherm/PhysData/SoilPhysParaMod.F90,/Users/jinyuntang/work/github/ecosim_workspace/main/f90src/HydroTherm/PhysData/SoilPhysParaMod.F90,280,287,"pure function getMoistK(thetawl,pores)result(K)",False,True,4,0,
soilphysparamod::ispondlayer@f90src/hydrotherm/physdata/soilphysparamod.f90:290,ispondlayer,soilphysparamod::ispondlayer,function,soilphysparamod,HydroTherm,f90src/HydroTherm/PhysData/SoilPhysParaMod.F90,/Users/jinyuntang/work/github/ecosim_workspace/main/f90src/HydroTherm/PhysData/SoilPhysParaMod.F90,290,297,pure function IsPondLayer(bulkDS)result(ans),False,True,9,0,
snowbalancemod::debugsnowprint@f90src/hydrotherm/snowphys/snowbalancemod.f90:43,debugsnowprint,snowbalancemod::debugsnowprint,subroutine,snowbalancemod,HydroTherm,f90src/HydroTherm/SnowPhys/SnowBalanceMod.F90,/Users/jinyuntang/work/github/ecosim_workspace/main/f90src/HydroTherm/SnowPhys/SnowBalanceMod.F90,43,54,"subroutine DebugSnowPrint(I,J,NY,NX,info)",False,False,0,0,
snowbalancemod::snowmassupdate@f90src/hydrotherm/snowphys/snowbalancemod.f90:57,snowmassupdate,snowbalancemod::snowmassupdate,subroutine,snowbalancemod,HydroTherm,f90src/HydroTherm/SnowPhys/SnowBalanceMod.F90,/Users/jinyuntang/work/github/ecosim_workspace/main/f90src/HydroTherm/SnowPhys/SnowBalanceMod.F90,57,166,"subroutine SnowMassUpdate(I,J,NY,NX,QWatinfl2Mic,QHeatInfl2Soil)",False,True,2,4,
snowbalancemod::snowpackdisapper@f90src/hydrotherm/snowphys/snowbalancemod.f90:170,snowpackdisapper,snowbalancemod::snowpackdisapper,subroutine,snowbalancemod,HydroTherm,f90src/HydroTherm/SnowPhys/SnowBalanceMod.F90,/Users/jinyuntang/work/github/ecosim_workspace/main/f90src/HydroTherm/SnowPhys/SnowBalanceMod.F90,170,261,"subroutine SnowpackDisapper(I,J,NY,NX,test_exist,QWatinfl2Mic,QHeatInfl2Soil)",False,True,1,1,
snowbalancemod::dealhightempsnow@f90src/hydrotherm/snowphys/snowbalancemod.f90:263,dealhightempsnow,snowbalancemod::dealhightempsnow,subroutine,snowbalancemod,HydroTherm,f90src/HydroTherm/SnowPhys/SnowBalanceMod.F90,/Users/jinyuntang/work/github/ecosim_workspace/main/f90src/HydroTherm/SnowPhys/SnowBalanceMod.F90,263,306,"subroutine DealHighTempSnow(I,J,L,NY,NX)",False,False,0,1,
snowbalancemod::dealnegativesnowmass@f90src/hydrotherm/snowphys/snowbalancemod.f90:309,dealnegativesnowmass,snowbalancemod::dealnegativesnowmass,subroutine,snowbalancemod,HydroTherm,f90src/HydroTherm/SnowPhys/SnowBalanceMod.F90,/Users/jinyuntang/work/github/ecosim_workspace/main/f90src/HydroTherm/SnowPhys/SnowBalanceMod.F90,309,383,"subroutine DealNegativeSnowMass(I,J,L,NY,NX)",False,False,0,1,
snowbalancemod::updatesnowlayerl@f90src/hydrotherm/snowphys/snowbalancemod.f90:387,updatesnowlayerl,snowbalancemod::updatesnowlayerl,subroutine,snowbalancemod,HydroTherm,f90src/HydroTherm/SnowPhys/SnowBalanceMod.F90,/Users/jinyuntang/work/github/ecosim_workspace/main/f90src/HydroTherm/SnowPhys/SnowBalanceMod.F90,387,545,"subroutine UpdateSnowLayerL(I,J,L,NY,NX,VOLSWI)",False,True,1,4,
snowbalancemod::snowpacklayering@f90src/hydrotherm/snowphys/snowbalancemod.f90:549,snowpacklayering,snowbalancemod::snowpacklayering,subroutine,snowbalancemod,HydroTherm,f90src/HydroTherm/SnowPhys/SnowBalanceMod.F90,/Users/jinyuntang/work/github/ecosim_workspace/main/f90src/HydroTherm/SnowPhys/SnowBalanceMod.F90,549,822,"subroutine SnowpackLayering(I,J,NY,NX)",False,True,1,4,
snowbalancemod::zerosnowarrays@f90src/hydrotherm/snowphys/snowbalancemod.f90:825,zerosnowarrays,snowbalancemod::zerosnowarrays,subroutine,snowbalancemod,HydroTherm,f90src/HydroTherm/SnowPhys/SnowBalanceMod.F90,/Users/jinyuntang/work/github/ecosim_workspace/main/f90src/HydroTherm/SnowPhys/SnowBalanceMod.F90,825,846,"subroutine ZeroSnowArrays(NY,NX)",False,False,0,0,
snowphysdata::initsnowphysdata@f90src/hydrotherm/snowphys/snowphysdata.f90:63,initsnowphysdata,snowphysdata::initsnowphysdata,subroutine,snowphysdata,HydroTherm,f90src/HydroTherm/SnowPhys/SnowPhysData.F90,/Users/jinyuntang/work/github/ecosim_workspace/main/f90src/HydroTherm/SnowPhys/SnowPhysData.F90,63,117,subroutine  InitSnowPhysData,False,True,1,0,
snowphysdata::destructsnowphysdata@f90src/hydrotherm/snowphys/snowphysdata.f90:119,destructsnowphysdata,snowphysdata::destructsnowphysdata,subroutine,snowphysdata,HydroTherm,f90src/HydroTherm/SnowPhys/SnowPhysData.F90,/Users/jinyuntang/work/github/ecosim_workspace/main/f90src/HydroTherm/SnowPhys/SnowPhysData.F90,119,170,subroutine DestructSnowPhysData,False,True,1,1,
snowphysmod::initsnowlayers@f90src/hydrotherm/snowphys/snowphysmod.f90:56,initsnowlayers,snowphysmod::initsnowlayers,subroutine,snowphysmod,HydroTherm,f90src/HydroTherm/SnowPhys/SnowPhysMod.F90,/Users/jinyuntang/work/github/ecosim_workspace/main/f90src/HydroTherm/SnowPhys/SnowPhysMod.F90,56,149,"subroutine InitSnowLayers(NY,NX,XSW)",False,True,2,1,
snowphysmod::initsnowaccumsm@f90src/hydrotherm/snowphys/snowphysmod.f90:153,initsnowaccumsm,snowphysmod::initsnowaccumsm,subroutine,snowphysmod,HydroTherm,f90src/HydroTherm/SnowPhys/SnowPhysMod.F90,/Users/jinyuntang/work/github/ecosim_workspace/main/f90src/HydroTherm/SnowPhys/SnowPhysMod.F90,153,206,"subroutine InitSnowAccumsM(I,J,M,NY,NX)",False,True,1,1,
snowphysmod::snowpackiterationmm@f90src/hydrotherm/snowphys/snowphysmod.f90:211,snowpackiterationmm,snowphysmod::snowpackiterationmm,subroutine,snowphysmod,HydroTherm,f90src/HydroTherm/SnowPhys/SnowPhysMod.F90,/Users/jinyuntang/work/github/ecosim_workspace/main/f90src/HydroTherm/SnowPhys/SnowPhysMod.F90,211,478,"subroutine SnowPackIterationMM(dt_SnoHeat,I,J,M,NY,NX,TotWatXFlx2SoiMicP,TotHeatFlow2Soi,WatFlowSno2MacP, TotSnoWatFlow2Litr,TotSnoHeatFlow2Litr,CumWatFlx2SoiMacP,CumWatFlx2SoiMicP, CumWatXFlx2SoiMicP,CumSnowWatFLow2LitR,CumNetHeatFlow2LitR,cumNetHeatFlow2Soil)",False,True,1,5,
snowphysmod::solvesnowpackm@f90src/hydrotherm/snowphys/snowphysmod.f90:482,solvesnowpackm,snowphysmod::solvesnowpackm,subroutine,snowphysmod,HydroTherm,f90src/HydroTherm/SnowPhys/SnowPhysMod.F90,/Users/jinyuntang/work/github/ecosim_workspace/main/f90src/HydroTherm/SnowPhys/SnowPhysMod.F90,482,763,"subroutine SolveSnowpackM(I,J,M,NY,NX,LatentHeatAir2Sno,Radnet2Snow,HeatSensEvapAir2Snow,HeatSensAir2Snow, HeatNetFlx2Snow,CumWatFlx2SoiMacP,CumWatFlx2SoiMicP,CumWatXFlx2SoiMicP,CumSnowWatFLow2LitR, CumNetHeatFlow2LitR,cumNetHeatFlow2Soil)",False,True,1,4,
snowphysmod::snowatmosexchangemm@f90src/hydrotherm/snowphys/snowphysmod.f90:765,snowatmosexchangemm,snowphysmod::snowatmosexchangemm,subroutine,snowphysmod,HydroTherm,f90src/HydroTherm/SnowPhys/SnowPhysMod.F90,/Users/jinyuntang/work/github/ecosim_workspace/main/f90src/HydroTherm/SnowPhys/SnowPhysMod.F90,765,909,"subroutine SnowAtmosExchangeMM(I,J,M,NY,NX,SnoFall,Rainfall,IceFall,SnowVolume,HeatSnofall2Snow, LatentHeatAir2Sno,HeatSensEvapAir2Snow,HeatNetFlx2Snow,Radnet2Snow,HeatSensAir2Snow)",False,True,1,5,
snowphysmod::prepitersnowlayerm@f90src/hydrotherm/snowphys/snowphysmod.f90:911,prepitersnowlayerm,snowphysmod::prepitersnowlayerm,subroutine,snowphysmod,HydroTherm,f90src/HydroTherm/SnowPhys/SnowPhysMod.F90,/Users/jinyuntang/work/github/ecosim_workspace/main/f90src/HydroTherm/SnowPhys/SnowPhysMod.F90,911,940,"subroutine PrepIterSnowLayerM(I,J,M,NY,NX)",False,True,1,1,
snowphysmod::updatesnowpack1m@f90src/hydrotherm/snowphys/snowphysmod.f90:943,updatesnowpack1m,snowphysmod::updatesnowpack1m,subroutine,snowphysmod,HydroTherm,f90src/HydroTherm/SnowPhys/SnowPhysMod.F90,/Users/jinyuntang/work/github/ecosim_workspace/main/f90src/HydroTherm/SnowPhys/SnowPhysMod.F90,943,1038,"subroutine UpdateSnowPack1M(I,J,M,NY,NX)",False,True,1,2,
snowphysmod::accumulatesnowredisfluxm@f90src/hydrotherm/snowphys/snowphysmod.f90:1041,accumulatesnowredisfluxm,snowphysmod::accumulatesnowredisfluxm,subroutine,snowphysmod,HydroTherm,f90src/HydroTherm/SnowPhys/SnowPhysMod.F90,/Users/jinyuntang/work/github/ecosim_workspace/main/f90src/HydroTherm/SnowPhys/SnowPhysMod.F90,1041,1055,"subroutine AccumulateSnowRedisFluxM(I,J,M,NHW,NHE,NVN,NVS)",False,True,1,0,
snowphysmod::updatesnowatm@f90src/hydrotherm/snowphys/snowphysmod.f90:1057,updatesnowatm,snowphysmod::updatesnowatm,subroutine,snowphysmod,HydroTherm,f90src/HydroTherm/SnowPhys/SnowPhysMod.F90,/Users/jinyuntang/work/github/ecosim_workspace/main/f90src/HydroTherm/SnowPhys/SnowPhysMod.F90,1057,1194,"subroutine UpdateSnowAtM(I,J,M,NY,NX)",False,True,1,2,
snowphysmod::snowredistributionm@f90src/hydrotherm/snowphys/snowphysmod.f90:1197,snowredistributionm,snowphysmod::snowredistributionm,subroutine,snowphysmod,HydroTherm,f90src/HydroTherm/SnowPhys/SnowPhysMod.F90,/Users/jinyuntang/work/github/ecosim_workspace/main/f90src/HydroTherm/SnowPhys/SnowPhysMod.F90,1197,1304,"subroutine SnowRedistributionM(M,NY,NX,NHE,NHW,NVS,NVN)",False,True,1,1,
snowphysmod::sumsnowdriftbyrunoffm@f90src/hydrotherm/snowphys/snowphysmod.f90:1307,sumsnowdriftbyrunoffm,snowphysmod::sumsnowdriftbyrunoffm,subroutine,snowphysmod,HydroTherm,f90src/HydroTherm/SnowPhys/SnowPhysMod.F90,/Users/jinyuntang/work/github/ecosim_workspace/main/f90src/HydroTherm/SnowPhys/SnowPhysMod.F90,1307,1355,"subroutine SumSnowDriftByRunoffM(M,N,N1,N2,N4,N5,N4B,N5B)",False,True,1,0,
snowphysmod::zerosnowfluxm@f90src/hydrotherm/snowphys/snowphysmod.f90:1357,zerosnowfluxm,snowphysmod::zerosnowfluxm,subroutine,snowphysmod,HydroTherm,f90src/HydroTherm/SnowPhys/SnowPhysMod.F90,/Users/jinyuntang/work/github/ecosim_workspace/main/f90src/HydroTherm/SnowPhys/SnowPhysMod.F90,1357,1367,"subroutine ZeroSnowFluxM(NY,NX)",False,True,1,0,
snowphysmod::calcsnowbndresistance@f90src/hydrotherm/snowphys/snowphysmod.f90:1369,calcsnowbndresistance,snowphysmod::calcsnowbndresistance,function,snowphysmod,HydroTherm,f90src/HydroTherm/SnowPhys/SnowPhysMod.F90,/Users/jinyuntang/work/github/ecosim_workspace/main/f90src/HydroTherm/SnowPhys/SnowPhysMod.F90,1369,1403,"FUNCTION CalcSnowBNDResistance(NY,NX)result(RAS)",False,True,2,1,
snowphysmod::snowsurflitriteration@f90src/hydrotherm/snowphys/snowphysmod.f90:1407,snowsurflitriteration,snowphysmod::snowsurflitriteration,subroutine,snowphysmod,HydroTherm,f90src/HydroTherm/SnowPhys/SnowPhysMod.F90,/Users/jinyuntang/work/github/ecosim_workspace/main/f90src/HydroTherm/SnowPhys/SnowPhysMod.F90,1407,1629,"subroutine SnowSurfLitRIteration(I,J,dt_SnoHeat,L,M,NY,NX,AvgThermCondctSnoLitR,AvgThermCondctSoilLitR, AvgVaporCondctSoilLitR,AvgVaporCondctSnowLitR,PSISV1,VLairSno1, TotWatXFlx2SoiMicP,TotHeatFlow2Soi,TotSnoWatFlow2Litr,TotSnoHeatFlow2Litr)",False,True,1,3,
snowphysmod::stagesnowmodel@f90src/hydrotherm/snowphys/snowphysmod.f90:1632,stagesnowmodel,snowphysmod::stagesnowmodel,subroutine,snowphysmod,HydroTherm,f90src/HydroTherm/SnowPhys/SnowPhysMod.F90,/Users/jinyuntang/work/github/ecosim_workspace/main/f90src/HydroTherm/SnowPhys/SnowPhysMod.F90,1632,1670,"subroutine StageSnowModel(I,J,NY,NX)",False,True,1,1,
snowphysmod::updatesoilwaterpotential@f90src/hydrotherm/snowphys/snowphysmod.f90:1673,updatesoilwaterpotential,snowphysmod::updatesoilwaterpotential,subroutine,snowphysmod,HydroTherm,f90src/HydroTherm/SnowPhys/SnowPhysMod.F90,/Users/jinyuntang/work/github/ecosim_workspace/main/f90src/HydroTherm/SnowPhys/SnowPhysMod.F90,1673,1718,"subroutine UpdateSoilWaterPotential(NY,NX)",False,True,1,2,
snowphysmod::snowsurlitterexch@f90src/hydrotherm/snowphys/snowphysmod.f90:1720,snowsurlitterexch,snowphysmod::snowsurlitterexch,subroutine,snowphysmod,HydroTherm,f90src/HydroTherm/SnowPhys/SnowPhysMod.F90,/Users/jinyuntang/work/github/ecosim_workspace/main/f90src/HydroTherm/SnowPhys/SnowPhysMod.F90,1720,1815,"subroutine SnowSurLitterExch(I,J,dt_SnoHeat,M,L,NY,NX,VapCond1,VapCond2,TCND1W,VLairSno1,PSISV1,TCNDS, TotWatXFlx2SoiMicP,TotHeatFlow2Soi,TotSnoWatFlow2Litr,TotSnoHeatFlow2Litr)",False,True,1,3,
snowphysmod::snowtopsoilexch@f90src/hydrotherm/snowphys/snowphysmod.f90:1819,snowtopsoilexch,snowphysmod::snowtopsoilexch,subroutine,snowphysmod,HydroTherm,f90src/HydroTherm/SnowPhys/SnowPhysMod.F90,/Users/jinyuntang/work/github/ecosim_workspace/main/f90src/HydroTherm/SnowPhys/SnowPhysMod.F90,1819,1927,"subroutine SnowTopSoilExch(dt_SnoHeat,M,L,NY,NX,VapCond1,VapSnoSrc,VLairSno1,TCND1W, VapFlxSno2Soi1,HeatConvFlxSno2Soi1,HeatCndFlxSno2Soi,VapCond2,PSISV1,TCNDS)",False,True,1,3,
snowtransportmod::saltpercolthrusnow@f90src/hydrotherm/snowphys/snowtransportmod.f90:39,saltpercolthrusnow,snowtransportmod::saltpercolthrusnow,subroutine,snowtransportmod,HydroTherm,f90src/HydroTherm/SnowPhys/SnowTransportMod.F90,/Users/jinyuntang/work/github/ecosim_workspace/main/f90src/HydroTherm/SnowPhys/SnowTransportMod.F90,39,182,"subroutine SaltPercolThruSnow(I,J,N1,N2)",False,False,0,1,
snowtransportmod::diagsnowchemmass@f90src/hydrotherm/snowphys/snowtransportmod.f90:186,diagsnowchemmass,snowtransportmod::diagsnowchemmass,subroutine,snowtransportmod,HydroTherm,f90src/HydroTherm/SnowPhys/SnowTransportMod.F90,/Users/jinyuntang/work/github/ecosim_workspace/main/f90src/HydroTherm/SnowPhys/SnowTransportMod.F90,186,222,"subroutine DiagSnowChemMass(I,J,NY,NX)",False,True,1,0,
snowtransportmod::chemicalbysnowredistribution@f90src/hydrotherm/snowphys/snowtransportmod.f90:225,chemicalbysnowredistribution,snowtransportmod::chemicalbysnowredistribution,subroutine,snowtransportmod,HydroTherm,f90src/HydroTherm/SnowPhys/SnowTransportMod.F90,/Users/jinyuntang/work/github/ecosim_workspace/main/f90src/HydroTherm/SnowPhys/SnowTransportMod.F90,225,253,"subroutine ChemicalBySnowRedistribution(I,J,NY,NX)",False,False,0,0,
snowtransportmod::solutetransportthrusnow@f90src/hydrotherm/snowphys/snowtransportmod.f90:257,solutetransportthrusnow,snowtransportmod::solutetransportthrusnow,subroutine,snowtransportmod,HydroTherm,f90src/HydroTherm/SnowPhys/SnowTransportMod.F90,/Users/jinyuntang/work/github/ecosim_workspace/main/f90src/HydroTherm/SnowPhys/SnowTransportMod.F90,257,293,"subroutine SoluteTransportThruSnow(I,J,L,NY,NX)",False,False,0,4,
soilhydroparamod::getsoilhydraulicvars@f90src/hydrotherm/soilphys/soilhydroparamod.f90:40,getsoilhydraulicvars,soilhydroparamod::getsoilhydraulicvars,subroutine,soilhydroparamod,HydroTherm,f90src/HydroTherm/SoilPhys/SoilHydroParaMod.F90,/Users/jinyuntang/work/github/ecosim_workspace/main/f90src/HydroTherm/SoilPhys/SoilHydroParaMod.F90,40,123,"subroutine GetSoilHydraulicVars(I,J,NY,NX)",False,True,1,4,
soilhydroparamod::soilhydroproperty@f90src/hydrotherm/soilphys/soilhydroparamod.f90:128,soilhydroproperty,soilhydroparamod::soilhydroproperty,subroutine,soilhydroparamod,HydroTherm,f90src/HydroTherm/SoilPhys/SoilHydroParaMod.F90,/Users/jinyuntang/work/github/ecosim_workspace/main/f90src/HydroTherm/SoilPhys/SoilHydroParaMod.F90,128,296,"subroutine SoilHydroProperty(I,J,L,NY,NX)",False,True,1,5,
soilhydroparamod::setcoldrunsoilstates@f90src/hydrotherm/soilphys/soilhydroparamod.f90:299,setcoldrunsoilstates,soilhydroparamod::setcoldrunsoilstates,subroutine,soilhydroparamod,HydroTherm,f90src/HydroTherm/SoilPhys/SoilHydroParaMod.F90,/Users/jinyuntang/work/github/ecosim_workspace/main/f90src/HydroTherm/SoilPhys/SoilHydroParaMod.F90,299,386,"subroutine SetColdRunSoilStates(I,J,L,NY,NX)",False,True,1,1,
soilhydroparamod::litterhydroproperty@f90src/hydrotherm/soilphys/soilhydroparamod.f90:388,litterhydroproperty,soilhydroparamod::litterhydroproperty,subroutine,soilhydroparamod,HydroTherm,f90src/HydroTherm/SoilPhys/SoilHydroParaMod.F90,/Users/jinyuntang/work/github/ecosim_workspace/main/f90src/HydroTherm/SoilPhys/SoilHydroParaMod.F90,388,430,"subroutine LitterHydroproperty(NY,NX)",False,True,1,1,
soilhydroparamod::computesoilhydropars@f90src/hydrotherm/soilphys/soilhydroparamod.f90:434,computesoilhydropars,soilhydroparamod::computesoilhydropars,subroutine,soilhydroparamod,HydroTherm,f90src/HydroTherm/SoilPhys/SoilHydroParaMod.F90,/Users/jinyuntang/work/github/ecosim_workspace/main/f90src/HydroTherm/SoilPhys/SoilHydroParaMod.F90,434,467,"subroutine ComputeSoilHydroPars(NY,NX,NU,NM)",False,True,2,0,
soilhydroparamod::calculate_soil_properties@f90src/hydrotherm/soilphys/soilhydroparamod.f90:470,calculate_soil_properties,soilhydroparamod::calculate_soil_properties,subroutine,soilhydroparamod,HydroTherm,f90src/HydroTherm/SoilPhys/SoilHydroParaMod.F90,/Users/jinyuntang/work/github/ecosim_workspace/main/f90src/HydroTherm/SoilPhys/SoilHydroParaMod.F90,470,522,"subroutine calculate_soil_properties(sand_in, silt_in, clay_in, d10, d30, d50, d60, cu, cc)",False,False,0,1,
soilhydroparamod::get_diameter_at_percent@f90src/hydrotherm/soilphys/soilhydroparamod.f90:525,get_diameter_at_percent,soilhydroparamod::get_diameter_at_percent,function,soilhydroparamod,HydroTherm,f90src/HydroTherm/SoilPhys/SoilHydroParaMod.F90,/Users/jinyuntang/work/github/ecosim_workspace/main/f90src/HydroTherm/SoilPhys/SoilHydroParaMod.F90,525,580,"function get_diameter_at_percent(target_pct, d_arr, p_arr) result(d_val)",False,False,1,0,
soilhydroparamod::estimate_natural_soil_limits@f90src/hydrotherm/soilphys/soilhydroparamod.f90:584,estimate_natural_soil_limits,soilhydroparamod::estimate_natural_soil_limits,subroutine,soilhydroparamod,HydroTherm,f90src/HydroTherm/SoilPhys/SoilHydroParaMod.F90,/Users/jinyuntang/work/github/ecosim_workspace/main/f90src/HydroTherm/SoilPhys/SoilHydroParaMod.F90,584,672,"subroutine estimate_natural_soil_limits(sand_in, silt_in, clay_in, om_in, D50_mm, e_min, e_max, status)",False,False,0,0,
soilhydroparamod::estimate_friction_natural@f90src/hydrotherm/soilphys/soilhydroparamod.f90:676,estimate_friction_natural,soilhydroparamod::estimate_friction_natural,subroutine,soilhydroparamod,HydroTherm,f90src/HydroTherm/SoilPhys/SoilHydroParaMod.F90,/Users/jinyuntang/work/github/ecosim_workspace/main/f90src/HydroTherm/SoilPhys/SoilHydroParaMod.F90,676,805,"subroutine estimate_friction_natural(e_in, e_min_in, e_max_in, D50_mm_in, sigma_v_total_kPa_in, rel_sat_in, suction_kPa_in, clay_in, phi_peak, phi_cv, dilatancy, p_prime, root_strain_pct, status)",False,False,0,0,
soilhydroparamod::estimate_mineral_cohesion@f90src/hydrotherm/soilphys/soilhydroparamod.f90:810,estimate_mineral_cohesion,soilhydroparamod::estimate_mineral_cohesion,function,soilhydroparamod,HydroTherm,f90src/HydroTherm/SoilPhys/SoilHydroParaMod.F90,/Users/jinyuntang/work/github/ecosim_workspace/main/f90src/HydroTherm/SoilPhys/SoilHydroParaMod.F90,810,872,"function estimate_mineral_cohesion(clay_fraction, om_fraction, e_current) result(c_prime)",False,False,0,0,
soilhydroparamod::estimate_root_stiffness@f90src/hydrotherm/soilphys/soilhydroparamod.f90:875,estimate_root_stiffness,soilhydroparamod::estimate_root_stiffness,subroutine,soilhydroparamod,HydroTherm,f90src/HydroTherm/SoilPhys/SoilHydroParaMod.F90,/Users/jinyuntang/work/github/ecosim_workspace/main/f90src/HydroTherm/SoilPhys/SoilHydroParaMod.F90,875,963,"subroutine estimate_root_stiffness(e_in, A_factor_in, sigma_v_total_in, suction_in, rel_sat_in, friction_deg_in, root_strain_pct_in, clay_fraction_in, om_fraction_in, G_max, G_root, deg_factor, p_prime, status)",False,False,0,1,
soilhydroparamod::get_gamma_ref@f90src/hydrotherm/soilphys/soilhydroparamod.f90:967,get_gamma_ref,soilhydroparamod::get_gamma_ref,function,soilhydroparamod,HydroTherm,f90src/HydroTherm/SoilPhys/SoilHydroParaMod.F90,/Users/jinyuntang/work/github/ecosim_workspace/main/f90src/HydroTherm/SoilPhys/SoilHydroParaMod.F90,967,1006,"function get_gamma_ref(clay_fraction, om_fraction) result(gamma_ref)",False,False,1,0,
watsubdatamod::initwatsubdata@f90src/hydrotherm/soilphys/watsubdatamod.f90:50,initwatsubdata,watsubdatamod::initwatsubdata,subroutine,watsubdatamod,HydroTherm,f90src/HydroTherm/SoilPhys/WatsubDataMod.F90,/Users/jinyuntang/work/github/ecosim_workspace/main/f90src/HydroTherm/SoilPhys/WatsubDataMod.F90,50,92,subroutine InitWatSubData,False,True,1,0,
watsubdatamod::destructwatsubdata@f90src/hydrotherm/soilphys/watsubdatamod.f90:95,destructwatsubdata,watsubdatamod::destructwatsubdata,subroutine,watsubdatamod,HydroTherm,f90src/HydroTherm/SoilPhys/WatsubDataMod.F90,/Users/jinyuntang/work/github/ecosim_workspace/main/f90src/HydroTherm/SoilPhys/WatsubDataMod.F90,95,134,subroutine DestructWatSubData,False,True,1,1,
watsubmod::initwatsub@f90src/hydrotherm/soilphys/watsubmod.f90:66,initwatsub,watsubmod::initwatsub,subroutine,watsubmod,HydroTherm,f90src/HydroTherm/SoilPhys/WatsubMod.F90,/Users/jinyuntang/work/github/ecosim_workspace/main/f90src/HydroTherm/SoilPhys/WatsubMod.F90,66,74,subroutine InitWatsub,False,True,1,2,
watsubmod::destroywatsub@f90src/hydrotherm/soilphys/watsubmod.f90:76,destroywatsub,watsubmod::destroywatsub,subroutine,watsubmod,HydroTherm,f90src/HydroTherm/SoilPhys/WatsubMod.F90,/Users/jinyuntang/work/github/ecosim_workspace/main/f90src/HydroTherm/SoilPhys/WatsubMod.F90,76,79,subroutine DestroyWatsub,False,False,0,1,
watsubmod::watsub@f90src/hydrotherm/soilphys/watsubmod.f90:82,watsub,watsubmod::watsub,subroutine,watsubmod,HydroTherm,f90src/HydroTherm/SoilPhys/WatsubMod.F90,/Users/jinyuntang/work/github/ecosim_workspace/main/f90src/HydroTherm/SoilPhys/WatsubMod.F90,82,201,"SUBROUTINE watsub(I,J,NHW,NHE,NVN,NVS)",False,True,1,21,
watsubmod::exitmassbalancem@f90src/hydrotherm/soilphys/watsubmod.f90:205,exitmassbalancem,watsubmod::exitmassbalancem,subroutine,watsubmod,HydroTherm,f90src/HydroTherm/SoilPhys/WatsubMod.F90,/Users/jinyuntang/work/github/ecosim_workspace/main/f90src/HydroTherm/SoilPhys/WatsubMod.F90,205,284,"subroutine ExitMassBalanceM(I,J,M,NHW,NHE,NVN,NVS,twatmass0,NUX0,twatmasstM)",False,True,1,2,
watsubmod::prephydrothermiterm@f90src/hydrotherm/soilphys/watsubmod.f90:287,prephydrothermiterm,watsubmod::prephydrothermiterm,subroutine,watsubmod,HydroTherm,f90src/HydroTherm/SoilPhys/WatsubMod.F90,/Users/jinyuntang/work/github/ecosim_workspace/main/f90src/HydroTherm/SoilPhys/WatsubMod.F90,287,325,"subroutine PrepHydroThermIterM(M,NHW,NHE,NVN,NVS,TopLayWatVol_col,NUX0)",False,True,1,1,
watsubmod::copysoilwatvoliteratem@f90src/hydrotherm/soilphys/watsubmod.f90:329,copysoilwatvoliteratem,watsubmod::copysoilwatvoliteratem,subroutine,watsubmod,HydroTherm,f90src/HydroTherm/SoilPhys/WatsubMod.F90,/Users/jinyuntang/work/github/ecosim_workspace/main/f90src/HydroTherm/SoilPhys/WatsubMod.F90,329,348,"subroutine CopySoilWatVolIterateM(I,J,M,NHW,NHE,NVN,NVS,TopLayWatVol_col)",False,True,1,0,
watsubmod::beginmasscheck@f90src/hydrotherm/soilphys/watsubmod.f90:351,beginmasscheck,watsubmod::beginmasscheck,subroutine,watsubmod,HydroTherm,f90src/HydroTherm/SoilPhys/WatsubMod.F90,/Users/jinyuntang/work/github/ecosim_workspace/main/f90src/HydroTherm/SoilPhys/WatsubMod.F90,351,370,"subroutine BeginMassCheck(NHW,NHE,NVN,NVS,twatmass0)",False,True,1,1,
watsubmod::localcopysoilvars@f90src/hydrotherm/soilphys/watsubmod.f90:372,localcopysoilvars,watsubmod::localcopysoilvars,subroutine,watsubmod,HydroTherm,f90src/HydroTherm/SoilPhys/WatsubMod.F90,/Users/jinyuntang/work/github/ecosim_workspace/main/f90src/HydroTherm/SoilPhys/WatsubMod.F90,372,541,"subroutine LocalCopySoilVars(I,J,NHW,NHE,NVN,NVS)",False,True,1,4,
watsubmod::initsoilhydrauics@f90src/hydrotherm/soilphys/watsubmod.f90:545,initsoilhydrauics,watsubmod::initsoilhydrauics,subroutine,watsubmod,HydroTherm,f90src/HydroTherm/SoilPhys/WatsubMod.F90,/Users/jinyuntang/work/github/ecosim_workspace/main/f90src/HydroTherm/SoilPhys/WatsubMod.F90,545,615,"subroutine InitSoilHydrauics(NHW,NHE,NVN,NVS)",False,True,1,0,
watsubmod::subsurface3dinternalflowm@f90src/hydrotherm/soilphys/watsubmod.f90:619,subsurface3dinternalflowm,watsubmod::subsurface3dinternalflowm,subroutine,watsubmod,HydroTherm,f90src/HydroTherm/SoilPhys/WatsubMod.F90,/Users/jinyuntang/work/github/ecosim_workspace/main/f90src/HydroTherm/SoilPhys/WatsubMod.F90,619,784,"subroutine Subsurface3DInternalFlowM(I,J,M,NHW,NHE,NVN,NVS,KSatRedusByRainKinetEnergy,HeatFluxAir2Soi)",False,True,1,8,
watsubmod::xboundaryflowm@f90src/hydrotherm/soilphys/watsubmod.f90:787,xboundaryflowm,watsubmod::xboundaryflowm,subroutine,watsubmod,HydroTherm,f90src/HydroTherm/SoilPhys/WatsubMod.F90,/Users/jinyuntang/work/github/ecosim_workspace/main/f90src/HydroTherm/SoilPhys/WatsubMod.F90,787,1043,"subroutine XBoundaryFlowM(I,J,M,NHW,NHE,NVN,NVS,RainEkReducedKsat)",False,True,1,10,
watsubmod::summarize3dflowm@f90src/hydrotherm/soilphys/watsubmod.f90:1045,summarize3dflowm,watsubmod::summarize3dflowm,subroutine,watsubmod,HydroTherm,f90src/HydroTherm/SoilPhys/WatsubMod.F90,/Users/jinyuntang/work/github/ecosim_workspace/main/f90src/HydroTherm/SoilPhys/WatsubMod.F90,1045,1188,"subroutine Summarize3DFlowM(I,J,M,NHW,NHE,NVN,NVS,Qinfl2MicP_col,HeatInfl2Soil,Qinfl2MacP_col)",False,True,1,2,
watsubmod::vertboundarydrainm@f90src/hydrotherm/soilphys/watsubmod.f90:1191,vertboundarydrainm,watsubmod::vertboundarydrainm,subroutine,watsubmod,HydroTherm,f90src/HydroTherm/SoilPhys/WatsubMod.F90,/Users/jinyuntang/work/github/ecosim_workspace/main/f90src/HydroTherm/SoilPhys/WatsubMod.F90,1191,1254,"subroutine VertBoundaryDrainM(I,J,N,N1,N2,N3,M4,M5,M6,RainEkReducedKsat,XN,RechargDist2WTBL,Recharg2WTBLScal)",False,True,1,4,
watsubmod::updatesoilmoisttempm@f90src/hydrotherm/soilphys/watsubmod.f90:1257,updatesoilmoisttempm,watsubmod::updatesoilmoisttempm,subroutine,watsubmod,HydroTherm,f90src/HydroTherm/SoilPhys/WatsubMod.F90,/Users/jinyuntang/work/github/ecosim_workspace/main/f90src/HydroTherm/SoilPhys/WatsubMod.F90,1257,1441,"subroutine UpdateSoilMoistTempM(I,J,M,NHW,NHE,NVN,NVS,dHGrnddTKsoi1)",False,True,1,6,
watsubmod::updatestatefluxatm@f90src/hydrotherm/soilphys/watsubmod.f90:1445,updatestatefluxatm,watsubmod::updatestatefluxatm,subroutine,watsubmod,HydroTherm,f90src/HydroTherm/SoilPhys/WatsubMod.F90,/Users/jinyuntang/work/github/ecosim_workspace/main/f90src/HydroTherm/SoilPhys/WatsubMod.F90,1445,1536,"subroutine UpdateStateFluxAtM(I,J,M,NHW,NHE,NVN,NVS)",False,True,1,0,
watsubmod::updatefluxatexit@f90src/hydrotherm/soilphys/watsubmod.f90:1540,updatefluxatexit,watsubmod::updatefluxatexit,subroutine,watsubmod,HydroTherm,f90src/HydroTherm/SoilPhys/WatsubMod.F90,/Users/jinyuntang/work/github/ecosim_workspace/main/f90src/HydroTherm/SoilPhys/WatsubMod.F90,1540,1571,"subroutine UpdateFluxAtExit(I,J,NHW,NHE,NVN,NVS)",False,True,1,0,
watsubmod::get_dpthh@f90src/hydrotherm/soilphys/watsubmod.f90:1574,get_dpthh,watsubmod::get_dpthh,function,watsubmod,HydroTherm,f90src/HydroTherm/SoilPhys/WatsubMod.F90,/Users/jinyuntang/work/github/ecosim_workspace/main/f90src/HydroTherm/SoilPhys/WatsubMod.F90,1574,1590,"pure function get_DPTHH(L,NY,NX)result(DPTHH)",False,True,1,0,
watsubmod::config4tiledrainage@f90src/hydrotherm/soilphys/watsubmod.f90:1593,config4tiledrainage,watsubmod::config4tiledrainage,subroutine,watsubmod,HydroTherm,f90src/HydroTherm/SoilPhys/WatsubMod.F90,/Users/jinyuntang/work/github/ecosim_workspace/main/f90src/HydroTherm/SoilPhys/WatsubMod.F90,1593,1665,"subroutine Config4TileDrainage(L,NY,NX,DPTHH,DoMicPDischarg2Tile,DoMacPDischarg2Tile)",False,True,1,1,
watsubmod::config4watertabledrain@f90src/hydrotherm/soilphys/watsubmod.f90:1668,config4watertabledrain,watsubmod::config4watertabledrain,subroutine,watsubmod,HydroTherm,f90src/HydroTherm/SoilPhys/WatsubMod.F90,/Users/jinyuntang/work/github/ecosim_workspace/main/f90src/HydroTherm/SoilPhys/WatsubMod.F90,1668,1731,"subroutine Config4WaterTableDrain(I,J,L,NY,NX,DPTHH,DoMicPDischarg2ExtWTBL,DoMacPDischarg2ExtWTBL)",False,True,1,0,
watsubmod::initsoil3dmodeliteratem@f90src/hydrotherm/soilphys/watsubmod.f90:1735,initsoil3dmodeliteratem,watsubmod::initsoil3dmodeliteratem,subroutine,watsubmod,HydroTherm,f90src/HydroTherm/SoilPhys/WatsubMod.F90,/Users/jinyuntang/work/github/ecosim_workspace/main/f90src/HydroTherm/SoilPhys/WatsubMod.F90,1735,1799,"subroutine InitSoil3DModelIterateM(I,J,M,NHW,NHE,NVN,NVS)",False,True,1,6,
watsubmod::micropxgriddarcyflow@f90src/hydrotherm/soilphys/watsubmod.f90:1802,micropxgriddarcyflow,watsubmod::micropxgriddarcyflow,subroutine,watsubmod,HydroTherm,f90src/HydroTherm/SoilPhys/WatsubMod.F90,/Users/jinyuntang/work/github/ecosim_workspace/main/f90src/HydroTherm/SoilPhys/WatsubMod.F90,1802,2006,"subroutine MicropXGridDarcyFlow(N,N1,N2,N3,N4,N5,N6,THETA1,THETAL,KSatRedusByRainKinetEnergy, PredDarcyFlowMax,WatDarcyFlowMicP,HeatByDarcyFlowMicP,PSISV1,PSISVL)",False,True,1,4,
watsubmod::macropxgridflow@f90src/hydrotherm/soilphys/watsubmod.f90:2008,macropxgridflow,watsubmod::macropxgridflow,subroutine,watsubmod,HydroTherm,f90src/HydroTherm/SoilPhys/WatsubMod.F90,/Users/jinyuntang/work/github/ecosim_workspace/main/f90src/HydroTherm/SoilPhys/WatsubMod.F90,2008,2079,"subroutine MacropXgridFLow(N,N1,N2,N3,N4,N5,N6,WaterMacpFlow,HeatByFlowMacP,LInvalidMacP)",False,True,1,0,
watsubmod::watervaporxgridflow@f90src/hydrotherm/soilphys/watsubmod.f90:2082,watervaporxgridflow,watsubmod::watervaporxgridflow,subroutine,watsubmod,HydroTherm,f90src/HydroTherm/SoilPhys/WatsubMod.F90,/Users/jinyuntang/work/github/ecosim_workspace/main/f90src/HydroTherm/SoilPhys/WatsubMod.F90,2082,2147,"subroutine WaterVaporXgridFlow(M,N,N1,N2,N3,N4,N5,N6,PSISV1,PSISVL,ConvectVapFlux,HeatByConvectVapFlux)",False,True,1,4,
watsubmod::solvexgridheatconduction@f90src/hydrotherm/soilphys/watsubmod.f90:2150,solvexgridheatconduction,watsubmod::solvexgridheatconduction,subroutine,watsubmod,HydroTherm,f90src/HydroTherm/SoilPhys/WatsubMod.F90,/Users/jinyuntang/work/github/ecosim_workspace/main/f90src/HydroTherm/SoilPhys/WatsubMod.F90,2150,2252,"subroutine SolveXgridHeatConduction(I,J,M,N,N1,N2,N3,N4,N5,N6,ConvectVapFlux,HeatByConvectVapFlux,HeatFluxAir2Soi)",False,True,1,3,
watsubmod::dischargeoverwatertbl@f90src/hydrotherm/soilphys/watsubmod.f90:2254,dischargeoverwatertbl,watsubmod::dischargeoverwatertbl,subroutine,watsubmod,HydroTherm,f90src/HydroTherm/SoilPhys/WatsubMod.F90,/Users/jinyuntang/work/github/ecosim_workspace/main/f90src/HydroTherm/SoilPhys/WatsubMod.F90,2254,2365,"subroutine DischargeOverWaterTBL(I,J,N,N1,N2,N3,M4,M5,M6,DoMicPDischarg2ExtWTBL,DoMacPDischarg2ExtWTBL, RechargDist2WTBL,Recharg2WTBLScal,DPTHH,XN,TargetWaterTBL,FracLayVolBelowWTBL)",False,True,1,2,
watsubmod::rechargefromextwatertbl@f90src/hydrotherm/soilphys/watsubmod.f90:2368,rechargefromextwatertbl,watsubmod::rechargefromextwatertbl,subroutine,watsubmod,HydroTherm,f90src/HydroTherm/SoilPhys/WatsubMod.F90,/Users/jinyuntang/work/github/ecosim_workspace/main/f90src/HydroTherm/SoilPhys/WatsubMod.F90,2368,2464,"SUBROUTINE RechargeFromExtWaterTBL(I,J,M,N,N1,N2,N3,M4,M5,M6,DPTHH,RechargDist2WTBL, Recharg2WTBLScal,XN,AirfMicP,VOLPX2,AirfMacP,str_dir)",False,True,1,2,
watsubmod::freezethawiteratem@f90src/hydrotherm/soilphys/watsubmod.f90:2467,freezethawiteratem,watsubmod::freezethawiteratem,subroutine,watsubmod,HydroTherm,f90src/HydroTherm/SoilPhys/WatsubMod.F90,/Users/jinyuntang/work/github/ecosim_workspace/main/f90src/HydroTherm/SoilPhys/WatsubMod.F90,2467,2603,"subroutine FreezeThawIterateM(I,J,M,NY,NX,L,N1,N2,N3)",False,True,1,3,
surflitterphysmod::partlitsoilfractionm@f90src/hydrotherm/surfphys/surflitterphysmod.f90:43,partlitsoilfractionm,surflitterphysmod::partlitsoilfractionm,subroutine,surflitterphysmod,HydroTherm,f90src/HydroTherm/SurfPhys/SurfLitterPhysMod.F90,/Users/jinyuntang/work/github/ecosim_workspace/main/f90src/HydroTherm/SurfPhys/SurfLitterPhysMod.F90,43,65,"subroutine PartLitSoilFractionM(I,J,NY,NX)",False,True,2,1,
surflitterphysmod::surflitrenergybalancem@f90src/hydrotherm/surfphys/surflitterphysmod.f90:68,surflitrenergybalancem,surflitterphysmod::surflitrenergybalancem,subroutine,surflitterphysmod,HydroTherm,f90src/HydroTherm/SurfPhys/SurfLitterPhysMod.F90,/Users/jinyuntang/work/github/ecosim_workspace/main/f90src/HydroTherm/SurfPhys/SurfLitterPhysMod.F90,68,182,"subroutine SurfLitREnergyBalanceM(I,J,M,NY,NX,PSISV1,Prec2LitR2,RainHeat2LitR2, CumNetWatFlow2LitR,CumNetHeatFlow2LitR,CumWatFlx2SoiMicP,CumWatFlx2SoiMacP,cumNetHeatFlow2Soil, HeatSensLitR2Soi1,HeatSensVapLitR2Soi1,EvapLitR2Soi1,VapXAir2LitR,HeatFluxAir2LitR)",False,True,1,4,
surflitterphysmod::calclitrthermconductivity@f90src/hydrotherm/surfphys/surflitterphysmod.f90:185,calclitrthermconductivity,surflitterphysmod::calclitrthermconductivity,subroutine,surflitterphysmod,HydroTherm,f90src/HydroTherm/SurfPhys/SurfLitterPhysMod.F90,/Users/jinyuntang/work/github/ecosim_workspace/main/f90src/HydroTherm/SurfPhys/SurfLitterPhysMod.F90,185,214,"subroutine CalcLitRThermConductivity(NY,NX,DTKX,TCNDR)",False,True,1,0,
surflitterphysmod::surflitteriterationm@f90src/hydrotherm/surfphys/surflitterphysmod.f90:218,surflitteriterationm,surflitterphysmod::surflitteriterationm,subroutine,surflitterphysmod,HydroTherm,f90src/HydroTherm/SurfPhys/SurfLitterPhysMod.F90,/Users/jinyuntang/work/github/ecosim_workspace/main/f90src/HydroTherm/SurfPhys/SurfLitterPhysMod.F90,218,490,"subroutine SurfLitterIterationM(I,J,M,NY,NX,CdTLit2Soil,CdVaporLit2Soil,PSISV1,Radt2LitR,Prec2LitR2,RainHeat2LitR2, CumNetWatFlow2LitR,CumNetHeatFlow2LitR,CumWatFlx2SoiMicP,CumWatFlx2SoiMacP,cumNetHeatFlow2Soil, EvapLitR2Soi1,HeatSensAir2LitR,HeatSensEvapAir2LitR,HeatSensLitR2Soi1, HeatSensVapLitR2Soi1,LatentHeatAir2LitR,LWRadLitR,Radnet2LitR,VapXAir2LitR,HeatFluxAir2LitR)",False,True,1,3,
surflitterphysmod::updatelitrphys@f90src/hydrotherm/surfphys/surflitterphysmod.f90:493,updatelitrphys,surflitterphysmod::updatelitrphys,subroutine,surflitterphysmod,HydroTherm,f90src/HydroTherm/SurfPhys/SurfLitterPhysMod.F90,/Users/jinyuntang/work/github/ecosim_workspace/main/f90src/HydroTherm/SurfPhys/SurfLitterPhysMod.F90,493,554,"subroutine UpdateLitRPhys(I,J,NY,NX,dWat,dHeat,HEATIN_lnd)",False,True,1,4,
surflitterphysmod::updatelitrbe4runoffm@f90src/hydrotherm/surfphys/surflitterphysmod.f90:557,updatelitrbe4runoffm,surflitterphysmod::updatelitrbe4runoffm,subroutine,surflitterphysmod,HydroTherm,f90src/HydroTherm/SurfPhys/SurfLitterPhysMod.F90,/Users/jinyuntang/work/github/ecosim_workspace/main/f90src/HydroTherm/SurfPhys/SurfLitterPhysMod.F90,557,652,"subroutine UpdateLitRBe4RunoffM(I,J,M,NY,NX)",False,True,1,3,
surflitterphysmod::updatelitraftrunoffm@f90src/hydrotherm/surfphys/surflitterphysmod.f90:655,updatelitraftrunoffm,surflitterphysmod::updatelitraftrunoffm,subroutine,surflitterphysmod,HydroTherm,f90src/HydroTherm/SurfPhys/SurfLitterPhysMod.F90,/Users/jinyuntang/work/github/ecosim_workspace/main/f90src/HydroTherm/SurfPhys/SurfLitterPhysMod.F90,655,736,"subroutine UpdateLitRAftRunoffM(I,J,M,NY,NX)",False,True,1,2,
surflitterphysmod::xgridssurfrunoffm@f90src/hydrotherm/surfphys/surflitterphysmod.f90:740,xgridssurfrunoffm,surflitterphysmod::xgridssurfrunoffm,subroutine,surflitterphysmod,HydroTherm,f90src/HydroTherm/SurfPhys/SurfLitterPhysMod.F90,/Users/jinyuntang/work/github/ecosim_workspace/main/f90src/HydroTherm/SurfPhys/SurfLitterPhysMod.F90,740,883,"subroutine XGridsSurfRunoffM(I,J,M,NY,NX,NHE,NHW,NVS,NVN)",False,True,1,1,
surfphysdata::initsurfphysdata@f90src/hydrotherm/surfphys/surfphysdata.f90:51,initsurfphysdata,surfphysdata::initsurfphysdata,subroutine,surfphysdata,HydroTherm,f90src/HydroTherm/SurfPhys/SurfPhysData.F90,/Users/jinyuntang/work/github/ecosim_workspace/main/f90src/HydroTherm/SurfPhys/SurfPhysData.F90,51,90,subroutine InitSurfPhysData,False,True,1,0,
surfphysdata::destructsurfphysdata@f90src/hydrotherm/surfphys/surfphysdata.f90:93,destructsurfphysdata,surfphysdata::destructsurfphysdata,subroutine,surfphysdata,HydroTherm,f90src/HydroTherm/SurfPhys/SurfPhysData.F90,/Users/jinyuntang/work/github/ecosim_workspace/main/f90src/HydroTherm/SurfPhys/SurfPhysData.F90,93,132,subroutine DestructSurfPhysData,False,False,1,1,
surfphysmod::sethourlyaccumulatorsats@f90src/hydrotherm/surfphys/surfphysmod.f90:78,sethourlyaccumulatorsats,surfphysmod::sethourlyaccumulatorsats,subroutine,surfphysmod,HydroTherm,f90src/HydroTherm/SurfPhys/SurfPhysMod.F90,/Users/jinyuntang/work/github/ecosim_workspace/main/f90src/HydroTherm/SurfPhys/SurfPhysMod.F90,78,111,"subroutine SetHourlyAccumulatorsATS(NY,NX)",False,False,1,1,
surfphysmod::stagesurfacephysmodel@f90src/hydrotherm/surfphys/surfphysmod.f90:114,stagesurfacephysmodel,surfphysmod::stagesurfacephysmodel,subroutine,surfphysmod,HydroTherm,f90src/HydroTherm/SurfPhys/SurfPhysMod.F90,/Users/jinyuntang/work/github/ecosim_workspace/main/f90src/HydroTherm/SurfPhys/SurfPhysMod.F90,114,173,"subroutine StageSurfacePhysModel(I,J,NHW,NHE,NVN,NVS,ResistanceLitRLay)",False,True,2,8,
surfphysmod::copysurfacevars@f90src/hydrotherm/surfphys/surfphysmod.f90:177,copysurfacevars,surfphysmod::copysurfacevars,subroutine,surfphysmod,HydroTherm,f90src/HydroTherm/SurfPhys/SurfPhysMod.F90,/Users/jinyuntang/work/github/ecosim_workspace/main/f90src/HydroTherm/SurfPhys/SurfPhysMod.F90,177,237,"subroutine CopySurfaceVars(I,J,NY,NX)",False,True,1,3,
surfphysmod::partionsurfacefraction@f90src/hydrotherm/surfphys/surfphysmod.f90:241,partionsurfacefraction,surfphysmod::partionsurfacefraction,subroutine,surfphysmod,HydroTherm,f90src/HydroTherm/SurfPhys/SurfPhysMod.F90,/Users/jinyuntang/work/github/ecosim_workspace/main/f90src/HydroTherm/SurfPhys/SurfPhysMod.F90,241,257,"subroutine PartionSurfaceFraction(I,J,NY,NX)",False,True,1,1,
surfphysmod::setcanopyproperty@f90src/hydrotherm/surfphys/surfphysmod.f90:260,setcanopyproperty,surfphysmod::setcanopyproperty,subroutine,surfphysmod,HydroTherm,f90src/HydroTherm/SurfPhys/SurfPhysMod.F90,/Users/jinyuntang/work/github/ecosim_workspace/main/f90src/HydroTherm/SurfPhys/SurfPhysMod.F90,260,285,"subroutine SetCanopyProperty(I,J,NY,NX)",False,True,1,2,
surfphysmod::radiation2surface@f90src/hydrotherm/surfphys/surfphysmod.f90:288,radiation2surface,surfphysmod::radiation2surface,subroutine,surfphysmod,HydroTherm,f90src/HydroTherm/SurfPhys/SurfPhysMod.F90,/Users/jinyuntang/work/github/ecosim_workspace/main/f90src/HydroTherm/SurfPhys/SurfPhysMod.F90,288,329,"subroutine Radiation2Surface(I,J,NY,NX)",False,True,1,1,
surfphysmod::litersoilradiationm@f90src/hydrotherm/surfphys/surfphysmod.f90:332,litersoilradiationm,surfphysmod::litersoilradiationm,subroutine,surfphysmod,HydroTherm,f90src/HydroTherm/SurfPhys/SurfPhysMod.F90,/Users/jinyuntang/work/github/ecosim_workspace/main/f90src/HydroTherm/SurfPhys/SurfPhysMod.F90,332,352,"subroutine LiterSoilRadiationM(I,J,NY,NX)",False,True,1,1,
surfphysmod::surfaceresistances@f90src/hydrotherm/surfphys/surfphysmod.f90:355,surfaceresistances,surfphysmod::surfaceresistances,subroutine,surfphysmod,HydroTherm,f90src/HydroTherm/SurfPhys/SurfPhysMod.F90,/Users/jinyuntang/work/github/ecosim_workspace/main/f90src/HydroTherm/SurfPhys/SurfPhysMod.F90,355,443,"subroutine SurfaceResistances(I,J,NY,NX,ResistanceLitRLay)",False,True,1,3,
surfphysmod::soilsrfenerbybalancem@f90src/hydrotherm/surfphys/surfphysmod.f90:447,soilsrfenerbybalancem,surfphysmod::soilsrfenerbybalancem,subroutine,surfphysmod,HydroTherm,f90src/HydroTherm/SurfPhys/SurfPhysMod.F90,/Users/jinyuntang/work/github/ecosim_workspace/main/f90src/HydroTherm/SurfPhys/SurfPhysMod.F90,447,615,"subroutine SoilSRFEnerbyBalanceM(M,I,J,NY,NX,PSISV1,LWRadGrnd_col,ResistanceLitRLay,TopLayWatVol, VapXAir2TopLay,HeatFluxAir2Soi)",False,True,1,4,
surfphysmod::exposedsoilfluxm@f90src/hydrotherm/surfphys/surfphysmod.f90:619,exposedsoilfluxm,surfphysmod::exposedsoilfluxm,subroutine,surfphysmod,HydroTherm,f90src/HydroTherm/SurfPhys/SurfPhysMod.F90,/Users/jinyuntang/work/github/ecosim_workspace/main/f90src/HydroTherm/SurfPhys/SurfPhysMod.F90,619,662,"subroutine ExposedSoilFluxM(I,J,M,NY,NX,CumSnowWatFlow2LitR,CumSnoHeatFlow2LitR, CumWatFlx2SoiMicP,CumWatFlx2SoiMacP,cumSnoHeatFlow2Soil,Prec2LitR2,RainHeat2LitR2, PrecNet2SoiMicP,PrecNet2SoiMacP, RainPrecHeatAir2LitR,ResistanceLitRLay,TopLayWatVol, VapXAir2TopLay,HeatFluxAir2Soi,NetWatFlxAir2SoiMicP,NetWatXFlxAir2SoiMicP,NetWatFlxAir2SoiMacP)",False,True,1,4,
surfphysmod::atmlandsurfexchangem@f90src/hydrotherm/surfphys/surfphysmod.f90:666,atmlandsurfexchangem,surfphysmod::atmlandsurfexchangem,subroutine,surfphysmod,HydroTherm,f90src/HydroTherm/SurfPhys/SurfPhysMod.F90,/Users/jinyuntang/work/github/ecosim_workspace/main/f90src/HydroTherm/SurfPhys/SurfPhysMod.F90,666,764,"subroutine AtmLandSurfExchangeM(I,J,M,NY,NX,Prec2LitR2,RainHeat2LitR2,PrecNet2SoiMicP, PrecNet2SoiMacP,RainPrecHeatAir2LitR,ResistanceLitRLay,TopLayWatVol,LatentHeatAir2Sno, HeatSensEvapAir2Snow,HeatSensAir2Snow,Radnet2Snow,VapXAir2TopLay,HeatFluxAir2Soi1)",False,True,1,4,
surfphysmod::zeroflxoversnowcoveredsoilm@f90src/hydrotherm/surfphys/surfphysmod.f90:767,zeroflxoversnowcoveredsoilm,surfphysmod::zeroflxoversnowcoveredsoilm,subroutine,surfphysmod,HydroTherm,f90src/HydroTherm/SurfPhys/SurfPhysMod.F90,/Users/jinyuntang/work/github/ecosim_workspace/main/f90src/HydroTherm/SurfPhys/SurfPhysMod.F90,767,788,"subroutine ZeroFlxOverSnowCoveredSoilM(I,J,M,NY,NX,NetWatFlxAir2SoiMicP,NetWatXFlxAir2SoiMicP,NetWatFlxAir2SoiMacP)",False,True,1,0,
surfphysmod::surflitrsoilwaterexchangem@f90src/hydrotherm/surfphys/surfphysmod.f90:791,surflitrsoilwaterexchangem,surfphysmod::surflitrsoilwaterexchangem,subroutine,surfphysmod,HydroTherm,f90src/HydroTherm/SurfPhys/SurfPhysMod.F90,/Users/jinyuntang/work/github/ecosim_workspace/main/f90src/HydroTherm/SurfPhys/SurfPhysMod.F90,791,935,"subroutine SurfLitrSoilWaterExchangeM(I,J,M,NY,NX,RainEkReducedKsat)",False,True,1,3,
surfphysmod::infilsrfroffpartitionm@f90src/hydrotherm/surfphys/surfphysmod.f90:938,infilsrfroffpartitionm,surfphysmod::infilsrfroffpartitionm,subroutine,surfphysmod,HydroTherm,f90src/HydroTherm/SurfPhys/SurfPhysMod.F90,/Users/jinyuntang/work/github/ecosim_workspace/main/f90src/HydroTherm/SurfPhys/SurfPhysMod.F90,938,1042,"subroutine InfilSRFRoffPartitionM(I,J,M,NY,NX)",False,True,1,4,
surfphysmod::accumwatervaporheatfluxesm@f90src/hydrotherm/surfphys/surfphysmod.f90:1045,accumwatervaporheatfluxesm,surfphysmod::accumwatervaporheatfluxesm,subroutine,surfphysmod,HydroTherm,f90src/HydroTherm/SurfPhys/SurfPhysMod.F90,/Users/jinyuntang/work/github/ecosim_workspace/main/f90src/HydroTherm/SurfPhys/SurfPhysMod.F90,1045,1103,"subroutine AccumWaterVaporHeatFluxesM(I,J,M,NY,NX,LatentHeatAir2Sno,HeatSensEvapAir2Snow,HeatSensAir2Snow, Radnet2Snow,VapXAir2TopLay)",False,True,1,1,
surfphysmod::initsurfmodelm@f90src/hydrotherm/surfphys/surfphysmod.f90:1107,initsurfmodelm,surfphysmod::initsurfmodelm,subroutine,surfphysmod,HydroTherm,f90src/HydroTherm/SurfPhys/SurfPhysMod.F90,/Users/jinyuntang/work/github/ecosim_workspace/main/f90src/HydroTherm/SurfPhys/SurfPhysMod.F90,1107,1270,"subroutine InitSurfModelM(I,J,M,NY,NX,ResistanceLitRLay,RainEkReducedKsat,Prec2LitR2,RainHeat2LitR2, PrecNet2SoiMicP,PrecNet2SoiMacP,RainPrecHeatAir2LitR)",False,True,1,10,
surfphysmod::xboundsurfacerunoffm@f90src/hydrotherm/surfphys/surfphysmod.f90:1273,xboundsurfacerunoffm,surfphysmod::xboundsurfacerunoffm,subroutine,surfphysmod,HydroTherm,f90src/HydroTherm/SurfPhys/SurfPhysMod.F90,/Users/jinyuntang/work/github/ecosim_workspace/main/f90src/HydroTherm/SurfPhys/SurfPhysMod.F90,1273,1355,"subroutine XBoundSurfaceRunoffM(I,J,M,N,NN,N1,N2,M4,M5,RCHQF,XN)",False,True,1,1,
surfphysmod::partitionprecip@f90src/hydrotherm/surfphys/surfphysmod.f90:1358,partitionprecip,surfphysmod::partitionprecip,subroutine,surfphysmod,HydroTherm,f90src/HydroTherm/SurfPhys/SurfPhysMod.F90,/Users/jinyuntang/work/github/ecosim_workspace/main/f90src/HydroTherm/SurfPhys/SurfPhysMod.F90,1358,1488,"subroutine PartitionPrecip(I,J,NY,NX)",False,True,1,1,
surfphysmod::updatesurfaceatm@f90src/hydrotherm/surfphys/surfphysmod.f90:1491,updatesurfaceatm,surfphysmod::updatesurfaceatm,subroutine,surfphysmod,HydroTherm,f90src/HydroTherm/SurfPhys/SurfPhysMod.F90,/Users/jinyuntang/work/github/ecosim_workspace/main/f90src/HydroTherm/SurfPhys/SurfPhysMod.F90,1491,1509,"subroutine UpdateSurfaceAtM(I,J,M,NHW,NHE,NVN,NVS)",False,True,2,2,
surfphysmod::sumaftenergybalancem@f90src/hydrotherm/surfphys/surfphysmod.f90:1512,sumaftenergybalancem,surfphysmod::sumaftenergybalancem,subroutine,surfphysmod,HydroTherm,f90src/HydroTherm/SurfPhys/SurfPhysMod.F90,/Users/jinyuntang/work/github/ecosim_workspace/main/f90src/HydroTherm/SurfPhys/SurfPhysMod.F90,1512,1599,"subroutine SumAftEnergyBalanceM(I,J,M,NY,NX,LWRadGrnd_col,VapXAir2TopLay,HeatSensLitR2Soi1, HeatSensVapLitR2Soi1,EvapLitR2Soi1,VapXAir2LitR,HeatFluxAir2LitR,HeatFluxAir2Soi,PrecNet2SoiMicP, PrecNet2SoiMacP,RainPrecHeatAir2LitR,NetWatFlxAir2SoiMicP,NetWatXFlxAir2SoiMicP,NetWatFlxAir2SoiMacP)",False,True,1,1,
surfphysmod::runsurfacephysmodelm@f90src/hydrotherm/surfphys/surfphysmod.f90:1601,runsurfacephysmodelm,surfphysmod::runsurfacephysmodelm,subroutine,surfphysmod,HydroTherm,f90src/HydroTherm/SurfPhys/SurfPhysMod.F90,/Users/jinyuntang/work/github/ecosim_workspace/main/f90src/HydroTherm/SurfPhys/SurfPhysMod.F90,1601,1658,"subroutine RunSurfacePhysModelM(I,J,M,NHE,NHW,NVS,NVN,ResistanceLitRLay,RainEkReducedKsat, TopLayWatVol_col,HeatFluxAir2Soi,dHGrnddTKsoi1,Qinfl2MicP,HeatInfl2Soil,Qinfl2MacP)",False,True,2,8,
surfphysmod::surfaceenergymodelm@f90src/hydrotherm/surfphys/surfphysmod.f90:1661,surfaceenergymodelm,surfphysmod::surfaceenergymodelm,subroutine,surfphysmod,HydroTherm,f90src/HydroTherm/SurfPhys/SurfPhysMod.F90,/Users/jinyuntang/work/github/ecosim_workspace/main/f90src/HydroTherm/SurfPhys/SurfPhysMod.F90,1661,1697,"subroutine SurfaceEnergyModelM(I,J,M,NX,NY,ResistanceLitRLay,RainEkReducedKsat, HeatFluxAir2Soi1,LatentHeatAir2Sno,HeatSensEvapAir2Snow,HeatSensAir2Snow,Radnet2Snow, TopLayWatVol,VapXAir2TopLay)",False,True,1,4,
surfphysmod::gaucklermanningvelocity@f90src/hydrotherm/surfphys/surfphysmod.f90:1700,gaucklermanningvelocity,surfphysmod::gaucklermanningvelocity,function,surfphysmod,HydroTherm,f90src/HydroTherm/SurfPhys/SurfPhysMod.F90,/Users/jinyuntang/work/github/ecosim_workspace/main/f90src/HydroTherm/SurfPhys/SurfPhysMod.F90,1700,1714,"pure function GaucklerManningVelocity(HydraulicRadius, slope)result(CrossSectVelocity)",False,True,1,0,
surfphysmod::writesurfdiagnosis@f90src/hydrotherm/surfphys/surfphysmod.f90:1718,writesurfdiagnosis,surfphysmod::writesurfdiagnosis,subroutine,surfphysmod,HydroTherm,f90src/HydroTherm/SurfPhys/SurfPhysMod.F90,/Users/jinyuntang/work/github/ecosim_workspace/main/f90src/HydroTherm/SurfPhys/SurfPhysMod.F90,1718,1727,"subroutine writeSurfDiagnosis(I,J,NY,NX)",False,False,0,0,
surfphysmod::aggregatesurfrunofffluxm@f90src/hydrotherm/surfphys/surfphysmod.f90:1731,aggregatesurfrunofffluxm,surfphysmod::aggregatesurfrunofffluxm,subroutine,surfphysmod,HydroTherm,f90src/HydroTherm/SurfPhys/SurfPhysMod.F90,/Users/jinyuntang/work/github/ecosim_workspace/main/f90src/HydroTherm/SurfPhys/SurfPhysMod.F90,1731,1830,"subroutine AggregateSurfRunoffFluxM(I,J,M,NHW,NHE,NVN,NVS)",False,True,1,2,
climreadmod::interp3hourweather@f90src/ioutils/climreadmod.f90:53,interp3hourweather,climreadmod::interp3hourweather,subroutine,climreadmod,IOutils,f90src/IOutils/ClimReadMod.F90,/Users/jinyuntang/work/github/ecosim_workspace/main/f90src/IOutils/ClimReadMod.F90,53,99,"subroutine interp3hourweather(I,J)",False,False,1,0,
climreadmod::readhourweather@f90src/ioutils/climreadmod.f90:103,readhourweather,climreadmod::readhourweather,subroutine,climreadmod,IOutils,f90src/IOutils/ClimReadMod.F90,/Users/jinyuntang/work/github/ecosim_workspace/main/f90src/IOutils/ClimReadMod.F90,103,338,"subroutine readhourweather(idat,DAT,IYEAR,I,J,IH,go60,NN,NI,TTYPE)",False,False,1,4,
climreadmod::readdayweather@f90src/ioutils/climreadmod.f90:341,readdayweather,climreadmod::readdayweather,subroutine,climreadmod,IOutils,f90src/IOutils/ClimReadMod.F90,/Users/jinyuntang/work/github/ecosim_workspace/main/f90src/IOutils/ClimReadMod.F90,341,545,"subroutine readdayweather(idat,dat,IYEAR,I,go110,go60,NTX,NFX,NN,NI,IX)",False,False,1,2,
climreadmod::getclimttype@f90src/ioutils/climreadmod.f90:549,getclimttype,climreadmod::getclimttype,function,climreadmod,IOutils,f90src/IOutils/ClimReadMod.F90,/Users/jinyuntang/work/github/ecosim_workspace/main/f90src/IOutils/ClimReadMod.F90,549,563,function getclimttype(ttype)result(ans),False,False,1,0,
climreadmod::getclimctype@f90src/ioutils/climreadmod.f90:567,getclimctype,climreadmod::getclimctype,function,climreadmod,IOutils,f90src/IOutils/ClimReadMod.F90,/Users/jinyuntang/work/github/ecosim_workspace/main/f90src/IOutils/ClimReadMod.F90,567,579,function getclimctype(ctype)result(ans),False,False,1,0,
climreadmod::readclim@f90src/ioutils/climreadmod.f90:583,readclim,climreadmod::readclim,subroutine,climreadmod,IOutils,f90src/IOutils/ClimReadMod.F90,/Users/jinyuntang/work/github/ecosim_workspace/main/f90src/IOutils/ClimReadMod.F90,583,691,"subroutine ReadClim(iyear,clmfile,NTX,NFX,I,IX,TTYPE,atmf)",False,False,0,7,
climreadmod::readclimnc@f90src/ioutils/climreadmod.f90:696,readclimnc,climreadmod::readclimnc,subroutine,climreadmod,IOutils,f90src/IOutils/ClimReadMod.F90,/Users/jinyuntang/work/github/ecosim_workspace/main/f90src/IOutils/ClimReadMod.F90,696,869,"subroutine ReadClimNC(yearc,yeari,L,atmf)",False,True,1,8,
climreadmod::reshape2@f90src/ioutils/climreadmod.f90:872,reshape2,climreadmod::reshape2,subroutine,climreadmod,IOutils,f90src/IOutils/ClimReadMod.F90,/Users/jinyuntang/work/github/ecosim_workspace/main/f90src/IOutils/ClimReadMod.F90,872,883,"subroutine reshape2(arr2d,arr3d)",False,True,1,0,
climreadmod::reshape1@f90src/ioutils/climreadmod.f90:886,reshape1,climreadmod::reshape1,subroutine,climreadmod,IOutils,f90src/IOutils/ClimReadMod.F90,/Users/jinyuntang/work/github/ecosim_workspace/main/f90src/IOutils/ClimReadMod.F90,886,895,"subroutine reshape1(arr1d,arr2d)",False,True,1,0,
climreadmod::getatmgts@f90src/ioutils/climreadmod.f90:900,getatmgts,climreadmod::getatmgts,subroutine,climreadmod,IOutils,f90src/IOutils/ClimReadMod.F90,/Users/jinyuntang/work/github/ecosim_workspace/main/f90src/IOutils/ClimReadMod.F90,900,954,"subroutine GetAtmGts(yeari,NHW,NHE,NVN,NVS)",False,True,1,3,
climreadmod::get_clm_years@f90src/ioutils/climreadmod.f90:958,get_clm_years,climreadmod::get_clm_years,subroutine,climreadmod,IOutils,f90src/IOutils/ClimReadMod.F90,/Users/jinyuntang/work/github/ecosim_workspace/main/f90src/IOutils/ClimReadMod.F90,958,993,subroutine get_clm_years(),False,True,1,5,
climreadmod::get_forc_step_type@f90src/ioutils/climreadmod.f90:995,get_forc_step_type,climreadmod::get_forc_step_type,function,climreadmod,IOutils,f90src/IOutils/ClimReadMod.F90,/Users/jinyuntang/work/github/ecosim_workspace/main/f90src/IOutils/ClimReadMod.F90,995,1020,function get_forc_step_type(yeari)result(iclmtype),False,True,1,1,
climreadmod::read_soil_warming_tref@f90src/ioutils/climreadmod.f90:1023,read_soil_warming_tref,climreadmod::read_soil_warming_tref,subroutine,climreadmod,IOutils,f90src/IOutils/ClimReadMod.F90,/Users/jinyuntang/work/github/ecosim_workspace/main/f90src/IOutils/ClimReadMod.F90,1023,1069,"subroutine read_soil_warming_Tref(year,NHW,NHE,NVN,NVS)",False,True,1,7,
forcwritermod::writebbgcforc@f90src/ioutils/forcwritermod.f90:33,writebbgcforc,forcwritermod::writebbgcforc,subroutine,forcwritermod,IOutils,f90src/IOutils/ForcWriterMod.F90,/Users/jinyuntang/work/github/ecosim_workspace/main/f90src/IOutils/ForcWriterMod.F90,33,284,"subroutine WriteBBGCFORC(doy,year)",False,True,1,6,
histdatatype::init_hist_data@f90src/ioutils/histdatatype.f90:685,init_hist_data,histdatatype::init_hist_data,subroutine,histdatatype,IOutils,f90src/IOutils/HistDataType.F90,/Users/jinyuntang/work/github/ecosim_workspace/main/f90src/IOutils/HistDataType.F90,685,4052,"subroutine init_hist_data(this,bounds)",False,False,0,2,
histdatatype::hist_update@f90src/ioutils/histdatatype.f90:4055,hist_update,histdatatype::hist_update,subroutine,histdatatype,IOutils,f90src/IOutils/HistDataType.F90,/Users/jinyuntang/work/github/ecosim_workspace/main/f90src/IOutils/HistDataType.F90,4055,4963,"subroutine hist_update(this,I,J,bounds)",False,True,1,12,
histdatatype::zeroplanthistvars@f90src/ioutils/histdatatype.f90:4965,zeroplanthistvars,histdatatype::zeroplanthistvars,subroutine,histdatatype,IOutils,f90src/IOutils/HistDataType.F90,/Users/jinyuntang/work/github/ecosim_workspace/main/f90src/IOutils/HistDataType.F90,4965,5181,"subroutine ZeroPlantHistVars(this,nptc)",False,True,1,0,
histfilemod::htape_create@f90src/ioutils/histfilemod.f90:182,htape_create,histfilemod::htape_create,subroutine,histfilemod,IOutils,f90src/IOutils/HistFileMod.F90,/Users/jinyuntang/work/github/ecosim_workspace/main/f90src/IOutils/HistFileMod.F90,182,275,"subroutine htape_create(t,histrest)",False,True,2,5,
histfilemod::getdatetime@f90src/ioutils/histfilemod.f90:283,getdatetime,histfilemod::getdatetime,subroutine,histfilemod,IOutils,f90src/IOutils/HistFileMod.F90,/Users/jinyuntang/work/github/ecosim_workspace/main/f90src/IOutils/HistFileMod.F90,283,315,"subroutine getdatetime (cdate, ctime)",False,True,1,1,
histfilemod::get_grid_info@f90src/ioutils/histfilemod.f90:317,get_grid_info,histfilemod::get_grid_info,subroutine,histfilemod,IOutils,f90src/IOutils/HistFileMod.F90,/Users/jinyuntang/work/github/ecosim_workspace/main/f90src/IOutils/HistFileMod.F90,317,325,"subroutine get_grid_info(ng,nt,nc,np)",False,True,1,0,
histfilemod::hist_printflds@f90src/ioutils/histfilemod.f90:328,hist_printflds,histfilemod::hist_printflds,subroutine,histfilemod,IOutils,f90src/IOutils/HistFileMod.F90,/Users/jinyuntang/work/github/ecosim_workspace/main/f90src/IOutils/HistFileMod.F90,328,350,subroutine hist_printflds(),False,False,0,0,
histfilemod::hist_addfld1d@f90src/ioutils/histfilemod.f90:353,hist_addfld1d,histfilemod::hist_addfld1d,subroutine,histfilemod,IOutils,f90src/IOutils/HistFileMod.F90,/Users/jinyuntang/work/github/ecosim_workspace/main/f90src/IOutils/HistFileMod.F90,353,421,"subroutine hist_addfld1d(fname,units,avgflag,long_name,type1d_out, standard_name, ptr_gcell,ptr_topo,ptr_col,ptr_patch, default)",False,False,1,5,
histfilemod::masterlist_addfld@f90src/ioutils/histfilemod.f90:425,masterlist_addfld,histfilemod::masterlist_addfld,subroutine,histfilemod,IOutils,f90src/IOutils/HistFileMod.F90,/Users/jinyuntang/work/github/ecosim_workspace/main/f90src/IOutils/HistFileMod.F90,425,510,"subroutine masterlist_addfld (fname, type1d, type1d_out, type2d, numdims, num2d, units, avgflag, long_name, standard_name, hpindex)",False,False,2,2,
histfilemod::pointer_index@f90src/ioutils/histfilemod.f90:512,pointer_index,histfilemod::pointer_index,function,histfilemod,IOutils,f90src/IOutils/HistFileMod.F90,/Users/jinyuntang/work/github/ecosim_workspace/main/f90src/IOutils/HistFileMod.F90,512,531,integer function pointer_index (),False,False,2,2,
histfilemod::hist_addfld2d@f90src/ioutils/histfilemod.f90:534,hist_addfld2d,histfilemod::hist_addfld2d,subroutine,histfilemod,IOutils,f90src/IOutils/HistFileMod.F90,/Users/jinyuntang/work/github/ecosim_workspace/main/f90src/IOutils/HistFileMod.F90,534,627,"subroutine hist_addfld2d(fname, units, type2d, avgflag, long_name, type1d_out, standard_name, ptr_gcell,ptr_topo,ptr_col,ptr_patch, default)",False,False,1,5,
histfilemod::masterlist_make_active@f90src/ioutils/histfilemod.f90:630,masterlist_make_active,histfilemod::masterlist_make_active,subroutine,histfilemod,IOutils,f90src/IOutils/HistFileMod.F90,/Users/jinyuntang/work/github/ecosim_workspace/main/f90src/IOutils/HistFileMod.F90,630,685,"subroutine masterlist_make_active (name, tape_index, avgflag)",False,False,2,2,
histfilemod::hist_htapes_build@f90src/ioutils/histfilemod.f90:689,hist_htapes_build,histfilemod::hist_htapes_build,subroutine,histfilemod,IOutils,f90src/IOutils/HistFileMod.F90,/Users/jinyuntang/work/github/ecosim_workspace/main/f90src/IOutils/HistFileMod.F90,689,756,subroutine hist_htapes_build (),False,True,1,3,
histfilemod::htapes_fieldlist@f90src/ioutils/histfilemod.f90:759,htapes_fieldlist,histfilemod::htapes_fieldlist,subroutine,histfilemod,IOutils,f90src/IOutils/HistFileMod.F90,/Users/jinyuntang/work/github/ecosim_workspace/main/f90src/IOutils/HistFileMod.F90,759,979,subroutine htapes_fieldlist(),False,True,1,8,
histfilemod::list_index@f90src/ioutils/histfilemod.f90:983,list_index,histfilemod::list_index,subroutine,histfilemod,IOutils,f90src/IOutils/HistFileMod.F90,/Users/jinyuntang/work/github/ecosim_workspace/main/f90src/IOutils/HistFileMod.F90,983,1009,"subroutine list_index (list, name, index)",False,True,1,1,
histfilemod::getname@f90src/ioutils/histfilemod.f90:1012,getname,histfilemod::getname,function,histfilemod,IOutils,f90src/IOutils/HistFileMod.F90,/Users/jinyuntang/work/github/ecosim_workspace/main/f90src/IOutils/HistFileMod.F90,1012,1039,character(len=max_namlen) function getname (inname),False,True,3,3,
histfilemod::getflag@f90src/ioutils/histfilemod.f90:1042,getflag,histfilemod::getflag,function,histfilemod,IOutils,f90src/IOutils/HistFileMod.F90,/Users/jinyuntang/work/github/ecosim_workspace/main/f90src/IOutils/HistFileMod.F90,1042,1072,character(len=1) function getflag (inname),False,True,1,2,
histfilemod::htape_addfld@f90src/ioutils/histfilemod.f90:1075,htape_addfld,histfilemod::htape_addfld,subroutine,histfilemod,IOutils,f90src/IOutils/HistFileMod.F90,/Users/jinyuntang/work/github/ecosim_workspace/main/f90src/IOutils/HistFileMod.F90,1075,1194,"subroutine htape_addfld (t, f, avgflag)",False,True,1,2,
histfilemod::masterlist_change_timeavg@f90src/ioutils/histfilemod.f90:1197,masterlist_change_timeavg,histfilemod::masterlist_change_timeavg,subroutine,histfilemod,IOutils,f90src/IOutils/HistFileMod.F90,/Users/jinyuntang/work/github/ecosim_workspace/main/f90src/IOutils/HistFileMod.F90,1197,1232,subroutine masterlist_change_timeavg (t),False,True,1,2,
histfilemod::hist_update_hbuf@f90src/ioutils/histfilemod.f90:1235,hist_update_hbuf,histfilemod::hist_update_hbuf,subroutine,histfilemod,IOutils,f90src/IOutils/HistFileMod.F90,/Users/jinyuntang/work/github/ecosim_workspace/main/f90src/IOutils/HistFileMod.F90,1235,1268,subroutine hist_update_hbuf(bounds),False,True,1,2,
histfilemod::hist_update_hbuf_field_1d@f90src/ioutils/histfilemod.f90:1271,hist_update_hbuf_field_1d,histfilemod::hist_update_hbuf_field_1d,subroutine,histfilemod,IOutils,f90src/IOutils/HistFileMod.F90,/Users/jinyuntang/work/github/ecosim_workspace/main/f90src/IOutils/HistFileMod.F90,1271,1447,"subroutine hist_update_hbuf_field_1d (t, f, bounds)",False,True,1,3,
histfilemod::hist_update_hbuf_field_2d@f90src/ioutils/histfilemod.f90:1449,hist_update_hbuf_field_2d,histfilemod::hist_update_hbuf_field_2d,subroutine,histfilemod,IOutils,f90src/IOutils/HistFileMod.F90,/Users/jinyuntang/work/github/ecosim_workspace/main/f90src/IOutils/HistFileMod.F90,1449,1658,"subroutine hist_update_hbuf_field_2d (t, f, bounds, num2d)",False,True,1,3,
histfilemod::hist_htapes_wrapup@f90src/ioutils/histfilemod.f90:1661,hist_htapes_wrapup,histfilemod::hist_htapes_wrapup,subroutine,histfilemod,IOutils,f90src/IOutils/HistFileMod.F90,/Users/jinyuntang/work/github/ecosim_workspace/main/f90src/IOutils/HistFileMod.F90,1661,1889,"subroutine hist_htapes_wrapup( rstwr, nlend, bounds, lnyr )",False,True,1,18,
histfilemod::htape_timeconst@f90src/ioutils/histfilemod.f90:1892,htape_timeconst,histfilemod::htape_timeconst,subroutine,histfilemod,IOutils,f90src/IOutils/HistFileMod.F90,/Users/jinyuntang/work/github/ecosim_workspace/main/f90src/IOutils/HistFileMod.F90,1892,1927,"subroutine htape_timeconst(t, mode)",False,True,1,3,
histfilemod::hfields_write@f90src/ioutils/histfilemod.f90:1929,hfields_write,histfilemod::hfields_write,subroutine,histfilemod,IOutils,f90src/IOutils/HistFileMod.F90,/Users/jinyuntang/work/github/ecosim_workspace/main/f90src/IOutils/HistFileMod.F90,1929,2082,"subroutine hfields_write(t, mode)",False,True,1,5,
histfilemod::hist_do_disp@f90src/ioutils/histfilemod.f90:2085,hist_do_disp,histfilemod::hist_do_disp,subroutine,histfilemod,IOutils,f90src/IOutils/HistFileMod.F90,/Users/jinyuntang/work/github/ecosim_workspace/main/f90src/IOutils/HistFileMod.F90,2085,2144,"subroutine hist_do_disp (ntapes, hist_ntimes, hist_mfilt, if_stop, if_disphist, rstwr, nlend, lnyr)",False,True,1,0,
histfilemod::set_hist_filename@f90src/ioutils/histfilemod.f90:2147,set_hist_filename,histfilemod::set_hist_filename,function,histfilemod,IOutils,f90src/IOutils/HistFileMod.F90,/Users/jinyuntang/work/github/ecosim_workspace/main/f90src/IOutils/HistFileMod.F90,2147,2186,"character(len=256) function set_hist_filename (hist_freq, hist_mfilt, hist_file)",False,True,1,3,
histfilemod::hist_restart_ncd@f90src/ioutils/histfilemod.f90:2189,hist_restart_ncd,histfilemod::hist_restart_ncd,subroutine,histfilemod,IOutils,f90src/IOutils/HistFileMod.F90,/Users/jinyuntang/work/github/ecosim_workspace/main/f90src/IOutils/HistFileMod.F90,2189,2881,"subroutine hist_restart_ncd (bounds, ncid, flag, rdate)",False,True,2,18,
histfilemod::max_nfields@f90src/ioutils/histfilemod.f90:2884,max_nfields,histfilemod::max_nfields,function,histfilemod,IOutils,f90src/IOutils/HistFileMod.F90,/Users/jinyuntang/work/github/ecosim_workspace/main/f90src/IOutils/HistFileMod.F90,2884,2901,integer function max_nFields(),False,True,1,0,
histfilemod::hfields_normalize@f90src/ioutils/histfilemod.f90:2904,hfields_normalize,histfilemod::hfields_normalize,subroutine,histfilemod,IOutils,f90src/IOutils/HistFileMod.F90,/Users/jinyuntang/work/github/ecosim_workspace/main/f90src/IOutils/HistFileMod.F90,2904,2952,subroutine hfields_normalize (t),False,True,1,0,
histfilemod::hfields_zero@f90src/ioutils/histfilemod.f90:2955,hfields_zero,histfilemod::hfields_zero,subroutine,histfilemod,IOutils,f90src/IOutils/HistFileMod.F90,/Users/jinyuntang/work/github/ecosim_workspace/main/f90src/IOutils/HistFileMod.F90,2955,2974,subroutine hfields_zero (t),False,True,1,0,
microbeinfomod::writemicrobetraits@f90src/ioutils/microbeinfomod.f90:15,writemicrobetraits,microbeinfomod::writemicrobetraits,subroutine,microbeinfomod,IOutils,f90src/IOutils/MicrobeInfoMod.F90,/Users/jinyuntang/work/github/ecosim_workspace/main/f90src/IOutils/MicrobeInfoMod.F90,15,18,subroutine WriteMicrobeTraits(),False,False,0,0,
plantinfomod::readplantinfo@f90src/ioutils/plantinfomod.f90:39,readplantinfo,plantinfomod::readplantinfo,subroutine,plantinfomod,IOutils,f90src/IOutils/PlantInfoMod.F90,/Users/jinyuntang/work/github/ecosim_workspace/main/f90src/IOutils/PlantInfoMod.F90,39,60,"subroutine ReadPlantInfo(yearc,yeari,NHW,NHE,NVN,NVS)",False,True,1,2,
plantinfomod::readq@f90src/ioutils/plantinfomod.f90:63,readq,plantinfomod::readq,subroutine,plantinfomod,IOutils,f90src/IOutils/PlantInfoMod.F90,/Users/jinyuntang/work/github/ecosim_workspace/main/f90src/IOutils/PlantInfoMod.F90,63,107,"SUBROUTINE readq(yearc,yeari,NHW,NHE,NVN,NVS)",False,True,1,7,
plantinfomod::readplantinginfo@f90src/ioutils/plantinfomod.f90:109,readplantinginfo,plantinfomod::readplantinginfo,subroutine,plantinfomod,IOutils,f90src/IOutils/PlantInfoMod.F90,/Users/jinyuntang/work/github/ecosim_workspace/main/f90src/IOutils/PlantInfoMod.F90,109,188,"subroutine readplantinginfo(pftinfo_nfid,ntopou,iyear,yearc,NHW,NHE,NVN,NVS)",False,True,1,7,
plantinfomod::initplantmgmnt@f90src/ioutils/plantinfomod.f90:191,initplantmgmnt,plantinfomod::initplantmgmnt,subroutine,plantinfomod,IOutils,f90src/IOutils/PlantInfoMod.F90,/Users/jinyuntang/work/github/ecosim_workspace/main/f90src/IOutils/PlantInfoMod.F90,191,218,"subroutine InitPlantMgmnt(NHW,NHE,NVN,NVS)",False,True,2,0,
plantinfomod::readplantmgmtinfo@f90src/ioutils/plantinfomod.f90:220,readplantmgmtinfo,plantinfomod::readplantmgmtinfo,subroutine,plantinfomod,IOutils,f90src/IOutils/PlantInfoMod.F90,/Users/jinyuntang/work/github/ecosim_workspace/main/f90src/IOutils/PlantInfoMod.F90,220,360,"subroutine ReadPlantMgmtinfo(pftinfo_nfid,ntopou,iyear,yearc,NHW,NHE,NVN,NVS)",False,True,1,8,
plantinfomod::readplantmanagementnc@f90src/ioutils/plantinfomod.f90:363,readplantmanagementnc,plantinfomod::readplantmanagementnc,subroutine,plantinfomod,IOutils,f90src/IOutils/PlantInfoMod.F90,/Users/jinyuntang/work/github/ecosim_workspace/main/f90src/IOutils/PlantInfoMod.F90,363,446,"subroutine ReadPlantManagementNC(yearc,yeari,NHW,NHE,NVN,NVS,pft_changed)",False,True,1,10,
plantinfomod::readplantproperties@f90src/ioutils/plantinfomod.f90:449,readplantproperties,plantinfomod::readplantproperties,subroutine,plantinfomod,IOutils,f90src/IOutils/PlantInfoMod.F90,/Users/jinyuntang/work/github/ecosim_workspace/main/f90src/IOutils/PlantInfoMod.F90,449,502,"subroutine ReadPlantProperties(nu_plt,NZ,NY,NX,pft_changed)",False,True,1,1,
plantinfomod::readplanttraitsnc@f90src/ioutils/plantinfomod.f90:505,readplanttraitsnc,plantinfomod::readplanttraitsnc,subroutine,plantinfomod,IOutils,f90src/IOutils/PlantInfoMod.F90,/Users/jinyuntang/work/github/ecosim_workspace/main/f90src/IOutils/PlantInfoMod.F90,505,658,"subroutine ReadPlantTraitsNC(nu_plt,NZ,NY,NX,VRNLI,VRNXI)",False,False,0,12,
plantinfomod::setplanttraits@f90src/ioutils/plantinfomod.f90:660,setplanttraits,plantinfomod::setplanttraits,subroutine,plantinfomod,IOutils,f90src/IOutils/PlantInfoMod.F90,/Users/jinyuntang/work/github/ecosim_workspace/main/f90src/IOutils/PlantInfoMod.F90,660,823,"subroutine SetPlantTraits(nu_plt,pft_changed,NZ,NY,NX,VRNLI,VRNXI)",False,True,1,11,
plantinfomod::pft_display@f90src/ioutils/plantinfomod.f90:826,pft_display,plantinfomod::pft_display,subroutine,plantinfomod,IOutils,f90src/IOutils/PlantInfoMod.F90,/Users/jinyuntang/work/github/ecosim_workspace/main/f90src/IOutils/PlantInfoMod.F90,826,1062,"subroutine pft_display(nu_plt,NZ,NY,NX,pft_lname,koppen_climl,koppen_clims)",False,True,2,3,
plantinfomod::photosyns_trait_disp@f90src/ioutils/plantinfomod.f90:1065,photosyns_trait_disp,plantinfomod::photosyns_trait_disp,subroutine,plantinfomod,IOutils,f90src/IOutils/PlantInfoMod.F90,/Users/jinyuntang/work/github/ecosim_workspace/main/f90src/IOutils/PlantInfoMod.F90,1065,1117,"subroutine photosyns_trait_disp(nu_plt,NZ,NY,NX)",False,True,2,2,
plantinfomod::phenology_trait_disp@f90src/ioutils/plantinfomod.f90:1121,phenology_trait_disp,plantinfomod::phenology_trait_disp,subroutine,plantinfomod,IOutils,f90src/IOutils/PlantInfoMod.F90,/Users/jinyuntang/work/github/ecosim_workspace/main/f90src/IOutils/PlantInfoMod.F90,1121,1153,"subroutine Phenology_trait_disp(nu_plt,NZ,NY,NX,VRNLI,VRNXI)",False,True,2,2,
plantinfomod::morphology_trait_disp@f90src/ioutils/plantinfomod.f90:1156,morphology_trait_disp,plantinfomod::morphology_trait_disp,subroutine,plantinfomod,IOutils,f90src/IOutils/PlantInfoMod.F90,/Users/jinyuntang/work/github/ecosim_workspace/main/f90src/IOutils/PlantInfoMod.F90,1156,1198,"subroutine morphology_trait_disp(nu_plt,NZ,NY,NX)",False,True,2,3,
plantinfomod::root_trait_disp@f90src/ioutils/plantinfomod.f90:1201,root_trait_disp,plantinfomod::root_trait_disp,subroutine,plantinfomod,IOutils,f90src/IOutils/PlantInfoMod.F90,/Users/jinyuntang/work/github/ecosim_workspace/main/f90src/IOutils/PlantInfoMod.F90,1201,1246,"subroutine Root_trait_disp(nu_plt,NZ,NY,NX)",False,True,2,3,
plantinfomod::root_nutrient_trait_disp@f90src/ioutils/plantinfomod.f90:1249,root_nutrient_trait_disp,plantinfomod::root_nutrient_trait_disp,subroutine,plantinfomod,IOutils,f90src/IOutils/PlantInfoMod.F90,/Users/jinyuntang/work/github/ecosim_workspace/main/f90src/IOutils/PlantInfoMod.F90,1249,1275,"subroutine Root_nutrient_trait_disp(nu_plt,NZ,NY,NX)",False,True,2,2,
plantinfomod::plant_water_trait_disp@f90src/ioutils/plantinfomod.f90:1278,plant_water_trait_disp,plantinfomod::plant_water_trait_disp,subroutine,plantinfomod,IOutils,f90src/IOutils/PlantInfoMod.F90,/Users/jinyuntang/work/github/ecosim_workspace/main/f90src/IOutils/PlantInfoMod.F90,1278,1292,"subroutine plant_water_trait_disp(nu_plt,NZ,NY,NX)",False,True,2,2,
plantinfomod::plant_biomyield_trait_disp@f90src/ioutils/plantinfomod.f90:1295,plant_biomyield_trait_disp,plantinfomod::plant_biomyield_trait_disp,subroutine,plantinfomod,IOutils,f90src/IOutils/PlantInfoMod.F90,/Users/jinyuntang/work/github/ecosim_workspace/main/f90src/IOutils/PlantInfoMod.F90,1295,1324,"subroutine plant_biomyield_trait_disp(nu_plt,NZ,NY,NX)",False,True,2,2,
plantinfomod::plant_biomstoich_trait_disp@f90src/ioutils/plantinfomod.f90:1327,plant_biomstoich_trait_disp,plantinfomod::plant_biomstoich_trait_disp,subroutine,plantinfomod,IOutils,f90src/IOutils/PlantInfoMod.F90,/Users/jinyuntang/work/github/ecosim_workspace/main/f90src/IOutils/PlantInfoMod.F90,1327,1391,"subroutine plant_biomstoich_trait_disp(nu_plt,NZ,NY,NX)",False,True,2,3,
plantinfomod::plant_optic_trait_disp@f90src/ioutils/plantinfomod.f90:1395,plant_optic_trait_disp,plantinfomod::plant_optic_trait_disp,subroutine,plantinfomod,IOutils,f90src/IOutils/PlantInfoMod.F90,/Users/jinyuntang/work/github/ecosim_workspace/main/f90src/IOutils/PlantInfoMod.F90,1395,1411,"subroutine plant_optic_trait_disp(nu_plt,NZ,NY,NX)",False,True,2,2,
plantinfomod::readplantinfonc@f90src/ioutils/plantinfomod.f90:1415,readplantinfonc,plantinfomod::readplantinfonc,subroutine,plantinfomod,IOutils,f90src/IOutils/PlantInfoMod.F90,/Users/jinyuntang/work/github/ecosim_workspace/main/f90src/IOutils/PlantInfoMod.F90,1415,1579,"subroutine ReadPlantInfoNC(yeari,NHW,NHE,NVN,NVS)",False,True,1,8,
plantinfomod::writefixl@f90src/ioutils/plantinfomod.f90:1583,writefixl,plantinfomod::writefixl,subroutine,plantinfomod,IOutils,f90src/IOutils/PlantInfoMod.F90,/Users/jinyuntang/work/github/ecosim_workspace/main/f90src/IOutils/PlantInfoMod.F90,1583,1599,"subroutine writefixl(nu_plt,id,varname, desc,value,width)",False,True,9,0,
plantinfomod::writefixsl@f90src/ioutils/plantinfomod.f90:1602,writefixsl,plantinfomod::writefixsl,subroutine,plantinfomod,IOutils,f90src/IOutils/PlantInfoMod.F90,/Users/jinyuntang/work/github/ecosim_workspace/main/f90src/IOutils/PlantInfoMod.F90,1602,1620,"subroutine writefixsl(nu_plt,desc,value,width,id)",False,True,1,0,
plantinfomod::writeafixl@f90src/ioutils/plantinfomod.f90:1624,writeafixl,plantinfomod::writeafixl,subroutine,plantinfomod,IOutils,f90src/IOutils/PlantInfoMod.F90,/Users/jinyuntang/work/github/ecosim_workspace/main/f90src/IOutils/PlantInfoMod.F90,1624,1642,"subroutine writeafixl(nu_plt,id,varname,desc,values,width)",False,True,1,0,
plantinfomod::readplanttraittable@f90src/ioutils/plantinfomod.f90:1645,readplanttraittable,plantinfomod::readplanttraittable,subroutine,plantinfomod,IOutils,f90src/IOutils/PlantInfoMod.F90,/Users/jinyuntang/work/github/ecosim_workspace/main/f90src/IOutils/PlantInfoMod.F90,1645,1778,Subroutine ReadPlantTraitTable(),False,True,1,4,
plantinfomod::get_pft_loc@f90src/ioutils/plantinfomod.f90:1782,get_pft_loc,plantinfomod::get_pft_loc,function,plantinfomod,IOutils,f90src/IOutils/PlantInfoMod.F90,/Users/jinyuntang/work/github/ecosim_workspace/main/f90src/IOutils/PlantInfoMod.F90,1782,1837,"function get_pft_loc(koppen_def,pft_name,pft_lname,koppen_climl,koppen_clims)result(loc)",False,True,2,0,
readmanagementmod::readtillagefile@f90src/ioutils/readmanagementmod.f90:36,readtillagefile,readmanagementmod::readtillagefile,subroutine,readmanagementmod,IOutils,f90src/IOutils/ReadManagementMod.F90,/Users/jinyuntang/work/github/ecosim_workspace/main/f90src/IOutils/ReadManagementMod.F90,36,99,"subroutine ReadTillageFile(soilmgmt_nfid,FileTillage,NH1,NH2,NV1,NV2,dimtill)",False,True,2,4,
readmanagementmod::readirrigationfile@f90src/ioutils/readmanagementmod.f90:102,readirrigationfile,readmanagementmod::readirrigationfile,subroutine,readmanagementmod,IOutils,f90src/IOutils/ReadManagementMod.F90,/Users/jinyuntang/work/github/ecosim_workspace/main/f90src/IOutils/ReadManagementMod.F90,102,274,"subroutine ReadIrrigationFile(soilmgmt_nfid,FileIrrig,NH1,NH2,NV1,NV2)",False,True,1,4,
readmanagementmod::readfertlizerfile@f90src/ioutils/readmanagementmod.f90:278,readfertlizerfile,readmanagementmod::readfertlizerfile,subroutine,readmanagementmod,IOutils,f90src/IOutils/ReadManagementMod.F90,/Users/jinyuntang/work/github/ecosim_workspace/main/f90src/IOutils/ReadManagementMod.F90,278,406,"subroutine ReadFertlizerFile(soilmgmt_nfid,FertFile,NH1,NH2,NV1,NV2)",False,True,1,4,
readmanagementmod::readmanagementfiles@f90src/ioutils/readmanagementmod.f90:410,readmanagementfiles,readmanagementmod::readmanagementfiles,subroutine,readmanagementmod,IOutils,f90src/IOutils/ReadManagementMod.F90,/Users/jinyuntang/work/github/ecosim_workspace/main/f90src/IOutils/ReadManagementMod.F90,410,513,subroutine ReadManagementFiles(yeari),False,True,1,11,
readmanagementmod::readfire@f90src/ioutils/readmanagementmod.f90:517,readfire,readmanagementmod::readfire,subroutine,readmanagementmod,IOutils,f90src/IOutils/ReadManagementMod.F90,/Users/jinyuntang/work/github/ecosim_workspace/main/f90src/IOutils/ReadManagementMod.F90,517,591,"subroutine ReadFire(yearc,fire_event_entry,NHW,NHE,NVN,NVS)",False,True,1,9,
readmanagementmod::readplantfiremgmt@f90src/ioutils/readmanagementmod.f90:594,readplantfiremgmt,readmanagementmod::readplantfiremgmt,subroutine,readmanagementmod,IOutils,f90src/IOutils/ReadManagementMod.F90,/Users/jinyuntang/work/github/ecosim_workspace/main/f90src/IOutils/ReadManagementMod.F90,594,676,"subroutine ReadPlantFireMgmt(yearc,pftinfo_nfid,fireFile,NH1,NH2,NV1,NV2)",False,True,1,4,
restartmod::restfile@f90src/ioutils/restartmod.f90:70,restfile,restartmod::restfile,subroutine,restartmod,IOutils,f90src/IOutils/RestartMod.F90,/Users/jinyuntang/work/github/ecosim_workspace/main/f90src/IOutils/RestartMod.F90,70,88,subroutine restFile(flag),False,True,1,5,
restartmod::restartnc_plant@f90src/ioutils/restartmod.f90:91,restartnc_plant,restartmod::restartnc_plant,subroutine,restartmod,IOutils,f90src/IOutils/RestartMod.F90,/Users/jinyuntang/work/github/ecosim_workspace/main/f90src/IOutils/RestartMod.F90,91,4621,"SUBROUTINE restartnc_plant(ncid,flag)",False,True,1,4,
restartmod::restartnc@f90src/ioutils/restartmod.f90:4625,restartnc,restartmod::restartnc,subroutine,restartmod,IOutils,f90src/IOutils/RestartMod.F90,/Users/jinyuntang/work/github/ecosim_workspace/main/f90src/IOutils/RestartMod.F90,4625,4634,"subroutine restartnc(ncid,flag)",False,True,2,2,
restartmod::restartnc_soil@f90src/ioutils/restartmod.f90:4637,restartnc_soil,restartmod::restartnc_soil,subroutine,restartmod,IOutils,f90src/IOutils/RestartMod.F90,/Users/jinyuntang/work/github/ecosim_workspace/main/f90src/IOutils/RestartMod.F90,4637,9203,"SUBROUTINE restartnc_soil(ncid,flag)",False,True,1,3,
restartmod::restfile_getfile@f90src/ioutils/restartmod.f90:9207,restfile_getfile,restartmod::restfile_getfile,subroutine,restartmod,IOutils,f90src/IOutils/RestartMod.F90,/Users/jinyuntang/work/github/ecosim_workspace/main/f90src/IOutils/RestartMod.F90,9207,9265,"subroutine restFile_getfile( file, path )",False,True,1,4,
restartmod::restfile_open@f90src/ioutils/restartmod.f90:9268,restfile_open,restartmod::restfile_open,subroutine,restartmod,IOutils,f90src/IOutils/RestartMod.F90,/Users/jinyuntang/work/github/ecosim_workspace/main/f90src/IOutils/RestartMod.F90,9268,9303,"subroutine restFile_open( flag, file, ncid )",False,True,2,3,
restartmod::restfile_closerestart@f90src/ioutils/restartmod.f90:9306,restfile_closerestart,restartmod::restfile_closerestart,subroutine,restartmod,IOutils,f90src/IOutils/RestartMod.F90,/Users/jinyuntang/work/github/ecosim_workspace/main/f90src/IOutils/RestartMod.F90,9306,9336,subroutine restFile_closeRestart( file ),False,True,1,0,
restartmod::restfile_write_pfile@f90src/ioutils/restartmod.f90:9339,restfile_write_pfile,restartmod::restfile_write_pfile,subroutine,restartmod,IOutils,f90src/IOutils/RestartMod.F90,/Users/jinyuntang/work/github/ecosim_workspace/main/f90src/IOutils/RestartMod.F90,9339,9369,subroutine restFile_write_pfile( fnamer ),False,True,1,4,
restartmod::restfile_read_pfile@f90src/ioutils/restartmod.f90:9372,restfile_read_pfile,restartmod::restfile_read_pfile,subroutine,restartmod,IOutils,f90src/IOutils/RestartMod.F90,/Users/jinyuntang/work/github/ecosim_workspace/main/f90src/IOutils/RestartMod.F90,9372,9413,subroutine restFile_read_pfile( pnamer ),False,True,1,3,
restartmod::restfile_read@f90src/ioutils/restartmod.f90:9416,restfile_read,restartmod::restfile_read,subroutine,restartmod,IOutils,f90src/IOutils/RestartMod.F90,/Users/jinyuntang/work/github/ecosim_workspace/main/f90src/IOutils/RestartMod.F90,9416,9455,"subroutine restFile_read( bounds, file)",False,True,1,7,
restartmod::restfile_check_consistency@f90src/ioutils/restartmod.f90:9458,restfile_check_consistency,restartmod::restfile_check_consistency,subroutine,restartmod,IOutils,f90src/IOutils/RestartMod.F90,/Users/jinyuntang/work/github/ecosim_workspace/main/f90src/IOutils/RestartMod.F90,9458,9466,"subroutine restFile_check_consistency(bounds, ncid)",False,True,1,0,
restartmod::restfile_dimcheck@f90src/ioutils/restartmod.f90:9469,restfile_dimcheck,restartmod::restfile_dimcheck,subroutine,restartmod,IOutils,f90src/IOutils/RestartMod.F90,/Users/jinyuntang/work/github/ecosim_workspace/main/f90src/IOutils/RestartMod.F90,9469,9525,subroutine restFile_dimcheck( ncid ),False,True,1,2,
restartmod::restfile_filename@f90src/ioutils/restartmod.f90:9527,restfile_filename,restartmod::restfile_filename,function,restartmod,IOutils,f90src/IOutils/RestartMod.F90,/Users/jinyuntang/work/github/ecosim_workspace/main/f90src/IOutils/RestartMod.F90,9527,9547,character(len=256) function restFile_filename( rdate ),False,True,1,2,
restartmod::restfile_write@f90src/ioutils/restartmod.f90:9550,restfile_write,restartmod::restfile_write,subroutine,restartmod,IOutils,f90src/IOutils/RestartMod.F90,/Users/jinyuntang/work/github/ecosim_workspace/main/f90src/IOutils/RestartMod.F90,9550,9621,"subroutine restFile_write( bounds, file,  rdate, noptr)",False,True,1,10,
restartmod::timemgr_restart_io@f90src/ioutils/restartmod.f90:9625,timemgr_restart_io,restartmod::timemgr_restart_io,subroutine,restartmod,IOutils,f90src/IOutils/RestartMod.F90,/Users/jinyuntang/work/github/ecosim_workspace/main/f90src/IOutils/RestartMod.F90,9625,9737,"subroutine timemgr_restart_io( ncid, flag )",False,True,2,7,
restartmod::restfile_dimset@f90src/ioutils/restartmod.f90:9739,restfile_dimset,restartmod::restfile_dimset,subroutine,restartmod,IOutils,f90src/IOutils/RestartMod.F90,/Users/jinyuntang/work/github/ecosim_workspace/main/f90src/IOutils/RestartMod.F90,9739,9830,subroutine restFile_dimset( ncid ),False,True,1,3,
restartmod::restfile_close@f90src/ioutils/restartmod.f90:9832,restfile_close,restartmod::restfile_close,subroutine,restartmod,IOutils,f90src/IOutils/RestartMod.F90,/Users/jinyuntang/work/github/ecosim_workspace/main/f90src/IOutils/RestartMod.F90,9832,9846,subroutine restFile_close( ncid ),False,True,2,1,
restartmod::get_tod@f90src/ioutils/restartmod.f90:9850,get_tod,restartmod::get_tod,function,restartmod,IOutils,f90src/IOutils/RestartMod.F90,/Users/jinyuntang/work/github/ecosim_workspace/main/f90src/IOutils/RestartMod.F90,9850,9860,integer function get_tod(hhmmss),False,True,1,0,
restartmod::restfile_enddef@f90src/ioutils/restartmod.f90:9863,restfile_enddef,restartmod::restfile_enddef,subroutine,restartmod,IOutils,f90src/IOutils/RestartMod.F90,/Users/jinyuntang/work/github/ecosim_workspace/main/f90src/IOutils/RestartMod.F90,9863,9873,subroutine restFile_enddef( ncid ),False,True,1,1,
restartmod::get_restart_date@f90src/ioutils/restartmod.f90:9876,get_restart_date,restartmod::get_restart_date,subroutine,restartmod,IOutils,f90src/IOutils/RestartMod.F90,/Users/jinyuntang/work/github/ecosim_workspace/main/f90src/IOutils/RestartMod.F90,9876,9919,subroutine get_restart_date(curr_date),False,True,1,5,
bhistmod::histrst@f90src/ioutils/bhistmod.f90:66,histrst,bhistmod::histrst,subroutine,bhistmod,IOutils,f90src/IOutils/bhistMod.F90,/Users/jinyuntang/work/github/ecosim_workspace/main/f90src/IOutils/bhistMod.F90,66,114,"subroutine histrst(this, gfname, rwflag, yymmddhhss)",False,False,0,8,
bhistmod::init@f90src/ioutils/bhistmod.f90:117,init,bhistmod::init,subroutine,bhistmod,IOutils,f90src/IOutils/bhistMod.F90,/Users/jinyuntang/work/github/ecosim_workspace/main/f90src/IOutils/bhistMod.F90,117,254,"subroutine init(this, ncols, varlist, varlnmlist, unitlist, vartypes, hrfreq, gfname, dtime)",False,False,0,5,
bhistmod::initalloc@f90src/ioutils/bhistmod.f90:258,initalloc,bhistmod::initalloc,subroutine,bhistmod,IOutils,f90src/IOutils/bhistMod.F90,/Users/jinyuntang/work/github/ecosim_workspace/main/f90src/IOutils/bhistMod.F90,258,287,subroutine initAlloc(this),False,False,0,0,
bhistmod::hist_wrap@f90src/ioutils/bhistmod.f90:290,hist_wrap,bhistmod::hist_wrap,subroutine,bhistmod,IOutils,f90src/IOutils/bhistMod.F90,/Users/jinyuntang/work/github/ecosim_workspace/main/f90src/IOutils/bhistMod.F90,290,329,"subroutine hist_wrap(this, yval, timer)",False,False,0,8,
bhistmod::hist_create@f90src/ioutils/bhistmod.f90:333,hist_create,bhistmod::hist_create,subroutine,bhistmod,IOutils,f90src/IOutils/bhistMod.F90,/Users/jinyuntang/work/github/ecosim_workspace/main/f90src/IOutils/bhistMod.F90,333,376,"subroutine hist_create(this, gname, yesno, freq, ncid)",False,False,1,2,
bhistmod::hist_add_var@f90src/ioutils/bhistmod.f90:378,hist_add_var,bhistmod::hist_add_var,subroutine,bhistmod,IOutils,f90src/IOutils/bhistMod.F90,/Users/jinyuntang/work/github/ecosim_workspace/main/f90src/IOutils/bhistMod.F90,378,394,"subroutine hist_add_var(this, ncid, varname, varnamel, units, freq)",False,False,1,1,
bhistmod::proc_counter@f90src/ioutils/bhistmod.f90:397,proc_counter,bhistmod::proc_counter,subroutine,bhistmod,IOutils,f90src/IOutils/bhistMod.F90,/Users/jinyuntang/work/github/ecosim_workspace/main/f90src/IOutils/bhistMod.F90,397,406,subroutine proc_counter(this),False,False,1,0,
bhistmod::reset_counter@f90src/ioutils/bhistmod.f90:409,reset_counter,bhistmod::reset_counter,subroutine,bhistmod,IOutils,f90src/IOutils/bhistMod.F90,/Users/jinyuntang/work/github/ecosim_workspace/main/f90src/IOutils/bhistMod.F90,409,415,"subroutine reset_counter(this, clockid)",False,False,1,0,
bhistmod::proc_record@f90src/ioutils/bhistmod.f90:418,proc_record,bhistmod::proc_record,subroutine,bhistmod,IOutils,f90src/IOutils/bhistMod.F90,/Users/jinyuntang/work/github/ecosim_workspace/main/f90src/IOutils/bhistMod.F90,418,425,"subroutine proc_record(this, clockid)",False,False,1,0,
bhistmod::hist_write@f90src/ioutils/bhistmod.f90:428,hist_write,bhistmod::hist_write,subroutine,bhistmod,IOutils,f90src/IOutils/bhistMod.F90,/Users/jinyuntang/work/github/ecosim_workspace/main/f90src/IOutils/bhistMod.F90,428,467,"subroutine hist_write(this, clockid, nvars, varid)",False,False,1,5,
readimod::readi@f90src/ioutils/readimod.f90:62,readi,readimod::readi,subroutine,readimod,IOutils,f90src/IOutils/readimod.F90,/Users/jinyuntang/work/github/ecosim_workspace/main/f90src/IOutils/readimod.F90,62,97,"SUBROUTINE readi(NHW,NHE,NVN,NVS)",False,True,1,4,
readimod::erosion_model_status@f90src/ioutils/readimod.f90:101,erosion_model_status,readimod::erosion_model_status,function,readimod,IOutils,f90src/IOutils/readimod.F90,/Users/jinyuntang/work/github/ecosim_workspace/main/f90src/IOutils/readimod.F90,101,126,function erosion_model_status(flag)result(status),False,True,1,1,
readimod::gridconectionmode@f90src/ioutils/readimod.f90:130,gridconectionmode,readimod::gridconectionmode,function,readimod,IOutils,f90src/IOutils/readimod.F90,/Users/jinyuntang/work/github/ecosim_workspace/main/f90src/IOutils/readimod.F90,130,147,function GridConectionMode(NCNG)result(status),False,True,1,1,
readimod::watertablestatus@f90src/ioutils/readimod.f90:150,watertablestatus,readimod::watertablestatus,function,readimod,IOutils,f90src/IOutils/readimod.F90,/Users/jinyuntang/work/github/ecosim_workspace/main/f90src/IOutils/readimod.F90,150,171,function WaterTableStatus(iWaterTabelMode)result(status),False,True,1,1,
readimod::readsitenc@f90src/ioutils/readimod.f90:175,readsitenc,readimod::readsitenc,subroutine,readimod,IOutils,f90src/IOutils/readimod.F90,/Users/jinyuntang/work/github/ecosim_workspace/main/f90src/IOutils/readimod.F90,175,327,"subroutine readsiteNC(NHW,NHE,NVN,NVS)",False,True,1,4,
readimod::readtoponc@f90src/ioutils/readimod.f90:331,readtoponc,readimod::readtoponc,subroutine,readimod,IOutils,f90src/IOutils/readimod.F90,/Users/jinyuntang/work/github/ecosim_workspace/main/f90src/IOutils/readimod.F90,331,799,subroutine readTopoNC(),False,True,1,8,
readimod::disp_topo_charc@f90src/ioutils/readimod.f90:803,disp_topo_charc,readimod::disp_topo_charc,subroutine,readimod,IOutils,f90src/IOutils/readimod.F90,/Users/jinyuntang/work/github/ecosim_workspace/main/f90src/IOutils/readimod.F90,803,1027,"subroutine Disp_topo_charc(NY,NX,NU,NM)",False,True,1,0,
readsmod::setconstclimeforcing@f90src/ioutils/readsmod.f90:47,setconstclimeforcing,readsmod::setconstclimeforcing,subroutine,readsmod,IOutils,f90src/IOutils/readsmod.F90,/Users/jinyuntang/work/github/ecosim_workspace/main/f90src/IOutils/readsmod.F90,47,79,subroutine SetConstClimeForcing(),False,True,1,0,
readsmod::readclimsoilforcing@f90src/ioutils/readsmod.f90:83,readclimsoilforcing,readsmod::readclimsoilforcing,subroutine,readsmod,IOutils,f90src/IOutils/readsmod.F90,/Users/jinyuntang/work/github/ecosim_workspace/main/f90src/IOutils/readsmod.F90,83,250,"SUBROUTINE ReadClimSoilForcing(yearc,yeari,NHW,NHE,NVN,NVS)",False,True,1,8,
readsmod::readclimatecorrections@f90src/ioutils/readsmod.f90:252,readclimatecorrections,readsmod::readclimatecorrections,subroutine,readsmod,IOutils,f90src/IOutils/readsmod.F90,/Users/jinyuntang/work/github/ecosim_workspace/main/f90src/IOutils/readsmod.F90,252,305,subroutine ReadClimateCorrections(yeari),False,True,1,5,
readsmod::readclimateforc@f90src/ioutils/readsmod.f90:307,readclimateforc,readsmod::readclimateforc,subroutine,readsmod,IOutils,f90src/IOutils/readsmod.F90,/Users/jinyuntang/work/github/ecosim_workspace/main/f90src/IOutils/readsmod.F90,307,375,"subroutine ReadClimateForc(yearc,yeari,L,NHW,NHE,NVN,NVS)",False,True,1,1,
restutilmod::restartvar_int@f90src/ioutils/restutilmod.f90:48,restartvar_int,restutilmod::restartvar_int,subroutine,restutilmod,IOutils,f90src/IOutils/restUtilMod.F90,/Users/jinyuntang/work/github/ecosim_workspace/main/f90src/IOutils/restUtilMod.F90,48,120,"subroutine restartvar_int(ncid, flag, varname, long_name, units, interpinic_flag, data, comment, flag_meanings, missing_value, fill_value, flag_values, nvalid_range )",False,False,0,5,
restutilmod::restartvar_real_sp@f90src/ioutils/restutilmod.f90:123,restartvar_real_sp,restutilmod::restartvar_real_sp,subroutine,restutilmod,IOutils,f90src/IOutils/restUtilMod.F90,/Users/jinyuntang/work/github/ecosim_workspace/main/f90src/IOutils/restUtilMod.F90,123,194,"subroutine restartvar_real_sp(ncid, flag, varname, long_name, units, interpinic_flag, data, comment, flag_meanings, missing_value, fill_value)",False,False,0,5,
restutilmod::restartvar_int_1d@f90src/ioutils/restutilmod.f90:196,restartvar_int_1d,restutilmod::restartvar_int_1d,subroutine,restutilmod,IOutils,f90src/IOutils/restUtilMod.F90,/Users/jinyuntang/work/github/ecosim_workspace/main/f90src/IOutils/restUtilMod.F90,196,285,"subroutine restartvar_int_1d(ncid, flag, varname, dim1name, long_name, units, interpinic_flag, data, comment, flag_meanings, missing_value, fill_value, flag_values, nvalid_range )",False,False,0,5,
restutilmod::restartvar_logical_1d@f90src/ioutils/restutilmod.f90:287,restartvar_logical_1d,restutilmod::restartvar_logical_1d,subroutine,restutilmod,IOutils,f90src/IOutils/restUtilMod.F90,/Users/jinyuntang/work/github/ecosim_workspace/main/f90src/IOutils/restUtilMod.F90,287,376,"subroutine restartvar_logical_1d(ncid, flag, varname, dim1name, long_name, units, interpinic_flag, data, comment, flag_meanings, missing_value, fill_value, flag_values, nvalid_range )",False,False,0,5,
restutilmod::restartvar_int_2d@f90src/ioutils/restutilmod.f90:378,restartvar_int_2d,restutilmod::restartvar_int_2d,subroutine,restutilmod,IOutils,f90src/IOutils/restUtilMod.F90,/Users/jinyuntang/work/github/ecosim_workspace/main/f90src/IOutils/restUtilMod.F90,378,468,"subroutine restartvar_int_2d(ncid, flag, varname, dim1name, dim2name, long_name, units, interpinic_flag, data, comment, flag_meanings, missing_value, fill_value, flag_values, nvalid_range )",False,False,0,5,
restutilmod::restartvar_int_3d@f90src/ioutils/restutilmod.f90:470,restartvar_int_3d,restutilmod::restartvar_int_3d,subroutine,restutilmod,IOutils,f90src/IOutils/restUtilMod.F90,/Users/jinyuntang/work/github/ecosim_workspace/main/f90src/IOutils/restUtilMod.F90,470,561,"subroutine restartvar_int_3d(ncid, flag, varname, dim1name, dim2name, dim3name, long_name, units, interpinic_flag, data, comment, flag_meanings, missing_value, fill_value, flag_values, nvalid_range )",False,False,0,5,
restutilmod::restartvar_real_sp_1d@f90src/ioutils/restutilmod.f90:563,restartvar_real_sp_1d,restutilmod::restartvar_real_sp_1d,subroutine,restutilmod,IOutils,f90src/IOutils/restUtilMod.F90,/Users/jinyuntang/work/github/ecosim_workspace/main/f90src/IOutils/restUtilMod.F90,563,645,"subroutine restartvar_real_sp_1d(ncid, flag, varname,  dim1name, long_name, units, interpinic_flag, data, comment, flag_meanings, missing_value, fill_value)",False,False,0,5,
restutilmod::restartvar_real_sp_2d@f90src/ioutils/restutilmod.f90:648,restartvar_real_sp_2d,restutilmod::restartvar_real_sp_2d,subroutine,restutilmod,IOutils,f90src/IOutils/restUtilMod.F90,/Users/jinyuntang/work/github/ecosim_workspace/main/f90src/IOutils/restUtilMod.F90,648,731,"subroutine restartvar_real_sp_2d(ncid, flag, varname,  dim1name,  dim2name, long_name, units, interpinic_flag, data, comment, flag_meanings, missing_value, fill_value)",False,False,0,5,
restutilmod::restartvar_real_sp_3d@f90src/ioutils/restutilmod.f90:734,restartvar_real_sp_3d,restutilmod::restartvar_real_sp_3d,subroutine,restutilmod,IOutils,f90src/IOutils/restUtilMod.F90,/Users/jinyuntang/work/github/ecosim_workspace/main/f90src/IOutils/restUtilMod.F90,734,819,"subroutine restartvar_real_sp_3d(ncid, flag, varname,  dim1name,  dim2name, dim3name, long_name, units, interpinic_flag, data, comment, flag_meanings, missing_value, fill_value)",False,False,0,5,
restutilmod::restartvar_real_sp_4d@f90src/ioutils/restutilmod.f90:821,restartvar_real_sp_4d,restutilmod::restartvar_real_sp_4d,subroutine,restutilmod,IOutils,f90src/IOutils/restUtilMod.F90,/Users/jinyuntang/work/github/ecosim_workspace/main/f90src/IOutils/restUtilMod.F90,821,907,"subroutine restartvar_real_sp_4d(ncid, flag, varname,  dim1name,  dim2name, dim3name, dim4name, long_name, units, interpinic_flag, data, comment, flag_meanings, missing_value, fill_value)",False,False,0,5,
restutilmod::restartvar_real_sp_5d@f90src/ioutils/restutilmod.f90:909,restartvar_real_sp_5d,restutilmod::restartvar_real_sp_5d,subroutine,restutilmod,IOutils,f90src/IOutils/restUtilMod.F90,/Users/jinyuntang/work/github/ecosim_workspace/main/f90src/IOutils/restUtilMod.F90,909,996,"subroutine restartvar_real_sp_5d(ncid, flag, varname,  dim1name,  dim2name, dim3name, dim4name, dim5name, long_name, units, interpinic_flag, data, comment, flag_meanings, missing_value, fill_value)",False,False,0,5,
restutilmod::cpcol_i_1d@f90src/ioutils/restutilmod.f90:998,cpcol_i_1d,restutilmod::cpcol_i_1d,subroutine,restutilmod,IOutils,f90src/IOutils/restUtilMod.F90,/Users/jinyuntang/work/github/ecosim_workspace/main/f90src/IOutils/restUtilMod.F90,998,1021,"subroutine cpcol_i_1d(flag,NHW,NHE,NVN,NVS,dat_arc,datic_1d)",False,False,0,1,
restutilmod::cpcol_r_1d@f90src/ioutils/restutilmod.f90:1023,cpcol_r_1d,restutilmod::cpcol_r_1d,subroutine,restutilmod,IOutils,f90src/IOutils/restUtilMod.F90,/Users/jinyuntang/work/github/ecosim_workspace/main/f90src/IOutils/restUtilMod.F90,1023,1046,"subroutine cpcol_r_1d(flag,NHW,NHE,NVN,NVS,dat_arc,datrc_1d)",False,False,0,1,
restutilmod::cpcol_r_2d@f90src/ioutils/restutilmod.f90:1048,cpcol_r_2d,restutilmod::cpcol_r_2d,subroutine,restutilmod,IOutils,f90src/IOutils/restUtilMod.F90,/Users/jinyuntang/work/github/ecosim_workspace/main/f90src/IOutils/restUtilMod.F90,1048,1075,"subroutine cpcol_r_2d(flag,NHW,NHE,NVN,NVS,dat_arc,datrc_2d)",False,False,0,1,
restutilmod::cpcol_r_3d@f90src/ioutils/restutilmod.f90:1077,cpcol_r_3d,restutilmod::cpcol_r_3d,subroutine,restutilmod,IOutils,f90src/IOutils/restUtilMod.F90,/Users/jinyuntang/work/github/ecosim_workspace/main/f90src/IOutils/restUtilMod.F90,1077,1108,"subroutine cpcol_r_3d(flag,NHW,NHE,NVN,NVS,dat_arc,datrc_3d)",False,False,0,1,
restutilmod::cpcol_r_4d@f90src/ioutils/restutilmod.f90:1110,cpcol_r_4d,restutilmod::cpcol_r_4d,subroutine,restutilmod,IOutils,f90src/IOutils/restUtilMod.F90,/Users/jinyuntang/work/github/ecosim_workspace/main/f90src/IOutils/restUtilMod.F90,1110,1145,"subroutine cpcol_r_4d(flag,NHW,NHE,NVN,NVS,dat_arc,datrc_4d)",False,False,0,1,
restutilmod::cpcol_r_5d@f90src/ioutils/restutilmod.f90:1147,cpcol_r_5d,restutilmod::cpcol_r_5d,subroutine,restutilmod,IOutils,f90src/IOutils/restUtilMod.F90,/Users/jinyuntang/work/github/ecosim_workspace/main/f90src/IOutils/restUtilMod.F90,1147,1186,"subroutine cpcol_r_5d(flag,NHW,NHE,NVN,NVS,dat_arc,datrc_5d)",False,False,0,1,
restutilmod::cppft_i_1d@f90src/ioutils/restutilmod.f90:1189,cppft_i_1d,restutilmod::cppft_i_1d,subroutine,restutilmod,IOutils,f90src/IOutils/restUtilMod.F90,/Users/jinyuntang/work/github/ecosim_workspace/main/f90src/IOutils/restUtilMod.F90,1189,1260,"subroutine cppft_i_1d(flag,NHW,NHE,NVN,NVS,NP,dat_arp,datip_1d,NumActivePlants,IsPlantActive_pft)",False,False,0,1,
restutilmod::cppft_i_2d@f90src/ioutils/restutilmod.f90:1263,cppft_i_2d,restutilmod::cppft_i_2d,subroutine,restutilmod,IOutils,f90src/IOutils/restUtilMod.F90,/Users/jinyuntang/work/github/ecosim_workspace/main/f90src/IOutils/restUtilMod.F90,1263,1347,"subroutine cppft_i_2d(flag,NHW,NHE,NVN,NVS,NP,dat_arp,datip_2d,NumActivePlants,IsPlantActive_pft)",False,False,0,1,
restutilmod::cppft_i_3d@f90src/ioutils/restutilmod.f90:1350,cppft_i_3d,restutilmod::cppft_i_3d,subroutine,restutilmod,IOutils,f90src/IOutils/restUtilMod.F90,/Users/jinyuntang/work/github/ecosim_workspace/main/f90src/IOutils/restUtilMod.F90,1350,1445,"subroutine cppft_i_3d(flag,NHW,NHE,NVN,NVS,NP,dat_arp,datip_3d,NumActivePlants,IsPlantActive_pft)",False,False,0,1,
restutilmod::cppft_r_1d@f90src/ioutils/restutilmod.f90:1448,cppft_r_1d,restutilmod::cppft_r_1d,subroutine,restutilmod,IOutils,f90src/IOutils/restUtilMod.F90,/Users/jinyuntang/work/github/ecosim_workspace/main/f90src/IOutils/restUtilMod.F90,1448,1519,"subroutine cppft_r_1d(flag,NHW,NHE,NVN,NVS,NP,dat_arp,datrp_1d,NumActivePlants,IsPlantActive_pft)",False,False,0,1,
restutilmod::cppft_r_2d@f90src/ioutils/restutilmod.f90:1522,cppft_r_2d,restutilmod::cppft_r_2d,subroutine,restutilmod,IOutils,f90src/IOutils/restUtilMod.F90,/Users/jinyuntang/work/github/ecosim_workspace/main/f90src/IOutils/restUtilMod.F90,1522,1605,"subroutine cppft_r_2d(flag,NHW,NHE,NVN,NVS,NP,dat_arp,datrp_2d,NumActivePlants,IsPlantActive_pft)",False,False,0,1,
restutilmod::cppft_r_3d@f90src/ioutils/restutilmod.f90:1608,cppft_r_3d,restutilmod::cppft_r_3d,subroutine,restutilmod,IOutils,f90src/IOutils/restUtilMod.F90,/Users/jinyuntang/work/github/ecosim_workspace/main/f90src/IOutils/restUtilMod.F90,1608,1703,"subroutine cppft_r_3d(flag,NHW,NHE,NVN,NVS,NP,dat_arp,datrp_3d,NumActivePlants,IsPlantActive_pft)",False,False,0,1,
restutilmod::cppft_r_4d@f90src/ioutils/restutilmod.f90:1705,cppft_r_4d,restutilmod::cppft_r_4d,subroutine,restutilmod,IOutils,f90src/IOutils/restUtilMod.F90,/Users/jinyuntang/work/github/ecosim_workspace/main/f90src/IOutils/restUtilMod.F90,1705,1812,"subroutine cppft_r_4d(flag,NHW,NHE,NVN,NVS,NP,dat_arp,datrp_4d,NumActivePlants,IsPlantActive_pft)",False,False,0,1,
restutilmod::cppft_r_5d@f90src/ioutils/restutilmod.f90:1814,cppft_r_5d,restutilmod::cppft_r_5d,subroutine,restutilmod,IOutils,f90src/IOutils/restUtilMod.F90,/Users/jinyuntang/work/github/ecosim_workspace/main/f90src/IOutils/restUtilMod.F90,1814,1933,"subroutine cppft_r_5d(flag,NHW,NHE,NVN,NVS,NP,dat_arp,datrp_5d,NumActivePlants,IsPlantActive_pft)",False,False,0,1,
ecosimdesctruct::destructecosim@f90src/main/ecosimdesctruct.f90:10,destructecosim,ecosimdesctruct::destructecosim,subroutine,ecosimdesctruct,Main,f90src/Main/EcoSIMDesctruct.F90,/Users/jinyuntang/work/github/ecosim_workspace/main/f90src/Main/EcoSIMDesctruct.F90,10,141,subroutine DestructEcoSIM,False,True,1,41,
initecosim::initmodules@f90src/main/initecosim.f90:15,initmodules,initecosim::initmodules,subroutine,initecosim,Main,f90src/Main/InitEcoSIM.F90,/Users/jinyuntang/work/github/ecosim_workspace/main/f90src/Main/InitEcoSIM.F90,15,59,subroutine InitModules(),False,True,1,12,
gridmod::setmesh@f90src/mesh/gridmod.f90:13,setmesh,gridmod::setmesh,subroutine,gridmod,Mesh,f90src/Mesh/GridMod.F90,/Users/jinyuntang/work/github/ecosim_workspace/main/f90src/Mesh/GridMod.F90,13,125,"subroutine SetMesh(NHW,NVN,NHE,NVS)",False,True,1,5,
gridmod::setmeshats@f90src/mesh/gridmod.f90:132,setmeshats,gridmod::setmeshats,subroutine,gridmod,Mesh,f90src/Mesh/GridMod.F90,/Users/jinyuntang/work/github/ecosim_workspace/main/f90src/Mesh/GridMod.F90,132,206,"subroutine SetMeshATS(NHW,NVN,NHE,NVS)",False,False,2,0,
gridmod::get_col@f90src/mesh/gridmod.f90:210,get_col,gridmod::get_col,function,gridmod,Mesh,f90src/Mesh/GridMod.F90,/Users/jinyuntang/work/github/ecosim_workspace/main/f90src/Mesh/GridMod.F90,210,217,"integer function get_col(NY,NX)",False,True,8,0,
gridmod::get_pft@f90src/mesh/gridmod.f90:219,get_pft,gridmod::get_pft,function,gridmod,Mesh,f90src/Mesh/GridMod.F90,/Users/jinyuntang/work/github/ecosim_workspace/main/f90src/Mesh/GridMod.F90,219,227,"integer function get_pft(NZ,NY,NX)",False,True,9,0,
micautocplxmod::activeautotrophs@f90src/microbial_bgc/box_micmodel/micautocplxfgmod.f90:28,activeautotrophs,micautocplxmod::activeautotrophs,subroutine,micautocplxmod,Microbial_bgc,f90src/Microbial_bgc/Box_Micmodel/MicAutoCplxFGMod.F90,/Users/jinyuntang/work/github/ecosim_workspace/main/f90src/Microbial_bgc/Box_Micmodel/MicAutoCplxFGMod.F90,28,144,"subroutine ActiveAutotrophs(I,J,N,SPOMK, RMOMK, micfor,micstt,micflx,naqfdiag,nmicf,nmics,ncplxf,ncplxs,nmicdiag)",False,True,1,12,
micautocplxmod::stageautotroph@f90src/microbial_bgc/box_micmodel/micautocplxfgmod.f90:148,stageautotroph,micautocplxmod::stageautotroph,subroutine,micautocplxmod,Microbial_bgc,f90src/Microbial_bgc/Box_Micmodel/MicAutoCplxFGMod.F90,/Users/jinyuntang/work/github/ecosim_workspace/main/f90src/Microbial_bgc/Box_Micmodel/MicAutoCplxFGMod.F90,148,202,"subroutine StageAutotroph(NGL,N,TOMEAutoKC,micfor,nmics,nmicdiag)",False,True,6,0,
micautocplxmod::substratecompetauto@f90src/microbial_bgc/box_micmodel/micautocplxfgmod.f90:206,substratecompetauto,micautocplxmod::substratecompetauto,subroutine,micautocplxmod,Microbial_bgc,f90src/Microbial_bgc/Box_Micmodel/MicAutoCplxFGMod.F90,/Users/jinyuntang/work/github/ecosim_workspace/main/f90src/Microbial_bgc/Box_Micmodel/MicAutoCplxFGMod.F90,206,361,"subroutine SubstrateCompetAuto(NGL,N,FNH4X,FNB3X,FNB4X,FNO3X,FPO4X,FPOBX,FP14X,FP1BX, micfor,naqfdiag,nmicf,nmics,micflx)",False,True,1,0,
micautocplxmod::gatherautotrophanabolicflux@f90src/microbial_bgc/box_micmodel/micautocplxfgmod.f90:364,gatherautotrophanabolicflux,micautocplxmod::gatherautotrophanabolicflux,subroutine,micautocplxmod,Microbial_bgc,f90src/Microbial_bgc/Box_Micmodel/MicAutoCplxFGMod.F90,/Users/jinyuntang/work/github/ecosim_workspace/main/f90src/Microbial_bgc/Box_Micmodel/MicAutoCplxFGMod.F90,364,596,"subroutine GatherAutotrophAnabolicFlux(I,J,N,micflx,spomk,rmomk,micfor,micstt,nmicf,nmics,ncplxf,ncplxs)",False,True,1,2,
micautocplxmod::aerobicautoro2uptake@f90src/microbial_bgc/box_micmodel/micautocplxfgmod.f90:599,aerobicautoro2uptake,micautocplxmod::aerobicautoro2uptake,subroutine,micautocplxmod,Microbial_bgc,f90src/Microbial_bgc/Box_Micmodel/MicAutoCplxFGMod.F90,/Users/jinyuntang/work/github/ecosim_workspace/main/f90src/Microbial_bgc/Box_Micmodel/MicAutoCplxFGMod.F90,599,798,"subroutine AerobicAutorO2Uptake(I,J,N,micfor,micstt,nmicf,nmics,micflx,naqfdiag)",False,True,1,4,
micautocplxmod::autotrophdenitrificcatabolism@f90src/microbial_bgc/box_micmodel/micautocplxfgmod.f90:802,autotrophdenitrificcatabolism,micautocplxmod::autotrophdenitrificcatabolism,subroutine,micautocplxmod,Microbial_bgc,f90src/Microbial_bgc/Box_Micmodel/MicAutoCplxFGMod.F90,/Users/jinyuntang/work/github/ecosim_workspace/main/f90src/Microbial_bgc/Box_Micmodel/MicAutoCplxFGMod.F90,802,955,"subroutine AutotrophDenitrificCatabolism(I,J,N,VOLWZ,micfor,micstt,naqfdiag,nmicf,nmics, micflx)",False,True,1,0,
micautocplxmod::amonc10catabolism@f90src/microbial_bgc/box_micmodel/micautocplxfgmod.f90:957,amonc10catabolism,micautocplxmod::amonc10catabolism,subroutine,micautocplxmod,Microbial_bgc,f90src/Microbial_bgc/Box_Micmodel/MicAutoCplxFGMod.F90,/Users/jinyuntang/work/github/ecosim_workspace/main/f90src/Microbial_bgc/Box_Micmodel/MicAutoCplxFGMod.F90,957,1098,"subroutine AMONC10Catabolism(I,J,N,RMOMK,TOMEAutoKC,micfor,micstt,naqfdiag,nmicf,nmics,micflx,nmicdiag)",False,True,1,3,
micautocplxmod::amoanme2dcatabolism@f90src/microbial_bgc/box_micmodel/micautocplxfgmod.f90:1100,amoanme2dcatabolism,micautocplxmod::amoanme2dcatabolism,subroutine,micautocplxmod,Microbial_bgc,f90src/Microbial_bgc/Box_Micmodel/MicAutoCplxFGMod.F90,/Users/jinyuntang/work/github/ecosim_workspace/main/f90src/Microbial_bgc/Box_Micmodel/MicAutoCplxFGMod.F90,1100,1254,"subroutine AMOANME2dCatabolism(I,J,N,RMOMK,TOMEAutoKC,VOLWZ,micfor,micstt,naqfdiag,nmicf,nmics,micflx,nmicdiag)",False,True,1,3,
micautocplxmod::ammoniaoxidizercatabolism@f90src/microbial_bgc/box_micmodel/micautocplxfgmod.f90:1256,ammoniaoxidizercatabolism,micautocplxmod::ammoniaoxidizercatabolism,subroutine,micautocplxmod,Microbial_bgc,f90src/Microbial_bgc/Box_Micmodel/MicAutoCplxFGMod.F90,/Users/jinyuntang/work/github/ecosim_workspace/main/f90src/Microbial_bgc/Box_Micmodel/MicAutoCplxFGMod.F90,1256,1445,"subroutine AmmoniaOxidizerCatabolism(I,J,N,RMOMK,TOMEAutoKC,VOLWZ,micfor,micstt,naqfdiag,nmicf,nmics,micflx,nmicdiag)",False,True,1,3,
micautocplxmod::nitriteoxidizercatabolism@f90src/microbial_bgc/box_micmodel/micautocplxfgmod.f90:1447,nitriteoxidizercatabolism,micautocplxmod::nitriteoxidizercatabolism,subroutine,micautocplxmod,Microbial_bgc,f90src/Microbial_bgc/Box_Micmodel/MicAutoCplxFGMod.F90,/Users/jinyuntang/work/github/ecosim_workspace/main/f90src/Microbial_bgc/Box_Micmodel/MicAutoCplxFGMod.F90,1447,1596,"subroutine NitriteOxidizerCatabolism(I,J,N,RMOMK,TOMEAutoKC,micfor,micstt,naqfdiag,nmicf,nmics,micflx,nmicdiag)",False,True,1,3,
micautocplxmod::h2methanogenscatabolism@f90src/microbial_bgc/box_micmodel/micautocplxfgmod.f90:1599,h2methanogenscatabolism,micautocplxmod::h2methanogenscatabolism,subroutine,micautocplxmod,Microbial_bgc,f90src/Microbial_bgc/Box_Micmodel/MicAutoCplxFGMod.F90,/Users/jinyuntang/work/github/ecosim_workspace/main/f90src/Microbial_bgc/Box_Micmodel/MicAutoCplxFGMod.F90,1599,1711,"subroutine H2MethanogensCatabolism(I,J,N,RMOMK,TOMEAutoKC,micfor,micstt,naqfdiag,nmicf,nmics,micflx,nmicdiag)",False,True,1,3,
micautocplxmod::aeromethanotrophcatabolism@f90src/microbial_bgc/box_micmodel/micautocplxfgmod.f90:1714,aeromethanotrophcatabolism,micautocplxmod::aeromethanotrophcatabolism,subroutine,micautocplxmod,Microbial_bgc,f90src/Microbial_bgc/Box_Micmodel/MicAutoCplxFGMod.F90,/Users/jinyuntang/work/github/ecosim_workspace/main/f90src/Microbial_bgc/Box_Micmodel/MicAutoCplxFGMod.F90,1714,1903,"subroutine AeroMethanotrophCatabolism(I,J,N,RMOMK,TOMEAutoKC,micfor,micstt,naqfdiag,nmicf,nmics,micflx,nmicdiag)",False,True,1,4,
micautocplxmod::biomnutminermobilautor@f90src/microbial_bgc/box_micmodel/micautocplxfgmod.f90:1905,biomnutminermobilautor,micautocplxmod::biomnutminermobilautor,subroutine,micautocplxmod,Microbial_bgc,f90src/Microbial_bgc/Box_Micmodel/MicAutoCplxFGMod.F90,/Users/jinyuntang/work/github/ecosim_workspace/main/f90src/Microbial_bgc/Box_Micmodel/MicAutoCplxFGMod.F90,1905,2309,"subroutine BiomNutMinerMobilAutor(I,J,N,ZNH4T,ZNO3T,ZNO2T,H2P4T,H1P4T,micfor,micstt,micflx,nmicf, nmics,naqfdiag)",False,True,1,2,
micautocplxmod::gatherautotrophrespiration@f90src/microbial_bgc/box_micmodel/micautocplxfgmod.f90:2312,gatherautotrophrespiration,micautocplxmod::gatherautotrophrespiration,subroutine,micautocplxmod,Microbial_bgc,f90src/Microbial_bgc/Box_Micmodel/MicAutoCplxFGMod.F90,/Users/jinyuntang/work/github/ecosim_workspace/main/f90src/Microbial_bgc/Box_Micmodel/MicAutoCplxFGMod.F90,2312,2369,"subroutine GatherAutotrophRespiration(I,J,N,micfor,micflx,nmicf,nmics)",False,True,1,1,
micautocplxmod::calcrespmaint@f90src/microbial_bgc/box_micmodel/micautocplxfgmod.f90:2371,calcrespmaint,micautocplxmod::calcrespmaint,subroutine,micautocplxmod,Microbial_bgc,f90src/Microbial_bgc/Box_Micmodel/MicAutoCplxFGMod.F90,/Users/jinyuntang/work/github/ecosim_workspace/main/f90src/Microbial_bgc/Box_Micmodel/MicAutoCplxFGMod.F90,2371,2412,"subroutine CalcRespMaint(I,J,NGL,RMOMK,micfor,micstt,micflx,nmicf,nmics)",False,True,6,2,
micautocplxmod::autotrophanabolicupdate@f90src/microbial_bgc/box_micmodel/micautocplxfgmod.f90:2415,autotrophanabolicupdate,micautocplxmod::autotrophanabolicupdate,subroutine,micautocplxmod,Microbial_bgc,f90src/Microbial_bgc/Box_Micmodel/MicAutoCplxFGMod.F90,/Users/jinyuntang/work/github/ecosim_workspace/main/f90src/Microbial_bgc/Box_Micmodel/MicAutoCplxFGMod.F90,2415,2572,"subroutine AutotrophAnabolicUpdate(micfor,micstt,nmicf,nmicdiag)",False,True,1,1,
micbgcmod::initnitro1layer@f90src/microbial_bgc/box_micmodel/micbgcfgmod.f90:44,initnitro1layer,micbgcmod::initnitro1layer,subroutine,micbgcmod,Microbial_bgc,f90src/Microbial_bgc/Box_Micmodel/MicBGCFGMod.F90,/Users/jinyuntang/work/github/ecosim_workspace/main/f90src/Microbial_bgc/Box_Micmodel/MicBGCFGMod.F90,44,63,subroutine initNitro1Layer,False,True,1,1,
micbgcmod::soilbgconelayer@f90src/microbial_bgc/box_micmodel/micbgcfgmod.f90:67,soilbgconelayer,micbgcmod::soilbgconelayer,subroutine,micbgcmod,Microbial_bgc,f90src/Microbial_bgc/Box_Micmodel/MicBGCFGMod.F90,/Users/jinyuntang/work/github/ecosim_workspace/main/f90src/Microbial_bgc/Box_Micmodel/MicBGCFGMod.F90,67,153,"subroutine SoilBGCOneLayer(I,J,micfor,micstt,micflx,naqfdiag,nmicdiag)",False,True,1,15,
micbgcmod::sumonelayer@f90src/microbial_bgc/box_micmodel/micbgcfgmod.f90:155,sumonelayer,micbgcmod::sumonelayer,subroutine,micbgcmod,Microbial_bgc,f90src/Microbial_bgc/Box_Micmodel/MicBGCFGMod.F90,/Users/jinyuntang/work/github/ecosim_workspace/main/f90src/Microbial_bgc/Box_Micmodel/MicBGCFGMod.F90,155,256,"subroutine SumOneLayer(tag,KL,micstt,litrM,toms,doms,som,sorbom,biomheter,biomauto,biomres)",False,False,0,1,
micbgcmod::stagebgcenvironcondition@f90src/microbial_bgc/box_micmodel/micbgcfgmod.f90:259,stagebgcenvironcondition,micbgcmod::stagebgcenvironcondition,subroutine,micbgcmod,Microbial_bgc,f90src/Microbial_bgc/Box_Micmodel/MicBGCFGMod.F90,/Users/jinyuntang/work/github/ecosim_workspace/main/f90src/Microbial_bgc/Box_Micmodel/MicBGCFGMod.F90,259,639,"subroutine StageBGCEnvironCondition(I,J,micfor,KL,micstt,naqfdiag,nmicdiag,nmics,ncplxs)",False,True,1,4,
micbgcmod::getmicrobdensfactorheter@f90src/microbial_bgc/box_micmodel/micbgcfgmod.f90:642,getmicrobdensfactorheter,micbgcmod::getmicrobdensfactorheter,subroutine,micbgcmod,Microbial_bgc,f90src/Microbial_bgc/Box_Micmodel/MicBGCFGMod.F90,/Users/jinyuntang/work/github/ecosim_workspace/main/f90src/Microbial_bgc/Box_Micmodel/MicBGCFGMod.F90,642,689,"subroutine GetMicrobDensFactorHeter(N,K,micfor, micstt, ORGCL, SPOMK, RMOMK)",False,True,1,1,
micbgcmod::getmicrobdensfactorautor@f90src/microbial_bgc/box_micmodel/micbgcfgmod.f90:691,getmicrobdensfactorautor,micbgcmod::getmicrobdensfactorautor,subroutine,micbgcmod,Microbial_bgc,f90src/Microbial_bgc/Box_Micmodel/MicBGCFGMod.F90,/Users/jinyuntang/work/github/ecosim_workspace/main/f90src/Microbial_bgc/Box_Micmodel/MicBGCFGMod.F90,691,737,"subroutine GetMicrobDensFactorAutor(N, micfor, micstt, ORGCL, SPOMK, RMOMK)",False,True,1,1,
micbgcmod::stagefuncguild@f90src/microbial_bgc/box_micmodel/micbgcfgmod.f90:739,stagefuncguild,micbgcmod::stagefuncguild,subroutine,micbgcmod,Microbial_bgc,f90src/Microbial_bgc/Box_Micmodel/MicBGCFGMod.F90,/Users/jinyuntang/work/github/ecosim_workspace/main/f90src/Microbial_bgc/Box_Micmodel/MicBGCFGMod.F90,739,830,"subroutine StageFuncGuild(N,NGL,K,TotActMicrobiom,FOQC,FOQA,micfor,naqfdiag,nmicdiag,nmics)",False,True,4,1,
micbgcmod::activemicrobes@f90src/microbial_bgc/box_micmodel/micbgcfgmod.f90:833,activemicrobes,micbgcmod::activemicrobes,subroutine,micbgcmod,Microbial_bgc,f90src/Microbial_bgc/Box_Micmodel/MicBGCFGMod.F90,/Users/jinyuntang/work/github/ecosim_workspace/main/f90src/Microbial_bgc/Box_Micmodel/MicBGCFGMod.F90,833,915,"subroutine ActiveMicrobes(I,J,KL,micfor,micstt,micflx,nmicdiag,naqfdiag, nmicf, nmics,ncplxf,ncplxs)",False,True,1,5,
micbgcmod::activeheterotrophsk@f90src/microbial_bgc/box_micmodel/micbgcfgmod.f90:917,activeheterotrophsk,micbgcmod::activeheterotrophsk,subroutine,micbgcmod,Microbial_bgc,f90src/Microbial_bgc/Box_Micmodel/MicBGCFGMod.F90,/Users/jinyuntang/work/github/ecosim_workspace/main/f90src/Microbial_bgc/Box_Micmodel/MicBGCFGMod.F90,917,1005,"subroutine ActiveHeterotrophsK(I,J,N,K,SPOMK,RMOMK, micfor,micstt,naqfdiag,nmicf,nmics,ncplxf,ncplxs,micflx,nmicdiag)",False,True,1,10,
micbgcmod::chemodenitrification@f90src/microbial_bgc/box_micmodel/micbgcfgmod.f90:1009,chemodenitrification,micbgcmod::chemodenitrification,subroutine,micbgcmod,Microbial_bgc,f90src/Microbial_bgc/Box_Micmodel/MicBGCFGMod.F90,/Users/jinyuntang/work/github/ecosim_workspace/main/f90src/Microbial_bgc/Box_Micmodel/MicBGCFGMod.F90,1009,1093,"subroutine ChemoDenitrification(micfor,micstt,nmicdiag,naqfdiag,micflx)",False,True,1,1,
micbgcmod::omtransferforpriming@f90src/microbial_bgc/box_micmodel/micbgcfgmod.f90:1096,omtransferforpriming,micbgcmod::omtransferforpriming,subroutine,micbgcmod,Microbial_bgc,f90src/Microbial_bgc/Box_Micmodel/MicBGCFGMod.F90,/Users/jinyuntang/work/github/ecosim_workspace/main/f90src/Microbial_bgc/Box_Micmodel/MicBGCFGMod.F90,1096,1215,"subroutine OMTransferForPriming(KL,micfor,micstt,nmicf,nmics,ncplxf,ncplxs,nmicdiag)",False,True,1,3,
micbgcmod::rdomsorption@f90src/microbial_bgc/box_micmodel/micbgcfgmod.f90:1218,rdomsorption,micbgcmod::rdomsorption,subroutine,micbgcmod,Microbial_bgc,f90src/Microbial_bgc/Box_Micmodel/MicBGCFGMod.F90,/Users/jinyuntang/work/github/ecosim_workspace/main/f90src/Microbial_bgc/Box_Micmodel/MicBGCFGMod.F90,1218,1305,"subroutine RDOMSorption(KL,micfor,micstt,nmicf,ncplxf,ncplxs)",False,True,1,0,
micbgcmod::solidomdecomposition@f90src/microbial_bgc/box_micmodel/micbgcfgmod.f90:1308,solidomdecomposition,micbgcmod::solidomdecomposition,subroutine,micbgcmod,Microbial_bgc,f90src/Microbial_bgc/Box_Micmodel/MicBGCFGMod.F90,/Users/jinyuntang/work/github/ecosim_workspace/main/f90src/Microbial_bgc/Box_Micmodel/MicBGCFGMod.F90,1308,1595,"subroutine SolidOMDecomposition(I,J,KL,micfor,micstt,naqfdiag,nmicdiag,ncplxf,ncplxs,micflx)",False,True,1,2,
micbgcmod::redistdecompproduct@f90src/microbial_bgc/box_micmodel/micbgcfgmod.f90:1598,redistdecompproduct,micbgcmod::redistdecompproduct,subroutine,micbgcmod,Microbial_bgc,f90src/Microbial_bgc/Box_Micmodel/MicBGCFGMod.F90,/Users/jinyuntang/work/github/ecosim_workspace/main/f90src/Microbial_bgc/Box_Micmodel/MicBGCFGMod.F90,1598,1785,"subroutine RedistDecompProduct(micfor,KL,nmicdiag,nmicf,ncplxf,ncplxs,micstt)",False,True,1,1,
micbgcmod::heterotrophanabolicupdate@f90src/microbial_bgc/box_micmodel/micbgcfgmod.f90:1788,heterotrophanabolicupdate,micbgcmod::heterotrophanabolicupdate,subroutine,micbgcmod,Microbial_bgc,f90src/Microbial_bgc/Box_Micmodel/MicBGCFGMod.F90,/Users/jinyuntang/work/github/ecosim_workspace/main/f90src/Microbial_bgc/Box_Micmodel/MicBGCFGMod.F90,1788,1952,"subroutine HeterotrophAnabolicUpdate(I,J,micfor,micstt,nmicf,micflx)",False,True,1,2,
micbgcmod::microbiallittercolonization@f90src/microbial_bgc/box_micmodel/micbgcfgmod.f90:1955,microbiallittercolonization,micbgcmod::microbiallittercolonization,subroutine,micbgcmod,Microbial_bgc,f90src/Microbial_bgc/Box_Micmodel/MicBGCFGMod.F90,/Users/jinyuntang/work/github/ecosim_workspace/main/f90src/Microbial_bgc/Box_Micmodel/MicBGCFGMod.F90,1955,2006,"subroutine MicrobialLitterColonization(I,J,KL,micfor,micstt,ncplxf,ncplxs,nmicdiag)",False,True,1,0,
micbgcmod::aggregatetransfombioresdue@f90src/microbial_bgc/box_micmodel/micbgcfgmod.f90:2009,aggregatetransfombioresdue,micbgcmod::aggregatetransfombioresdue,subroutine,micbgcmod,Microbial_bgc,f90src/Microbial_bgc/Box_Micmodel/MicBGCFGMod.F90,/Users/jinyuntang/work/github/ecosim_workspace/main/f90src/Microbial_bgc/Box_Micmodel/MicBGCFGMod.F90,2009,2377,"subroutine AggregateTransfOMBioResdue(KL,micfor,micstt,nmicdiag,naqfdiag,nmicf,ncplxf,micflx)",False,True,1,0,
micbgcmod::substrateattenf4compet@f90src/microbial_bgc/box_micmodel/micbgcfgmod.f90:2380,substrateattenf4compet,micbgcmod::substrateattenf4compet,subroutine,micbgcmod,Microbial_bgc,f90src/Microbial_bgc/Box_Micmodel/MicBGCFGMod.F90,/Users/jinyuntang/work/github/ecosim_workspace/main/f90src/Microbial_bgc/Box_Micmodel/MicBGCFGMod.F90,2380,2533,"subroutine SubstrateAttenf4Compet(NGL,N,K,FNH4X,FNB3X,FNB4X,FNO3X,FPO4X,FPOBX,FP14X,FP1BX, micfor,naqfdiag,nmicf,nmics,micflx)",False,True,1,0,
micbgcmod::acetomethanogencatabolism@f90src/microbial_bgc/box_micmodel/micbgcfgmod.f90:2536,acetomethanogencatabolism,micbgcmod::acetomethanogencatabolism,subroutine,micbgcmod,Microbial_bgc,f90src/Microbial_bgc/Box_Micmodel/MicBGCFGMod.F90,/Users/jinyuntang/work/github/ecosim_workspace/main/f90src/Microbial_bgc/Box_Micmodel/MicBGCFGMod.F90,2536,2645,"subroutine AcetoMethanogenCatabolism(N,K,micfor,micstt,naqfdiag,nmicf,nmics,ncplxs,micflx,nmicdiag)",False,True,1,2,
micbgcmod::aerobicheterobactcatabolism@f90src/microbial_bgc/box_micmodel/micbgcfgmod.f90:2648,aerobicheterobactcatabolism,micbgcmod::aerobicheterobactcatabolism,subroutine,micbgcmod,Microbial_bgc,f90src/Microbial_bgc/Box_Micmodel/MicBGCFGMod.F90,/Users/jinyuntang/work/github/ecosim_workspace/main/f90src/Microbial_bgc/Box_Micmodel/MicBGCFGMod.F90,2648,2816,"subroutine AerobicHeteroBactCatabolism(I,J,N,K,micfor,micstt,naqfdiag,nmicf,nmics,ncplxs,micflx,nmicdiag)",False,True,1,2,
micbgcmod::aerobicfungicatabolism@f90src/microbial_bgc/box_micmodel/micbgcfgmod.f90:2819,aerobicfungicatabolism,micbgcmod::aerobicfungicatabolism,subroutine,micbgcmod,Microbial_bgc,f90src/Microbial_bgc/Box_Micmodel/MicBGCFGMod.F90,/Users/jinyuntang/work/github/ecosim_workspace/main/f90src/Microbial_bgc/Box_Micmodel/MicBGCFGMod.F90,2819,2955,"subroutine AerobicFungiCatabolism(I,J,N,K,micfor,micstt,naqfdiag,nmicf,nmics,ncplxs,micflx,nmicdiag)",False,True,1,2,
micbgcmod::acetogfermentcatabolism@f90src/microbial_bgc/box_micmodel/micbgcfgmod.f90:2958,acetogfermentcatabolism,micbgcmod::acetogfermentcatabolism,subroutine,micbgcmod,Microbial_bgc,f90src/Microbial_bgc/Box_Micmodel/MicBGCFGMod.F90,/Users/jinyuntang/work/github/ecosim_workspace/main/f90src/Microbial_bgc/Box_Micmodel/MicBGCFGMod.F90,2958,3093,"subroutine AcetogFermentCatabolism(N,K,micfor,micstt,naqfdiag,ncplxs,nmicf,nmics,micflx,nmicdiag)",False,True,1,1,
micbgcmod::heterodenitrificcatabolism@f90src/microbial_bgc/box_micmodel/micbgcfgmod.f90:3096,heterodenitrificcatabolism,micbgcmod::heterodenitrificcatabolism,subroutine,micbgcmod,Microbial_bgc,f90src/Microbial_bgc/Box_Micmodel/MicBGCFGMod.F90,/Users/jinyuntang/work/github/ecosim_workspace/main/f90src/Microbial_bgc/Box_Micmodel/MicBGCFGMod.F90,3096,3435,"subroutine HeteroDenitrificCatabolism(N,K,VOLWZ,micfor,micstt,naqfdiag,nmicf,nmics,ncplxs,micflx)",False,True,1,1,
micbgcmod::aerobichetero2uptake@f90src/microbial_bgc/box_micmodel/micbgcfgmod.f90:3438,aerobichetero2uptake,micbgcmod::aerobichetero2uptake,subroutine,micbgcmod,Microbial_bgc,f90src/Microbial_bgc/Box_Micmodel/MicBGCFGMod.F90,/Users/jinyuntang/work/github/ecosim_workspace/main/f90src/Microbial_bgc/Box_Micmodel/MicBGCFGMod.F90,3438,3606,"subroutine AerobicHeterO2Uptake(I,J,NGL,N,K,FOXYX,OXKX,micfor,micstt,nmicf,nmics,micflx)",False,True,2,4,
micbgcmod::biomassmineralization@f90src/microbial_bgc/box_micmodel/micbgcfgmod.f90:3610,biomassmineralization,micbgcmod::biomassmineralization,subroutine,micbgcmod,Microbial_bgc,f90src/Microbial_bgc/Box_Micmodel/MicBGCFGMod.F90,/Users/jinyuntang/work/github/ecosim_workspace/main/f90src/Microbial_bgc/Box_Micmodel/MicBGCFGMod.F90,3610,4037,"subroutine BiomassMineralization(NGL,N,K,FNH4X,FNB3X,FNB4X,FNO3X,FPO4X,FPOBX,FP14X,FP1BX, ZNH4T,ZNO3T,ZNO2T,H2P4T,H1P4T,micfor,micstt,nmicf,nmics,micflx)",False,True,1,1,
micbgcmod::gatherhetertrophrespiration@f90src/microbial_bgc/box_micmodel/micbgcfgmod.f90:4040,gatherhetertrophrespiration,micbgcmod::gatherhetertrophrespiration,subroutine,micbgcmod,Microbial_bgc,f90src/Microbial_bgc/Box_Micmodel/MicBGCFGMod.F90,/Users/jinyuntang/work/github/ecosim_workspace/main/f90src/Microbial_bgc/Box_Micmodel/MicBGCFGMod.F90,4040,4129,"subroutine GatherHetertrophRespiration(I,J,NGL,N,K,RMOMK,RGrowthRespHeter, RMaintDefcitcitHeter,RMaintRespHeter,micfor,micstt,nmicf,nmics)",False,True,1,1,
micbgcmod::gatherhetertrophanabolicflux@f90src/microbial_bgc/box_micmodel/micbgcfgmod.f90:4132,gatherhetertrophanabolicflux,micbgcmod::gatherhetertrophanabolicflux,subroutine,micbgcmod,Microbial_bgc,f90src/Microbial_bgc/Box_Micmodel/MicBGCFGMod.F90,/Users/jinyuntang/work/github/ecosim_workspace/main/f90src/Microbial_bgc/Box_Micmodel/MicBGCFGMod.F90,4132,4391,"subroutine GatherHetertrophAnabolicFlux(I,J,NGL,N,K,RGrowthRespHeter,RMaintDefcitcitHeter,RMaintRespHeter, spomk,micfor,micstt,nmicf,nmics,ncplxf,ncplxs,micflx)",False,True,1,1,
micfluxtypemod::init@f90src/microbial_bgc/box_micmodel/micfluxtypemod.f90:160,init,micfluxtypemod::init,subroutine,micfluxtypemod,Microbial_bgc,f90src/Microbial_bgc/Box_Micmodel/MicFluxTypeMod.F90,/Users/jinyuntang/work/github/ecosim_workspace/main/f90src/Microbial_bgc/Box_Micmodel/MicFluxTypeMod.F90,160,268,subroutine Init(this),False,False,0,0,
micfluxtypemod::zeroout@f90src/microbial_bgc/box_micmodel/micfluxtypemod.f90:270,zeroout,micfluxtypemod::zeroout,subroutine,micfluxtypemod,Microbial_bgc,f90src/Microbial_bgc/Box_Micmodel/MicFluxTypeMod.F90,/Users/jinyuntang/work/github/ecosim_workspace/main/f90src/Microbial_bgc/Box_Micmodel/MicFluxTypeMod.F90,270,354,subroutine ZeroOut(this),False,False,0,0,
micfluxtypemod::destruct@f90src/microbial_bgc/box_micmodel/micfluxtypemod.f90:356,destruct,micfluxtypemod::destruct,subroutine,micfluxtypemod,Microbial_bgc,f90src/Microbial_bgc/Box_Micmodel/MicFluxTypeMod.F90,/Users/jinyuntang/work/github/ecosim_workspace/main/f90src/Microbial_bgc/Box_Micmodel/MicFluxTypeMod.F90,356,428,subroutine Destruct(this),False,False,0,1,
micforctypemod::init@f90src/microbial_bgc/box_micmodel/micforctypemod.f90:108,init,micforctypemod::init,subroutine,micforctypemod,Microbial_bgc,f90src/Microbial_bgc/Box_Micmodel/MicForcTypeMod.F90,/Users/jinyuntang/work/github/ecosim_workspace/main/f90src/Microbial_bgc/Box_Micmodel/MicForcTypeMod.F90,108,138,subroutine Init(this),False,False,0,0,
micforctypemod::destruct@f90src/microbial_bgc/box_micmodel/micforctypemod.f90:142,destruct,micforctypemod::destruct,subroutine,micforctypemod,Microbial_bgc,f90src/Microbial_bgc/Box_Micmodel/MicForcTypeMod.F90,/Users/jinyuntang/work/github/ecosim_workspace/main/f90src/Microbial_bgc/Box_Micmodel/MicForcTypeMod.F90,142,167,subroutine Destruct(this),False,False,0,1,
micstatetraittypemod::init@f90src/microbial_bgc/box_micmodel/micstatetraittypemod.f90:97,init,micstatetraittypemod::init,subroutine,micstatetraittypemod,Microbial_bgc,f90src/Microbial_bgc/Box_Micmodel/MicStateTraitTypeMod.F90,/Users/jinyuntang/work/github/ecosim_workspace/main/f90src/Microbial_bgc/Box_Micmodel/MicStateTraitTypeMod.F90,97,133,subroutine Init(this),False,False,0,0,
micstatetraittypemod::destruct@f90src/microbial_bgc/box_micmodel/micstatetraittypemod.f90:138,destruct,micstatetraittypemod::destruct,subroutine,micstatetraittypemod,Microbial_bgc,f90src/Microbial_bgc/Box_Micmodel/MicStateTraitTypeMod.F90,/Users/jinyuntang/work/github/ecosim_workspace/main/f90src/Microbial_bgc/Box_Micmodel/MicStateTraitTypeMod.F90,138,157,subroutine Destruct(this),False,False,0,1,
microbmathfuncmod::microbphystempfun@f90src/microbial_bgc/box_micmodel/microbmathfuncmod.f90:14,microbphystempfun,microbmathfuncmod::microbphystempfun,subroutine,microbmathfuncmod,Microbial_bgc,f90src/Microbial_bgc/Box_Micmodel/MicrobMathFuncMod.F90,/Users/jinyuntang/work/github/ecosim_workspace/main/f90src/Microbial_bgc/Box_Micmodel/MicrobMathFuncMod.F90,14,31,"subroutine MicrobPhysTempFun(TKSO, TSensGrowth, TSensMaintR)",False,True,1,0,
microbmathfuncmod::transpbasedsubstrateuptake@f90src/microbial_bgc/box_micmodel/microbmathfuncmod.f90:35,transpbasedsubstrateuptake,microbmathfuncmod::transpbasedsubstrateuptake,function,microbmathfuncmod,Microbial_bgc,f90src/Microbial_bgc/Box_Micmodel/MicrobMathFuncMod.F90,/Users/jinyuntang/work/github/ecosim_workspace/main/f90src/Microbial_bgc/Box_Micmodel/MicrobMathFuncMod.F90,35,66,"pure function TranspBasedsubstrateUptake(S_conc,diffusc, KM, V_max, zeros)result(uptake)",False,True,2,0,
microbediagtypes::nit_aqmf_diag@f90src/microbial_bgc/box_micmodel/microbediagtypes.f90:305,nit_aqmf_diag,microbediagtypes::nit_aqmf_diag,subroutine,microbediagtypes,Microbial_bgc,f90src/Microbial_bgc/Box_Micmodel/MicrobeDiagTypes.F90,/Users/jinyuntang/work/github/ecosim_workspace/main/f90src/Microbial_bgc/Box_Micmodel/MicrobeDiagTypes.F90,305,365,subroutine nit_aqmf_diag(this),False,False,0,0,
microbediagtypes::nit_micf_init@f90src/microbial_bgc/box_micmodel/microbediagtypes.f90:369,nit_micf_init,microbediagtypes::nit_micf_init,subroutine,microbediagtypes,Microbial_bgc,f90src/Microbial_bgc/Box_Micmodel/MicrobeDiagTypes.F90,/Users/jinyuntang/work/github/ecosim_workspace/main/f90src/Microbial_bgc/Box_Micmodel/MicrobeDiagTypes.F90,369,487,"subroutine nit_micf_init(this,jcplx,NumMicbFunGrupsPerCmplx)",False,False,0,1,
microbediagtypes::nit_mics_init@f90src/microbial_bgc/box_micmodel/microbediagtypes.f90:491,nit_mics_init,microbediagtypes::nit_mics_init,subroutine,microbediagtypes,Microbial_bgc,f90src/Microbial_bgc/Box_Micmodel/MicrobeDiagTypes.F90,/Users/jinyuntang/work/github/ecosim_workspace/main/f90src/Microbial_bgc/Box_Micmodel/MicrobeDiagTypes.F90,491,533,"subroutine nit_mics_init(this, jcplx,NumMicbFunGrupsPerCmplx)",False,False,0,0,
microbediagtypes::nit_micf_zero@f90src/microbial_bgc/box_micmodel/microbediagtypes.f90:536,nit_micf_zero,microbediagtypes::nit_micf_zero,subroutine,microbediagtypes,Microbial_bgc,f90src/Microbial_bgc/Box_Micmodel/MicrobeDiagTypes.F90,/Users/jinyuntang/work/github/ecosim_workspace/main/f90src/Microbial_bgc/Box_Micmodel/MicrobeDiagTypes.F90,536,645,subroutine nit_micf_zero(this),False,False,0,0,
microbediagtypes::nit_micf_destroy@f90src/microbial_bgc/box_micmodel/microbediagtypes.f90:650,nit_micf_destroy,microbediagtypes::nit_micf_destroy,subroutine,microbediagtypes,Microbial_bgc,f90src/Microbial_bgc/Box_Micmodel/MicrobeDiagTypes.F90,/Users/jinyuntang/work/github/ecosim_workspace/main/f90src/Microbial_bgc/Box_Micmodel/MicrobeDiagTypes.F90,650,749,subroutine nit_micf_destroy(this),False,False,0,1,
microbediagtypes::mic_diag_summary@f90src/microbial_bgc/box_micmodel/microbediagtypes.f90:752,mic_diag_summary,microbediagtypes::mic_diag_summary,subroutine,microbediagtypes,Microbial_bgc,f90src/Microbial_bgc/Box_Micmodel/MicrobeDiagTypes.F90,/Users/jinyuntang/work/github/ecosim_workspace/main/f90src/Microbial_bgc/Box_Micmodel/MicrobeDiagTypes.F90,752,779,"subroutine mic_diag_summary(this,groupid,FSubs_limiter)",False,True,1,0,
microbediagtypes::mic_diag_destroy@f90src/microbial_bgc/box_micmodel/microbediagtypes.f90:782,mic_diag_destroy,microbediagtypes::mic_diag_destroy,subroutine,microbediagtypes,Microbial_bgc,f90src/Microbial_bgc/Box_Micmodel/MicrobeDiagTypes.F90,/Users/jinyuntang/work/github/ecosim_workspace/main/f90src/Microbial_bgc/Box_Micmodel/MicrobeDiagTypes.F90,782,791,subroutine mic_diag_destroy(this),False,False,0,1,
microbediagtypes::nit_mics_destroy@f90src/microbial_bgc/box_micmodel/microbediagtypes.f90:793,nit_mics_destroy,microbediagtypes::nit_mics_destroy,subroutine,microbediagtypes,Microbial_bgc,f90src/Microbial_bgc/Box_Micmodel/MicrobeDiagTypes.F90,/Users/jinyuntang/work/github/ecosim_workspace/main/f90src/Microbial_bgc/Box_Micmodel/MicrobeDiagTypes.F90,793,829,subroutine nit_mics_destroy(this),False,False,0,1,
microbediagtypes::nit_omcplxf_init@f90src/microbial_bgc/box_micmodel/microbediagtypes.f90:831,nit_omcplxf_init,microbediagtypes::nit_omcplxf_init,subroutine,microbediagtypes,Microbial_bgc,f90src/Microbial_bgc/Box_Micmodel/MicrobeDiagTypes.F90,/Users/jinyuntang/work/github/ecosim_workspace/main/f90src/Microbial_bgc/Box_Micmodel/MicrobeDiagTypes.F90,831,852,subroutine nit_omcplxf_init(this),False,False,0,1,
microbediagtypes::nit_omcplxf_destroy@f90src/microbial_bgc/box_micmodel/microbediagtypes.f90:855,nit_omcplxf_destroy,microbediagtypes::nit_omcplxf_destroy,subroutine,microbediagtypes,Microbial_bgc,f90src/Microbial_bgc/Box_Micmodel/MicrobeDiagTypes.F90,/Users/jinyuntang/work/github/ecosim_workspace/main/f90src/Microbial_bgc/Box_Micmodel/MicrobeDiagTypes.F90,855,868,subroutine nit_omcplxf_destroy(this),False,False,0,1,
microbediagtypes::nit_omcplxf_zero@f90src/microbial_bgc/box_micmodel/microbediagtypes.f90:871,nit_omcplxf_zero,microbediagtypes::nit_omcplxf_zero,subroutine,microbediagtypes,Microbial_bgc,f90src/Microbial_bgc/Box_Micmodel/MicrobeDiagTypes.F90,/Users/jinyuntang/work/github/ecosim_workspace/main/f90src/Microbial_bgc/Box_Micmodel/MicrobeDiagTypes.F90,871,883,subroutine nit_omcplxf_zero(this),False,False,0,0,
microbediagtypes::mic_diag_init@f90src/microbial_bgc/box_micmodel/microbediagtypes.f90:885,mic_diag_init,microbediagtypes::mic_diag_init,subroutine,microbediagtypes,Microbial_bgc,f90src/Microbial_bgc/Box_Micmodel/MicrobeDiagTypes.F90,/Users/jinyuntang/work/github/ecosim_workspace/main/f90src/Microbial_bgc/Box_Micmodel/MicrobeDiagTypes.F90,885,900,subroutine mic_diag_init(this),False,False,0,0,
microbediagtypes::nit_omcplxs_init@f90src/microbial_bgc/box_micmodel/microbediagtypes.f90:903,nit_omcplxs_init,microbediagtypes::nit_omcplxs_init,subroutine,microbediagtypes,Microbial_bgc,f90src/Microbial_bgc/Box_Micmodel/MicrobeDiagTypes.F90,/Users/jinyuntang/work/github/ecosim_workspace/main/f90src/Microbial_bgc/Box_Micmodel/MicrobeDiagTypes.F90,903,922,subroutine nit_omcplxs_init(this),False,False,0,1,
microbediagtypes::mic_diag_zero@f90src/microbial_bgc/box_micmodel/microbediagtypes.f90:925,mic_diag_zero,microbediagtypes::mic_diag_zero,subroutine,microbediagtypes,Microbial_bgc,f90src/Microbial_bgc/Box_Micmodel/MicrobeDiagTypes.F90,/Users/jinyuntang/work/github/ecosim_workspace/main/f90src/Microbial_bgc/Box_Micmodel/MicrobeDiagTypes.F90,925,948,subroutine mic_diag_zero(this),False,False,0,0,
microbediagtypes::nit_omcplxs_zero@f90src/microbial_bgc/box_micmodel/microbediagtypes.f90:951,nit_omcplxs_zero,microbediagtypes::nit_omcplxs_zero,subroutine,microbediagtypes,Microbial_bgc,f90src/Microbial_bgc/Box_Micmodel/MicrobeDiagTypes.F90,/Users/jinyuntang/work/github/ecosim_workspace/main/f90src/Microbial_bgc/Box_Micmodel/MicrobeDiagTypes.F90,951,968,subroutine nit_omcplxs_zero(this),False,False,0,0,
microbediagtypes::nit_omcplxs_destroy@f90src/microbial_bgc/box_micmodel/microbediagtypes.f90:972,nit_omcplxs_destroy,microbediagtypes::nit_omcplxs_destroy,subroutine,microbediagtypes,Microbial_bgc,f90src/Microbial_bgc/Box_Micmodel/MicrobeDiagTypes.F90,/Users/jinyuntang/work/github/ecosim_workspace/main/f90src/Microbial_bgc/Box_Micmodel/MicrobeDiagTypes.F90,972,988,subroutine nit_omcplxs_destroy(this),False,False,0,1,
initsombgcmod::initsombgc@f90src/microbial_bgc/layers_micmodel/initsombgcmod.f90:38,initsombgc,initsombgcmod::initsombgc,subroutine,initsombgcmod,Microbial_bgc,f90src/Microbial_bgc/Layers_Micmodel/InitSOMBGCMod.F90,/Users/jinyuntang/work/github/ecosim_workspace/main/f90src/Microbial_bgc/Layers_Micmodel/InitSOMBGCMod.F90,38,54,subroutine InitSOMBGC(),False,True,1,1,
initsombgcmod::initsomconsts@f90src/microbial_bgc/layers_micmodel/initsombgcmod.f90:58,initsomconsts,initsombgcmod::initsomconsts,subroutine,initsombgcmod,Microbial_bgc,f90src/Microbial_bgc/Layers_Micmodel/InitSOMBGCMod.F90,/Users/jinyuntang/work/github/ecosim_workspace/main/f90src/Microbial_bgc/Layers_Micmodel/InitSOMBGCMod.F90,58,63,subroutine InitSOMConsts,False,True,1,1,
initsombgcmod::initsomvars@f90src/microbial_bgc/layers_micmodel/initsombgcmod.f90:66,initsomvars,initsombgcmod::initsomvars,subroutine,initsombgcmod,Microbial_bgc,f90src/Microbial_bgc/Layers_Micmodel/InitSOMBGCMod.F90,/Users/jinyuntang/work/github/ecosim_workspace/main/f90src/Microbial_bgc/Layers_Micmodel/InitSOMBGCMod.F90,66,409,"subroutine InitSOMVars(L,NY,NX,FCX)",False,True,1,3,
initsombgcmod::initsurfresidukineticomponent@f90src/microbial_bgc/layers_micmodel/initsombgcmod.f90:412,initsurfresidukineticomponent,initsombgcmod::initsurfresidukineticomponent,subroutine,initsombgcmod,Microbial_bgc,f90src/Microbial_bgc/Layers_Micmodel/InitSOMBGCMod.F90,/Users/jinyuntang/work/github/ecosim_workspace/main/f90src/Microbial_bgc/Layers_Micmodel/InitSOMBGCMod.F90,412,501,"subroutine InitSurfResiduKinetiComponent(L,NY,NX)",False,True,1,0,
initsombgcmod::initmanurekineticomponent@f90src/microbial_bgc/layers_micmodel/initsombgcmod.f90:503,initmanurekineticomponent,initsombgcmod::initmanurekineticomponent,subroutine,initsombgcmod,Microbial_bgc,f90src/Microbial_bgc/Layers_Micmodel/InitSOMBGCMod.F90,/Users/jinyuntang/work/github/ecosim_workspace/main/f90src/Microbial_bgc/Layers_Micmodel/InitSOMBGCMod.F90,503,530,"subroutine InitManureKinetiComponent(L,NY,NX)",False,True,1,0,
initsombgcmod::initpomkineticomponent@f90src/microbial_bgc/layers_micmodel/initsombgcmod.f90:532,initpomkineticomponent,initsombgcmod::initpomkineticomponent,subroutine,initsombgcmod,Microbial_bgc,f90src/Microbial_bgc/Layers_Micmodel/InitSOMBGCMod.F90,/Users/jinyuntang/work/github/ecosim_workspace/main/f90src/Microbial_bgc/Layers_Micmodel/InitSOMBGCMod.F90,532,640,"subroutine InitPOMKinetiComponent(L,NY,NX,HCX,TORGL,LandScape1stSoiLayDepth,FCX,VORGCM)",False,True,1,0,
initsombgcmod::initsomprofile@f90src/microbial_bgc/layers_micmodel/initsombgcmod.f90:644,initsomprofile,initsombgcmod::initsomprofile,subroutine,initsombgcmod,Microbial_bgc,f90src/Microbial_bgc/Layers_Micmodel/InitSOMBGCMod.F90,/Users/jinyuntang/work/github/ecosim_workspace/main/f90src/Microbial_bgc/Layers_Micmodel/InitSOMBGCMod.F90,644,668,"subroutine InitSOMProfile(L,NY,NX,HCX,TORGL,LandScape1stSoiLayDepth,VORGCM,FCX)",False,True,1,5,
initsombgcmod::initlitterprofile@f90src/microbial_bgc/layers_micmodel/initsombgcmod.f90:672,initlitterprofile,initsombgcmod::initlitterprofile,subroutine,initsombgcmod,Microbial_bgc,f90src/Microbial_bgc/Layers_Micmodel/InitSOMBGCMod.F90,/Users/jinyuntang/work/github/ecosim_workspace/main/f90src/Microbial_bgc/Layers_Micmodel/InitSOMBGCMod.F90,672,734,"subroutine InitLitterProfile(L,NY,NX)",False,True,1,2,
initsombgcmod::microbebylitterfall@f90src/microbial_bgc/layers_micmodel/initsombgcmod.f90:737,microbebylitterfall,initsombgcmod::microbebylitterfall,subroutine,initsombgcmod,Microbial_bgc,f90src/Microbial_bgc/Layers_Micmodel/InitSOMBGCMod.F90,/Users/jinyuntang/work/github/ecosim_workspace/main/f90src/Microbial_bgc/Layers_Micmodel/InitSOMBGCMod.F90,737,788,"subroutine MicrobeByLitterFall(I,J,K,NY,NX,OSCMK)",False,True,1,1,
initsombgcmod::destructsombgc@f90src/microbial_bgc/layers_micmodel/initsombgcmod.f90:792,destructsombgc,initsombgcmod::destructsombgc,subroutine,initsombgcmod,Microbial_bgc,f90src/Microbial_bgc/Layers_Micmodel/InitSOMBGCMod.F90,/Users/jinyuntang/work/github/ecosim_workspace/main/f90src/Microbial_bgc/Layers_Micmodel/InitSOMBGCMod.F90,792,800,subroutine DestructSOMBGC,False,True,1,1,
soilbgcnlaymod::initnitro@f90src/microbial_bgc/layers_micmodel/soilbgcnlaymod.f90:45,initnitro,soilbgcnlaymod::initnitro,subroutine,soilbgcnlaymod,Microbial_bgc,f90src/Microbial_bgc/Layers_Micmodel/SoilBGCNLayMod.F90,/Users/jinyuntang/work/github/ecosim_workspace/main/f90src/Microbial_bgc/Layers_Micmodel/SoilBGCNLayMod.F90,45,51,subroutine initNitro,False,True,1,1,
soilbgcnlaymod::downwardmixom@f90src/microbial_bgc/layers_micmodel/soilbgcnlaymod.f90:55,downwardmixom,soilbgcnlaymod::downwardmixom,subroutine,soilbgcnlaymod,Microbial_bgc,f90src/Microbial_bgc/Layers_Micmodel/SoilBGCNLayMod.F90,/Users/jinyuntang/work/github/ecosim_workspace/main/f90src/Microbial_bgc/Layers_Micmodel/SoilBGCNLayMod.F90,55,135,"subroutine DownwardMixOM(I,J,L,NY,NX,FracLitrMix)",False,True,1,2,
soilbgcnlaymod::applyverticalmix@f90src/microbial_bgc/layers_micmodel/soilbgcnlaymod.f90:138,applyverticalmix,soilbgcnlaymod::applyverticalmix,subroutine,soilbgcnlaymod,Microbial_bgc,f90src/Microbial_bgc/Layers_Micmodel/SoilBGCNLayMod.F90,/Users/jinyuntang/work/github/ecosim_workspace/main/f90src/Microbial_bgc/Layers_Micmodel/SoilBGCNLayMod.F90,138,226,"subroutine ApplyVerticalMix(FracLitrMix,L,LL,NY,NX)",False,True,1,2,
linearalgebramod::sparse_gemv@f90src/minimath/linearalgebramod.f90:23,sparse_gemv,linearalgebramod::sparse_gemv,subroutine,linearalgebramod,Minimath,f90src/Minimath/LinearAlgebraMod.F90,/Users/jinyuntang/work/github/ecosim_workspace/main/f90src/Minimath/LinearAlgebraMod.F90,23,62,"subroutine sparse_gemv(transp, nx, ny, a, nb, b, nz, dxdt)",False,False,0,0,
linearalgebramod::taxpy_v@f90src/minimath/linearalgebramod.f90:65,taxpy_v,linearalgebramod::taxpy_v,subroutine,linearalgebramod,Minimath,f90src/Minimath/LinearAlgebraMod.F90,/Users/jinyuntang/work/github/ecosim_workspace/main/f90src/Minimath/LinearAlgebraMod.F90,65,105,"subroutine taxpy_v(N,DA,DX,INCX,DY,INCY)",False,False,1,0,
linearalgebramod::taxpy_m@f90src/minimath/linearalgebramod.f90:108,taxpy_m,linearalgebramod::taxpy_m,subroutine,linearalgebramod,Minimath,f90src/Minimath/LinearAlgebraMod.F90,/Users/jinyuntang/work/github/ecosim_workspace/main/f90src/Minimath/LinearAlgebraMod.F90,108,123,"subroutine taxpy_m(N,DA,DX,INCX,DY,INCY)",False,False,0,1,
minifuncmod::filmthickness@f90src/minimath/minifuncmod.f90:13,filmthickness,minifuncmod::filmthickness,function,minifuncmod,Minimath,f90src/Minimath/MiniFuncMod.F90,/Users/jinyuntang/work/github/ecosim_workspace/main/f90src/Minimath/MiniFuncMod.F90,13,27,"pure function FilmThickness(PSISM, is_top_layer)result(ans)",False,True,2,0,
minifuncmod::tefaqudif@f90src/minimath/minifuncmod.f90:31,tefaqudif,minifuncmod::tefaqudif,function,minifuncmod,Minimath,f90src/Minimath/MiniFuncMod.F90,/Users/jinyuntang/work/github/ecosim_workspace/main/f90src/Minimath/MiniFuncMod.F90,31,45,pure function TEFAQUDIF(TK)result(ans),False,True,4,0,
minifuncmod::tefgasdif@f90src/minimath/minifuncmod.f90:49,tefgasdif,minifuncmod::tefgasdif,function,minifuncmod,Minimath,f90src/Minimath/MiniFuncMod.F90,/Users/jinyuntang/work/github/ecosim_workspace/main/f90src/Minimath/MiniFuncMod.F90,49,64,pure function TEFGASDIF(TK)result(ans),False,True,4,0,
minifuncmod::tortmicporew@f90src/minimath/minifuncmod.f90:67,tortmicporew,minifuncmod::tortmicporew,function,minifuncmod,Minimath,f90src/Minimath/MiniFuncMod.F90,/Users/jinyuntang/work/github/ecosim_workspace/main/f90src/Minimath/MiniFuncMod.F90,67,74,pure function TortMicporeW(THETWT)result(ans),False,True,2,0,
minifuncmod::tortmacporew@f90src/minimath/minifuncmod.f90:76,tortmacporew,minifuncmod::tortmacporew,function,minifuncmod,Minimath,f90src/Minimath/MiniFuncMod.F90,/Users/jinyuntang/work/github/ecosim_workspace/main/f90src/Minimath/MiniFuncMod.F90,76,84,pure function TortMacporeW(THETWH)result(ans),False,True,1,0,
minifuncmod::fdiffusivitysoluteff@f90src/minimath/minifuncmod.f90:87,fdiffusivitysoluteff,minifuncmod::fdiffusivitysoluteff,function,minifuncmod,Minimath,f90src/Minimath/MiniFuncMod.F90,/Users/jinyuntang/work/github/ecosim_workspace/main/f90src/Minimath/MiniFuncMod.F90,87,127,"pure function fDiffusivitySolutEff(tempscalar,THETWA,Z3SR,is_litter)result(ans)",False,True,2,0,
minifuncmod::foffset@f90src/minimath/minifuncmod.f90:129,foffset,minifuncmod::foffset,function,minifuncmod,Minimath,f90src/Minimath/MiniFuncMod.F90,/Users/jinyuntang/work/github/ecosim_workspace/main/f90src/Minimath/MiniFuncMod.F90,129,136,pure function fOFFSET(atcs)result(ans),False,True,2,0,
minifuncmod::getdaylength@f90src/minimath/minifuncmod.f90:139,getdaylength,minifuncmod::getdaylength,function,minifuncmod,Minimath,f90src/Minimath/MiniFuncMod.F90,/Users/jinyuntang/work/github/ecosim_workspace/main/f90src/Minimath/MiniFuncMod.F90,139,163,"function GetDayLength(ALAT,I,DECLIN)result(DYL)",False,True,2,1,
minifuncmod::get_sun_declin@f90src/minimath/minifuncmod.f90:166,get_sun_declin,minifuncmod::get_sun_declin,function,minifuncmod,Minimath,f90src/Minimath/MiniFuncMod.F90,/Users/jinyuntang/work/github/ecosim_workspace/main/f90src/Minimath/MiniFuncMod.F90,166,178,function get_sun_declin(I)result(DECLIN),False,True,2,0,
minifuncmod::calculate_equation_of_time@f90src/minimath/minifuncmod.f90:187,calculate_equation_of_time,minifuncmod::calculate_equation_of_time,function,minifuncmod,Minimath,f90src/Minimath/MiniFuncMod.F90,/Users/jinyuntang/work/github/ecosim_workspace/main/f90src/Minimath/MiniFuncMod.F90,187,208,"pure FUNCTION calculate_equation_of_time(day_of_year,leapday) RESULT(eot)",False,True,1,0,
minifuncmod::goc_to_m3_om@f90src/minimath/minifuncmod.f90:212,goc_to_m3_om,minifuncmod::goc_to_m3_om,function,minifuncmod,Minimath,f90src/Minimath/MiniFuncMod.F90,/Users/jinyuntang/work/github/ecosim_workspace/main/f90src/Minimath/MiniFuncMod.F90,212,223,pure function gOC_to_m3_OM(gram_OC)result(ans),False,True,14,0,
minimathmod::isnan@f90src/minimath/minimathmod.f90:59,isnan,minimathmod::isnan,function,minimathmod,Minimath,f90src/Minimath/MiniMathMod.F90,/Users/jinyuntang/work/github/ecosim_workspace/main/f90src/Minimath/MiniMathMod.F90,59,66,pure function isnan(a)result(ans),False,False,2,0,
minimathmod::safe_adb@f90src/minimath/minimathmod.f90:69,safe_adb,minimathmod::safe_adb,function,minimathmod,Minimath,f90src/Minimath/MiniMathMod.F90,/Users/jinyuntang/work/github/ecosim_workspace/main/f90src/Minimath/MiniMathMod.F90,69,85,"pure function safe_adb(a,b)result(ans)",False,True,44,1,
minimathmod::p_adb@f90src/minimath/minimathmod.f90:88,p_adb,minimathmod::p_adb,function,minimathmod,Minimath,f90src/Minimath/MiniMathMod.F90,/Users/jinyuntang/work/github/ecosim_workspace/main/f90src/Minimath/MiniMathMod.F90,88,98,"pure function p_adb(a,b)result(ans)",False,False,0,0,
minimathmod::dssign@f90src/minimath/minimathmod.f90:101,dssign,minimathmod::dssign,function,minimathmod,Minimath,f90src/Minimath/MiniMathMod.F90,/Users/jinyuntang/work/github/ecosim_workspace/main/f90src/Minimath/MiniMathMod.F90,101,111,function dssign(snow)result(ans),False,False,0,0,
minimathmod::isainsidebc@f90src/minimath/minimathmod.f90:113,isainsidebc,minimathmod::isainsidebc,function,minimathmod,Minimath,f90src/Minimath/MiniMathMod.F90,/Users/jinyuntang/work/github/ecosim_workspace/main/f90src/Minimath/MiniMathMod.F90,113,119,"pure function isAinsideBC(a,b,c)result(ans)",False,False,0,0,
minimathmod::isaleftinbc@f90src/minimath/minimathmod.f90:121,isaleftinbc,minimathmod::isaleftinbc,function,minimathmod,Minimath,f90src/Minimath/MiniMathMod.F90,/Users/jinyuntang/work/github/ecosim_workspace/main/f90src/Minimath/MiniMathMod.F90,121,127,"pure function isALeftinBC(a,b,c)result(ans)",False,True,1,0,
minimathmod::isarightinbc@f90src/minimath/minimathmod.f90:129,isarightinbc,minimathmod::isarightinbc,function,minimathmod,Minimath,f90src/Minimath/MiniMathMod.F90,/Users/jinyuntang/work/github/ecosim_workspace/main/f90src/Minimath/MiniMathMod.F90,129,135,"pure function isARightinBC(a,b,c)result(ans)",False,False,0,0,
minimathmod::isabetweenbc@f90src/minimath/minimathmod.f90:137,isabetweenbc,minimathmod::isabetweenbc,function,minimathmod,Minimath,f90src/Minimath/MiniMathMod.F90,/Users/jinyuntang/work/github/ecosim_workspace/main/f90src/Minimath/MiniMathMod.F90,137,143,"pure function isABetweenBC(a,b,c)result(ans)",False,False,0,0,
minimathmod::vapsat@f90src/minimath/minimathmod.f90:147,vapsat,minimathmod::vapsat,function,minimathmod,Minimath,f90src/Minimath/MiniMathMod.F90,/Users/jinyuntang/work/github/ecosim_workspace/main/f90src/Minimath/MiniMathMod.F90,147,158,pure function vapsat(tempK)result(ans),False,True,8,0,
minimathmod::vapsat0@f90src/minimath/minimathmod.f90:162,vapsat0,minimathmod::vapsat0,function,minimathmod,Minimath,f90src/Minimath/MiniMathMod.F90,/Users/jinyuntang/work/github/ecosim_workspace/main/f90src/Minimath/MiniMathMod.F90,162,171,pure function vapsat0(tempK)result(ans),False,True,4,0,
minimathmod::isleap@f90src/minimath/minimathmod.f90:175,isleap,minimathmod::isleap,function,minimathmod,Minimath,f90src/Minimath/MiniMathMod.F90,/Users/jinyuntang/work/github/ecosim_workspace/main/f90src/Minimath/MiniMathMod.F90,175,185,pure function isLeap(year)result(ans),False,True,11,0,
minimathmod::iisleap@f90src/minimath/minimathmod.f90:188,iisleap,minimathmod::iisleap,function,minimathmod,Minimath,f90src/Minimath/MiniMathMod.F90,/Users/jinyuntang/work/github/ecosim_workspace/main/f90src/Minimath/MiniMathMod.F90,188,202,pure function iisLeap(year)result(ans),False,True,2,1,
minimathmod::azmax1t@f90src/minimath/minimathmod.f90:206,azmax1t,minimathmod::azmax1t,function,minimathmod,Minimath,f90src/Minimath/MiniMathMod.F90,/Users/jinyuntang/work/github/ecosim_workspace/main/f90src/Minimath/MiniMathMod.F90,206,214,pure function AZMAX1t(val)result(ans),False,True,6,0,
minimathmod::azmax1d@f90src/minimath/minimathmod.f90:217,azmax1d,minimathmod::azmax1d,function,minimathmod,Minimath,f90src/Minimath/MiniMathMod.F90,/Users/jinyuntang/work/github/ecosim_workspace/main/f90src/Minimath/MiniMathMod.F90,217,230,"pure function AZMAX1d(val,tiny_val2)result(ans)",False,True,3,0,
minimathmod::pmod@f90src/minimath/minimathmod.f90:233,pmod,minimathmod::pmod,function,minimathmod,Minimath,f90src/Minimath/MiniMathMod.F90,/Users/jinyuntang/work/github/ecosim_workspace/main/f90src/Minimath/MiniMathMod.F90,233,248,"pure function pMOD(a,b)result(c)",False,True,7,0,
minimathmod::azmin1d@f90src/minimath/minimathmod.f90:251,azmin1d,minimathmod::azmin1d,function,minimathmod,Minimath,f90src/Minimath/MiniMathMod.F90,/Users/jinyuntang/work/github/ecosim_workspace/main/f90src/Minimath/MiniMathMod.F90,251,263,"pure function AZMIN1d(val,tiny_val2)result(ans)",False,True,1,0,
minimathmod::azero@f90src/minimath/minimathmod.f90:266,azero,minimathmod::azero,function,minimathmod,Minimath,f90src/Minimath/MiniMathMod.F90,/Users/jinyuntang/work/github/ecosim_workspace/main/f90src/Minimath/MiniMathMod.F90,266,285,"pure function AZERO(val,tiny1)result(ans)",False,True,23,0,
minimathmod::azero1@f90src/minimath/minimathmod.f90:288,azero1,minimathmod::azero1,function,minimathmod,Minimath,f90src/Minimath/MiniMathMod.F90,/Users/jinyuntang/work/github/ecosim_workspace/main/f90src/Minimath/MiniMathMod.F90,288,300,"pure function AZERO1(val,tiny_val2)result(ans)",False,True,1,0,
minimathmod::azmax1_s@f90src/minimath/minimathmod.f90:303,azmax1_s,minimathmod::azmax1_s,function,minimathmod,Minimath,f90src/Minimath/MiniMathMod.F90,/Users/jinyuntang/work/github/ecosim_workspace/main/f90src/Minimath/MiniMathMod.F90,303,315,pure function AZMAX1_s(val)result(ans),False,False,0,0,
minimathmod::azmax1_d@f90src/minimath/minimathmod.f90:318,azmax1_d,minimathmod::azmax1_d,function,minimathmod,Minimath,f90src/Minimath/MiniMathMod.F90,/Users/jinyuntang/work/github/ecosim_workspace/main/f90src/Minimath/MiniMathMod.F90,318,326,"pure function AZMAX1_d(val1,val2)result(ans)",False,False,0,0,
minimathmod::azmin1_s@f90src/minimath/minimathmod.f90:330,azmin1_s,minimathmod::azmin1_s,function,minimathmod,Minimath,f90src/Minimath/MiniMathMod.F90,/Users/jinyuntang/work/github/ecosim_workspace/main/f90src/Minimath/MiniMathMod.F90,330,338,pure function AZMIN1_s(val)result(ans),False,False,0,0,
minimathmod::azmin1_d@f90src/minimath/minimathmod.f90:343,azmin1_d,minimathmod::azmin1_d,function,minimathmod,Minimath,f90src/Minimath/MiniMathMod.F90,/Users/jinyuntang/work/github/ecosim_workspace/main/f90src/Minimath/MiniMathMod.F90,343,351,"pure function AZMIN1_d(val1,val2)result(ans)",False,False,0,0,
minimathmod::addone@f90src/minimath/minimathmod.f90:355,addone,minimathmod::addone,function,minimathmod,Minimath,f90src/Minimath/MiniMathMod.F90,/Users/jinyuntang/work/github/ecosim_workspace/main/f90src/Minimath/MiniMathMod.F90,355,366,function addone(itemp)result(ans),False,True,11,0,
minimathmod::isclose@f90src/minimath/minimathmod.f90:370,isclose,minimathmod::isclose,function,minimathmod,Minimath,f90src/Minimath/MiniMathMod.F90,/Users/jinyuntang/work/github/ecosim_workspace/main/f90src/Minimath/MiniMathMod.F90,370,391,"pure function isclose(a,b)result(ans)",False,True,43,0,
minimathmod::richardsonnumber@f90src/minimath/minimathmod.f90:395,richardsonnumber,minimathmod::richardsonnumber,function,minimathmod,Minimath,f90src/Minimath/MiniMathMod.F90,/Users/jinyuntang/work/github/ecosim_workspace/main/f90src/Minimath/MiniMathMod.F90,395,405,"pure function RichardsonNumber(RIB,TK1,TK2)result(ans)",False,True,6,0,
minimathmod::getmolairperm3@f90src/minimath/minimathmod.f90:407,getmolairperm3,minimathmod::getmolairperm3,function,minimathmod,Minimath,f90src/Minimath/MiniMathMod.F90,/Users/jinyuntang/work/github/ecosim_workspace/main/f90src/Minimath/MiniMathMod.F90,407,420,"pure function GetMolAirPerm3(TKair,Patm_Pa)result(ans)",False,True,1,0,
minimathmod::fsilu@f90src/minimath/minimathmod.f90:422,fsilu,minimathmod::fsilu,function,minimathmod,Minimath,f90src/Minimath/MiniMathMod.F90,/Users/jinyuntang/work/github/ecosim_workspace/main/f90src/Minimath/MiniMathMod.F90,422,439,"function fSiLU(x,b)result(ans)",False,False,0,0,
minimathmod::fixnegmass@f90src/minimath/minimathmod.f90:441,fixnegmass,minimathmod::fixnegmass,function,minimathmod,Minimath,f90src/Minimath/MiniMathMod.F90,/Users/jinyuntang/work/github/ecosim_workspace/main/f90src/Minimath/MiniMathMod.F90,441,455,"function fixnegmass(val,refcon)result(ans)",False,False,0,0,
minimathmod::fixexconsumpflux@f90src/minimath/minimathmod.f90:458,fixexconsumpflux,minimathmod::fixexconsumpflux,subroutine,minimathmod,Minimath,f90src/Minimath/MiniMathMod.F90,/Users/jinyuntang/work/github/ecosim_workspace/main/f90src/Minimath/MiniMathMod.F90,458,493,"subroutine fixEXConsumpFlux(mass,consum_flux,dsgn)",False,True,4,1,
minimathmod::yearday@f90src/minimath/minimathmod.f90:497,yearday,minimathmod::yearday,function,minimathmod,Minimath,f90src/Minimath/MiniMathMod.F90,/Users/jinyuntang/work/github/ecosim_workspace/main/f90src/Minimath/MiniMathMod.F90,497,515,"pure function yearday(year,month,day)result(doy)",False,True,2,1,
minimathmod::isletter@f90src/minimath/minimathmod.f90:518,isletter,minimathmod::isletter,function,minimathmod,Minimath,f90src/Minimath/MiniMathMod.F90,/Users/jinyuntang/work/github/ecosim_workspace/main/f90src/Minimath/MiniMathMod.F90,518,525,pure function isletter(c)result(ans),False,False,0,0,
minimathmod::flux_mass_limiter@f90src/minimath/minimathmod.f90:529,flux_mass_limiter,minimathmod::flux_mass_limiter,function,minimathmod,Minimath,f90src/Minimath/MiniMathMod.F90,/Users/jinyuntang/work/github/ecosim_workspace/main/f90src/Minimath/MiniMathMod.F90,529,546,"function flux_mass_limiter(flux,massa,massb)result(ans)",False,False,0,0,
minimathmod::get_flux_scalar@f90src/minimath/minimathmod.f90:549,get_flux_scalar,minimathmod::get_flux_scalar,subroutine,minimathmod,Minimath,f90src/Minimath/MiniMathMod.F90,/Users/jinyuntang/work/github/ecosim_workspace/main/f90src/Minimath/MiniMathMod.F90,549,565,"subroutine get_flux_scalar(x0,flux,x1,pscal)",False,True,5,2,
minimathmod::substratelimit@f90src/minimath/minimathmod.f90:568,substratelimit,minimathmod::substratelimit,subroutine,minimathmod,Minimath,f90src/Minimath/MiniMathMod.F90,/Users/jinyuntang/work/github/ecosim_workspace/main/f90src/Minimath/MiniMathMod.F90,568,589,"subroutine SubstrateLimit(n1,n2,demand_flux,y,scal)",False,False,0,1,
minimathmod::substratedribbling_scal@f90src/minimath/minimathmod.f90:592,substratedribbling_scal,minimathmod::substratedribbling_scal,subroutine,minimathmod,Minimath,f90src/Minimath/MiniMathMod.F90,/Users/jinyuntang/work/github/ecosim_workspace/main/f90src/Minimath/MiniMathMod.F90,592,610,"subroutine SubstrateDribbling_scal(demand_flux,dribbling_flx,y)",False,False,0,0,
minimathmod::substratedribbling_vec@f90src/minimath/minimathmod.f90:612,substratedribbling_vec,minimathmod::substratedribbling_vec,subroutine,minimathmod,Minimath,f90src/Minimath/MiniMathMod.F90,/Users/jinyuntang/work/github/ecosim_workspace/main/f90src/Minimath/MiniMathMod.F90,612,631,"subroutine SubstrateDribbling_vec(n1,n2,demand_flux,dribbling_flx,y)",False,False,0,0,
minimathmod::real_truncate@f90src/minimath/minimathmod.f90:634,real_truncate,minimathmod::real_truncate,function,minimathmod,Minimath,f90src/Minimath/MiniMathMod.F90,/Users/jinyuntang/work/github/ecosim_workspace/main/f90src/Minimath/MiniMathMod.F90,634,644,"pure function real_truncate(val,precision)result(ans)",False,True,6,0,
minimathmod::viscosity_h2o@f90src/minimath/minimathmod.f90:647,viscosity_h2o,minimathmod::viscosity_h2o,function,minimathmod,Minimath,f90src/Minimath/MiniMathMod.F90,/Users/jinyuntang/work/github/ecosim_workspace/main/f90src/Minimath/MiniMathMod.F90,647,656,pure function Viscosity_H2O(TEMPC)result(viscwl),False,True,2,0,
minimathmod::sfexp@f90src/minimath/minimathmod.f90:659,sfexp,minimathmod::sfexp,function,minimathmod,Minimath,f90src/Minimath/MiniMathMod.F90,/Users/jinyuntang/work/github/ecosim_workspace/main/f90src/Minimath/MiniMathMod.F90,659,673,pure function sfexp(a)result(ans),False,True,1,0,
minimathmod::vapmass2kpa@f90src/minimath/minimathmod.f90:675,vapmass2kpa,minimathmod::vapmass2kpa,function,minimathmod,Minimath,f90src/Minimath/MiniMathMod.F90,/Users/jinyuntang/work/github/ecosim_workspace/main/f90src/Minimath/MiniMathMod.F90,675,688,"pure function VapMass2KPa(VP,TA,fwd)result(ans)",False,True,1,0,
balancesmod::begcheckbalances@f90src/modeldiags/balancesmod.f90:37,begcheckbalances,balancesmod::begcheckbalances,subroutine,balancesmod,ModelDiags,f90src/ModelDiags/BalancesMod.F90,/Users/jinyuntang/work/github/ecosim_workspace/main/f90src/ModelDiags/BalancesMod.F90,37,75,"subroutine BegCheckBalances(I,J,NHW,NHE,NVN,NVS)",False,True,1,0,
balancesmod::summarizestorage@f90src/modeldiags/balancesmod.f90:77,summarizestorage,balancesmod::summarizestorage,subroutine,balancesmod,ModelDiags,f90src/ModelDiags/BalancesMod.F90,/Users/jinyuntang/work/github/ecosim_workspace/main/f90src/ModelDiags/BalancesMod.F90,77,94,"subroutine SummarizeStorage(I,J,NHW,NHE,NVN,NVS)",False,True,1,2,
balancesmod::summarizesnowmass@f90src/modeldiags/balancesmod.f90:97,summarizesnowmass,balancesmod::summarizesnowmass,subroutine,balancesmod,ModelDiags,f90src/ModelDiags/BalancesMod.F90,/Users/jinyuntang/work/github/ecosim_workspace/main/f90src/ModelDiags/BalancesMod.F90,97,107,"subroutine SummarizeSnowMass(NY,NX)",False,False,0,0,
balancesmod::sumupwaterstorage@f90src/modeldiags/balancesmod.f90:109,sumupwaterstorage,balancesmod::sumupwaterstorage,subroutine,balancesmod,ModelDiags,f90src/ModelDiags/BalancesMod.F90,/Users/jinyuntang/work/github/ecosim_workspace/main/f90src/ModelDiags/BalancesMod.F90,109,141,"subroutine SumUpWaterStorage(NY,NX)",False,True,1,0,
balancesmod::sumupheatstorage@f90src/modeldiags/balancesmod.f90:144,sumupheatstorage,balancesmod::sumupheatstorage,subroutine,balancesmod,ModelDiags,f90src/ModelDiags/BalancesMod.F90,/Users/jinyuntang/work/github/ecosim_workspace/main/f90src/ModelDiags/BalancesMod.F90,144,167,"subroutine SumUpHeatStorage(NY,NX)",False,True,1,0,
balancesmod::endcheckbalances@f90src/modeldiags/balancesmod.f90:170,endcheckbalances,balancesmod::endcheckbalances,subroutine,balancesmod,ModelDiags,f90src/ModelDiags/BalancesMod.F90,/Users/jinyuntang/work/github/ecosim_workspace/main/f90src/ModelDiags/BalancesMod.F90,170,426,"subroutine EndCheckBalances(I,J,NHW,NHE,NVN,NVS)",False,True,1,3,
balancesmod::summarizetracers@f90src/modeldiags/balancesmod.f90:430,summarizetracers,balancesmod::summarizetracers,subroutine,balancesmod,ModelDiags,f90src/ModelDiags/BalancesMod.F90,/Users/jinyuntang/work/github/ecosim_workspace/main/f90src/ModelDiags/BalancesMod.F90,430,503,"subroutine SummarizeTracers(I,J,NHW,NHE,NVN,NVS)",False,True,1,0,
balancesmod::summarizetracermass@f90src/modeldiags/balancesmod.f90:507,summarizetracermass,balancesmod::summarizetracermass,subroutine,balancesmod,ModelDiags,f90src/ModelDiags/BalancesMod.F90,/Users/jinyuntang/work/github/ecosim_workspace/main/f90src/ModelDiags/BalancesMod.F90,507,516,"subroutine SummarizeTracerMass(I,J,NHW,NHE,NVN,NVS)",False,True,3,2,
hydrologydiagmod::diagwatertbldepz@f90src/modeldiags/hydrologydiagmod.f90:23,diagwatertbldepz,hydrologydiagmod::diagwatertbldepz,subroutine,hydrologydiagmod,ModelDiags,f90src/ModelDiags/HydrologyDiagMod.F90,/Users/jinyuntang/work/github/ecosim_workspace/main/f90src/ModelDiags/HydrologyDiagMod.F90,23,122,"subroutine DiagWaterTBLDepz(I,J,NY,NX)",False,True,1,1,
mldatadiagmod::mldatadiag@f90src/modeldiags/mldatadiagmod.f90:39,mldatadiag,mldatadiagmod::mldatadiag,subroutine,mldatadiagmod,ModelDiags,f90src/ModelDiags/MLDataDiagMod.F90,/Users/jinyuntang/work/github/ecosim_workspace/main/f90src/ModelDiags/MLDataDiagMod.F90,39,131,"subroutine MLDataDiag(yearIJ,NHW,NHE,NVN,NVS)",False,True,1,4,
mldatadiagmod::compute_fcon_average@f90src/modeldiags/mldatadiagmod.f90:135,compute_fcon_average,mldatadiagmod::compute_fcon_average,function,mldatadiagmod,ModelDiags,f90src/ModelDiags/MLDataDiagMod.F90,/Users/jinyuntang/work/github/ecosim_workspace/main/f90src/ModelDiags/MLDataDiagMod.F90,135,194,"function compute_fcon_average(n, x, f, x_eval, f_avg)result(stat)",False,True,1,0,
mldatadiagmod::compute_fmas_average@f90src/modeldiags/mldatadiagmod.f90:198,compute_fmas_average,mldatadiagmod::compute_fmas_average,function,mldatadiagmod,ModelDiags,f90src/ModelDiags/MLDataDiagMod.F90,/Users/jinyuntang/work/github/ecosim_workspace/main/f90src/ModelDiags/MLDataDiagMod.F90,198,255,"function compute_fmas_average(n, x, f, x_eval, f_avg)result(stat)",False,True,1,0,
mldatadiagmod::check_interp@f90src/modeldiags/mldatadiagmod.f90:258,check_interp,mldatadiagmod::check_interp,subroutine,mldatadiagmod,ModelDiags,f90src/ModelDiags/MLDataDiagMod.F90,/Users/jinyuntang/work/github/ecosim_workspace/main/f90src/ModelDiags/MLDataDiagMod.F90,258,269,"subroutine check_interp(stat,line)",False,True,1,1,
microbialdiagmod::sumorgmlayl@f90src/modeldiags/microbialdiagmod.f90:44,sumorgmlayl,microbialdiagmod::sumorgmlayl,subroutine,microbialdiagmod,ModelDiags,f90src/ModelDiags/MicrobialDiagMod.F90,/Users/jinyuntang/work/github/ecosim_workspace/main/f90src/ModelDiags/MicrobialDiagMod.F90,44,154,"subroutine sumORGMLayL(L,NY,NX,ORGM,conly,info)",False,True,3,2,
microbialdiagmod::sumsolidoml@f90src/modeldiags/microbialdiagmod.f90:156,sumsolidoml,microbialdiagmod::sumsolidoml,subroutine,microbialdiagmod,ModelDiags,f90src/ModelDiags/MicrobialDiagMod.F90,/Users/jinyuntang/work/github/ecosim_workspace/main/f90src/ModelDiags/MicrobialDiagMod.F90,156,177,"subroutine SumSolidOML(ielm,L,NY,NX,SOMe)",False,True,1,0,
microbialdiagmod::sumlitromlayl@f90src/modeldiags/microbialdiagmod.f90:180,sumlitromlayl,microbialdiagmod::sumlitromlayl,subroutine,microbialdiagmod,ModelDiags,f90src/ModelDiags/MicrobialDiagMod.F90,/Users/jinyuntang/work/github/ecosim_workspace/main/f90src/ModelDiags/MicrobialDiagMod.F90,180,259,"subroutine sumLitrOMLayL(L,NY,NX,ORGM,I,J)",False,True,4,1,
microbialdiagmod::sumhumomlayl@f90src/modeldiags/microbialdiagmod.f90:263,sumhumomlayl,microbialdiagmod::sumhumomlayl,subroutine,microbialdiagmod,ModelDiags,f90src/ModelDiags/MicrobialDiagMod.F90,/Users/jinyuntang/work/github/ecosim_workspace/main/f90src/ModelDiags/MicrobialDiagMod.F90,263,332,"subroutine sumHumOMLayL(L,NY,NX,ORGM)",False,True,1,1,
microbialdiagmod::summicbiomlayl@f90src/modeldiags/microbialdiagmod.f90:337,summicbiomlayl,microbialdiagmod::summicbiomlayl,subroutine,microbialdiagmod,ModelDiags,f90src/ModelDiags/MicrobialDiagMod.F90,/Users/jinyuntang/work/github/ecosim_workspace/main/f90src/ModelDiags/MicrobialDiagMod.F90,337,388,"subroutine sumMicBiomLayL(L,NY,NX,ORGM,I,J)",False,True,4,2,
microbialdiagmod::sumsurfomck@f90src/modeldiags/microbialdiagmod.f90:391,sumsurfomck,microbialdiagmod::sumsurfomck,subroutine,microbialdiagmod,ModelDiags,f90src/ModelDiags/MicrobialDiagMod.F90,/Users/jinyuntang/work/github/ecosim_workspace/main/f90src/ModelDiags/MicrobialDiagMod.F90,391,440,"subroutine sumSurfOMCK(NY,NX,SOMHeterKC,SOMAutorC)",False,True,2,1,
microbialdiagmod::summicbgroup@f90src/modeldiags/microbialdiagmod.f90:443,summicbgroup,microbialdiagmod::summicbgroup,subroutine,microbialdiagmod,ModelDiags,f90src/ModelDiags/MicrobialDiagMod.F90,/Users/jinyuntang/work/github/ecosim_workspace/main/f90src/ModelDiags/MicrobialDiagMod.F90,443,501,"subroutine SumMicbGroup(L,NY,NX,igroup,MicbE,isauto)",False,True,2,2,
microbialdiagmod::sumdoml@f90src/modeldiags/microbialdiagmod.f90:504,sumdoml,microbialdiagmod::sumdoml,subroutine,microbialdiagmod,ModelDiags,f90src/ModelDiags/MicrobialDiagMod.F90,/Users/jinyuntang/work/github/ecosim_workspace/main/f90src/ModelDiags/MicrobialDiagMod.F90,504,525,"subroutine sumDOML(L,NY,NX,DOM)",False,True,1,1,
soildiagsmod::diagsoilgaspressure@f90src/modeldiags/soildiagsmod.f90:31,diagsoilgaspressure,soildiagsmod::diagsoilgaspressure,subroutine,soildiagsmod,ModelDiags,f90src/ModelDiags/SoilDiagsMod.F90,/Users/jinyuntang/work/github/ecosim_workspace/main/f90src/ModelDiags/SoilDiagsMod.F90,31,69,"subroutine DiagSoilGasPressure(I,J,NHW,NHE,NVN,NVS)",False,True,1,2,
ecosimconfig::is_restart@f90src/modelconfig/ecosimconfig.f90:49,is_restart,ecosimconfig::is_restart,function,ecosimconfig,Modelconfig,f90src/Modelconfig/EcoSIMConfig.F90,/Users/jinyuntang/work/github/ecosim_workspace/main/f90src/Modelconfig/EcoSIMConfig.F90,49,59,logical function is_restart( ),False,True,18,0,
ecosimconfig::is_branch@f90src/modelconfig/ecosimconfig.f90:62,is_branch,ecosimconfig::is_branch,function,ecosimconfig,Modelconfig,f90src/Modelconfig/EcoSIMConfig.F90,/Users/jinyuntang/work/github/ecosim_workspace/main/f90src/Modelconfig/EcoSIMConfig.F90,62,72,logical function is_branch( ),False,True,1,0,
ecosimconfig::set_sim_type@f90src/modelconfig/ecosimconfig.f90:76,set_sim_type,ecosimconfig::set_sim_type,subroutine,ecosimconfig,Modelconfig,f90src/Modelconfig/EcoSIMConfig.F90,/Users/jinyuntang/work/github/ecosim_workspace/main/f90src/Modelconfig/EcoSIMConfig.F90,76,90,subroutine set_sim_type(),False,True,1,0,
ecosimconfig::is_cold_run@f90src/modelconfig/ecosimconfig.f90:93,is_cold_run,ecosimconfig::is_cold_run,function,ecosimconfig,Modelconfig,f90src/Modelconfig/EcoSIMConfig.F90,/Users/jinyuntang/work/github/ecosim_workspace/main/f90src/Modelconfig/EcoSIMConfig.F90,93,98,logical function is_cold_run(),False,True,3,0,
ecosimctrlmod::init_frectyp@f90src/modelconfig/ecosimctrlmod.f90:99,init_frectyp,ecosimctrlmod::init_frectyp,subroutine,ecosimctrlmod,Modelconfig,f90src/Modelconfig/EcoSIMCtrlMod.F90,/Users/jinyuntang/work/github/ecosim_workspace/main/f90src/Modelconfig/EcoSIMCtrlMod.F90,99,111,subroutine Init_frectyp(this),False,False,0,0,
ecosimctrlmod::get_sim_len@f90src/modelconfig/ecosimctrlmod.f90:114,get_sim_len,ecosimctrlmod::get_sim_len,function,ecosimctrlmod,Modelconfig,f90src/Modelconfig/EcoSIMCtrlMod.F90,/Users/jinyuntang/work/github/ecosim_workspace/main/f90src/Modelconfig/EcoSIMCtrlMod.F90,114,131,"integer function get_sim_len(forc_periods,nperiods)",False,True,1,1,
elmidmod::strjharvtype@f90src/modelconfig/elmidmod.f90:182,strjharvtype,elmidmod::strjharvtype,function,elmidmod,Modelconfig,f90src/Modelconfig/ElmIDMod.F90,/Users/jinyuntang/work/github/ecosim_workspace/main/f90src/Modelconfig/ElmIDMod.F90,182,195,function StrjHarvtype(jhavtype)result(ans),False,False,0,0,
elmidmod::striharvtype@f90src/modelconfig/elmidmod.f90:197,striharvtype,elmidmod::striharvtype,function,elmidmod,Modelconfig,f90src/Modelconfig/ElmIDMod.F90,/Users/jinyuntang/work/github/ecosim_workspace/main/f90src/Modelconfig/ElmIDMod.F90,197,218,function StriHarvtype(iharvtyp)result(ans),False,False,0,0,
traceridmod::inittracerids@f90src/modelconfig/traceridmod.f90:170,inittracerids,traceridmod::inittracerids,subroutine,traceridmod,Modelconfig,f90src/Modelconfig/TracerIDMod.F90,/Users/jinyuntang/work/github/ecosim_workspace/main/f90src/Modelconfig/TracerIDMod.F90,170,402,subroutine InitTracerIDs(lsalt_model),False,True,1,1,
traceridmod::cleanuptracerids@f90src/modelconfig/traceridmod.f90:404,cleanuptracerids,traceridmod::cleanuptracerids,subroutine,traceridmod,Modelconfig,f90src/Modelconfig/TracerIDMod.F90,/Users/jinyuntang/work/github/ecosim_workspace/main/f90src/Modelconfig/TracerIDMod.F90,404,408,subroutine CleanUpTracerIDs(),False,True,1,1,
daymod::day@f90src/modelforc/daymod.f90:45,day,daymod::day,subroutine,daymod,Modelforc,f90src/Modelforc/DayMod.F90,/Users/jinyuntang/work/github/ecosim_workspace/main/f90src/Modelforc/DayMod.F90,45,86,"SUBROUTINE day(I,NHW,NHE,NVN,NVS)",False,True,1,6,
daymod::updatedailyaccumulators@f90src/modelforc/daymod.f90:89,updatedailyaccumulators,daymod::updatedailyaccumulators,subroutine,daymod,Modelforc,f90src/Modelforc/DayMod.F90,/Users/jinyuntang/work/github/ecosim_workspace/main/f90src/Modelforc/DayMod.F90,89,213,"subroutine UpdateDailyAccumulators(I, NHW, NHE, NVN, NVS)",False,True,1,2,
daymod::tillageandirrigationevents@f90src/modelforc/daymod.f90:216,tillageandirrigationevents,daymod::tillageandirrigationevents,subroutine,daymod,Modelforc,f90src/Modelforc/DayMod.F90,/Users/jinyuntang/work/github/ecosim_workspace/main/f90src/Modelforc/DayMod.F90,216,305,"subroutine TillageandIrrigationEvents(I, NHW, NHE, NVN, NVS)",False,True,1,1,
hour1mod::inithour1@f90src/modelforc/hour1mod.f90:73,inithour1,hour1mod::inithour1,subroutine,hour1mod,Modelforc,f90src/Modelforc/Hour1Mod.F90,/Users/jinyuntang/work/github/ecosim_workspace/main/f90src/Modelforc/Hour1Mod.F90,73,82,subroutine InitHour1(NumOfLitrCmplxs),False,True,1,0,
hour1mod::hour1@f90src/modelforc/hour1mod.f90:85,hour1,hour1mod::hour1,subroutine,hour1mod,Modelforc,f90src/Modelforc/Hour1Mod.F90,/Users/jinyuntang/work/github/ecosim_workspace/main/f90src/Modelforc/Hour1Mod.F90,85,250,"SUBROUTINE hour1(I,J,NHW,NHE,NVN,NVS)",False,True,1,27,
hour1mod::resetlndscapeaccumlators@f90src/modelforc/hour1mod.f90:253,resetlndscapeaccumlators,hour1mod::resetlndscapeaccumlators,subroutine,hour1mod,Modelforc,f90src/Modelforc/Hour1Mod.F90,/Users/jinyuntang/work/github/ecosim_workspace/main/f90src/Modelforc/Hour1Mod.F90,253,272,subroutine ResetLndscapeAccumlators(),False,True,1,0,
hour1mod::setatmstracerconc@f90src/modelforc/hour1mod.f90:275,setatmstracerconc,hour1mod::setatmstracerconc,subroutine,hour1mod,Modelforc,f90src/Modelforc/Hour1Mod.F90,/Users/jinyuntang/work/github/ecosim_workspace/main/f90src/Modelforc/Hour1Mod.F90,275,314,"subroutine SetAtmsTracerConc(I,J,NHW,NHE,NVN,NVS)",False,True,1,3,
hour1mod::resetfluxarrays@f90src/modelforc/hour1mod.f90:317,resetfluxarrays,hour1mod::resetfluxarrays,subroutine,hour1mod,Modelforc,f90src/Modelforc/Hour1Mod.F90,/Users/jinyuntang/work/github/ecosim_workspace/main/f90src/Modelforc/Hour1Mod.F90,317,423,"subroutine ResetFluxArrays(I,NHW,NHE,NVN,NVS)",False,True,1,0,
hour1mod::resetsaltmodelarrays@f90src/modelforc/hour1mod.f90:426,resetsaltmodelarrays,hour1mod::resetsaltmodelarrays,subroutine,hour1mod,Modelforc,f90src/Modelforc/Hour1Mod.F90,/Users/jinyuntang/work/github/ecosim_workspace/main/f90src/Modelforc/Hour1Mod.F90,426,452,"subroutine ResetSaltModelArrays(NHW,NHE,NVN,NVS)",False,True,1,0,
hour1mod::setsoilpropertyaftdisturb@f90src/modelforc/hour1mod.f90:455,setsoilpropertyaftdisturb,hour1mod::setsoilpropertyaftdisturb,subroutine,hour1mod,Modelforc,f90src/Modelforc/Hour1Mod.F90,/Users/jinyuntang/work/github/ecosim_workspace/main/f90src/Modelforc/Hour1Mod.F90,455,574,"subroutine SetSoilPropertyAftDisturb(I,J,NY,NX)",False,True,1,1,
hour1mod::resetsurfresidualproperty@f90src/modelforc/hour1mod.f90:577,resetsurfresidualproperty,hour1mod::resetsurfresidualproperty,subroutine,hour1mod,Modelforc,f90src/Modelforc/Hour1Mod.F90,/Users/jinyuntang/work/github/ecosim_workspace/main/f90src/Modelforc/Hour1Mod.F90,577,640,"subroutine ResetSurfResidualProperty(NY,NX)",False,True,1,0,
hour1mod::setlitersoilpropaftdisturb@f90src/modelforc/hour1mod.f90:643,setlitersoilpropaftdisturb,hour1mod::setlitersoilpropaftdisturb,subroutine,hour1mod,Modelforc,f90src/Modelforc/Hour1Mod.F90,/Users/jinyuntang/work/github/ecosim_workspace/main/f90src/Modelforc/Hour1Mod.F90,643,682,"subroutine SetLiterSoilPropAftDisturb(I,J,NHW,NHE,NVN,NVS,dosum)",False,True,1,3,
hour1mod::setplanthourlydiagnosis@f90src/modelforc/hour1mod.f90:684,setplanthourlydiagnosis,hour1mod::setplanthourlydiagnosis,subroutine,hour1mod,Modelforc,f90src/Modelforc/Hour1Mod.F90,/Users/jinyuntang/work/github/ecosim_workspace/main/f90src/Modelforc/Hour1Mod.F90,684,704,"subroutine SetPlantHourlyDiagnosis(I,J,NY,NX)",False,True,1,0,
hour1mod::sethourlydiagnostics@f90src/modelforc/hour1mod.f90:709,sethourlydiagnostics,hour1mod::sethourlydiagnostics,subroutine,hour1mod,Modelforc,f90src/Modelforc/Hour1Mod.F90,/Users/jinyuntang/work/github/ecosim_workspace/main/f90src/Modelforc/Hour1Mod.F90,709,844,"subroutine SetHourlyDiagnostics(I,J,NY,NX)",False,True,1,2,
hour1mod::setarrays4plantsoiltransfer@f90src/modelforc/hour1mod.f90:847,setarrays4plantsoiltransfer,hour1mod::setarrays4plantsoiltransfer,subroutine,hour1mod,Modelforc,f90src/Modelforc/Hour1Mod.F90,/Users/jinyuntang/work/github/ecosim_workspace/main/f90src/Modelforc/Hour1Mod.F90,847,871,"subroutine SetArrays4PlantSoilTransfer(NY,NX)",False,True,1,1,
hour1mod::setsurfaceprop4sederosion@f90src/modelforc/hour1mod.f90:875,setsurfaceprop4sederosion,hour1mod::setsurfaceprop4sederosion,subroutine,hour1mod,Modelforc,f90src/Modelforc/Hour1Mod.F90,/Users/jinyuntang/work/github/ecosim_workspace/main/f90src/Modelforc/Hour1Mod.F90,875,941,"subroutine SetSurfaceProp4SedErosion(NHW,NHE,NVN,NVS)",False,True,1,2,
hour1mod::updatetotalsoc@f90src/modelforc/hour1mod.f90:944,updatetotalsoc,hour1mod::updatetotalsoc,subroutine,hour1mod,Modelforc,f90src/Modelforc/Hour1Mod.F90,/Users/jinyuntang/work/github/ecosim_workspace/main/f90src/Modelforc/Hour1Mod.F90,944,963,"subroutine UpdateTotalSOC(NY,NX)",False,True,1,1,
hour1mod::diagactivelayerdepth@f90src/modelforc/hour1mod.f90:966,diagactivelayerdepth,hour1mod::diagactivelayerdepth,subroutine,hour1mod,Modelforc,f90src/Modelforc/Hour1Mod.F90,/Users/jinyuntang/work/github/ecosim_workspace/main/f90src/Modelforc/Hour1Mod.F90,966,1015,"subroutine DiagActiveLayerDepth(NY,NX)",False,True,1,0,
hour1mod::settracerpropertyinliterair@f90src/modelforc/hour1mod.f90:1018,settracerpropertyinliterair,hour1mod::settracerpropertyinliterair,subroutine,hour1mod,Modelforc,f90src/Modelforc/Hour1Mod.F90,/Users/jinyuntang/work/github/ecosim_workspace/main/f90src/Modelforc/Hour1Mod.F90,1018,1128,"subroutine SetTracerPropertyInLiterAir(NY,NX)",False,True,1,2,
hour1mod::getsoluteconcentrations@f90src/modelforc/hour1mod.f90:1131,getsoluteconcentrations,hour1mod::getsoluteconcentrations,subroutine,hour1mod,Modelforc,f90src/Modelforc/Hour1Mod.F90,/Users/jinyuntang/work/github/ecosim_workspace/main/f90src/Modelforc/Hour1Mod.F90,1131,1225,"subroutine GetSoluteConcentrations(NY,NX)",False,True,1,0,
hour1mod::prep4plantmicrobeuptake@f90src/modelforc/hour1mod.f90:1228,prep4plantmicrobeuptake,hour1mod::prep4plantmicrobeuptake,subroutine,hour1mod,Modelforc,f90src/Modelforc/Hour1Mod.F90,/Users/jinyuntang/work/github/ecosim_workspace/main/f90src/Modelforc/Hour1Mod.F90,1228,1394,"subroutine Prep4PlantMicrobeUptake(NY,NX)",False,True,1,2,
hour1mod::getsurfresidualproperties@f90src/modelforc/hour1mod.f90:1397,getsurfresidualproperties,hour1mod::getsurfresidualproperties,subroutine,hour1mod,Modelforc,f90src/Modelforc/Hour1Mod.F90,/Users/jinyuntang/work/github/ecosim_workspace/main/f90src/Modelforc/Hour1Mod.F90,1397,1501,"subroutine GetSurfResidualProperties(I,J,NY,NX,DepthSurfWatIce)",False,True,1,0,
hour1mod::getchemicalconcsinsoil@f90src/modelforc/hour1mod.f90:1506,getchemicalconcsinsoil,hour1mod::getchemicalconcsinsoil,subroutine,hour1mod,Modelforc,f90src/Modelforc/Hour1Mod.F90,/Users/jinyuntang/work/github/ecosim_workspace/main/f90src/Modelforc/Hour1Mod.F90,1506,1553,"subroutine GetChemicalConcsInSoil(I,J,NY,NX)",False,True,1,1,
hour1mod::zerohourlyarrays@f90src/modelforc/hour1mod.f90:1556,zerohourlyarrays,hour1mod::zerohourlyarrays,subroutine,hour1mod,Modelforc,f90src/Modelforc/Hour1Mod.F90,/Users/jinyuntang/work/github/ecosim_workspace/main/f90src/Modelforc/Hour1Mod.F90,1556,1629,"subroutine ZeroHourlyArrays(NY,NX)",False,True,1,1,
hour1mod::calgassolubility@f90src/modelforc/hour1mod.f90:1633,calgassolubility,hour1mod::calgassolubility,subroutine,hour1mod,Modelforc,f90src/Modelforc/Hour1Mod.F90,/Users/jinyuntang/work/github/ecosim_workspace/main/f90src/Modelforc/Hour1Mod.F90,1633,1656,"subroutine CalGasSolubility(NY,NX)",False,True,1,2,
hour1mod::updateliterpropertz@f90src/modelforc/hour1mod.f90:1658,updateliterpropertz,hour1mod::updateliterpropertz,subroutine,hour1mod,Modelforc,f90src/Modelforc/Hour1Mod.F90,/Users/jinyuntang/work/github/ecosim_workspace/main/f90src/Modelforc/Hour1Mod.F90,1658,1700,"subroutine UpdateLiterPropertz(NHW,NHE,NVN,NVS)",False,True,1,0,
hour1mod::phasepartition@f90src/modelforc/hour1mod.f90:1703,phasepartition,hour1mod::phasepartition,subroutine,hour1mod,Modelforc,f90src/Modelforc/Hour1Mod.F90,/Users/jinyuntang/work/github/ecosim_workspace/main/f90src/Modelforc/Hour1Mod.F90,1703,1724,"subroutine PhasePartition(VG,VW,SL,CW,CG)",False,True,1,0,
hour1mod::forcegasaquaequil@f90src/modelforc/hour1mod.f90:1726,forcegasaquaequil,hour1mod::forcegasaquaequil,subroutine,hour1mod,Modelforc,f90src/Modelforc/Hour1Mod.F90,/Users/jinyuntang/work/github/ecosim_workspace/main/f90src/Modelforc/Hour1Mod.F90,1726,1739,"subroutine ForceGasAquaEquil(NY,NX)",False,True,1,1,
wthrmod::prephourlyweather@f90src/modelforc/wthrmod.f90:51,prephourlyweather,wthrmod::prephourlyweather,subroutine,wthrmod,Modelforc,f90src/Modelforc/WthrMod.F90,/Users/jinyuntang/work/github/ecosim_workspace/main/f90src/Modelforc/WthrMod.F90,51,129,"SUBROUTINe PrepHourlyWeather(I,J,NHW,NHE,NVN,NVS)",False,True,2,9,
wthrmod::dailyweather@f90src/modelforc/wthrmod.f90:132,dailyweather,wthrmod::dailyweather,subroutine,wthrmod,Modelforc,f90src/Modelforc/WthrMod.F90,/Users/jinyuntang/work/github/ecosim_workspace/main/f90src/Modelforc/WthrMod.F90,132,225,"subroutine DailyWeather(I,J,NHW,NHE,NVN,NVS,RADN_col,PrecAsRain_col,PrecAsSnow_col,VPS)",False,True,1,2,
wthrmod::hourlyweather@f90src/modelforc/wthrmod.f90:228,hourlyweather,wthrmod::hourlyweather,subroutine,wthrmod,Modelforc,f90src/Modelforc/WthrMod.F90,/Users/jinyuntang/work/github/ecosim_workspace/main/f90src/Modelforc/WthrMod.F90,228,271,"subroutine HourlyWeather(I,J,NHW,NHE,NVN,NVS,RADN_col,PrecAsRain_col,PrecAsSnow_col,VPS)",False,True,1,2,
wthrmod::calcradiation@f90src/modelforc/wthrmod.f90:274,calcradiation,wthrmod::calcradiation,subroutine,wthrmod,Modelforc,f90src/Modelforc/WthrMod.F90,/Users/jinyuntang/work/github/ecosim_workspace/main/f90src/Modelforc/WthrMod.F90,274,409,"subroutine CalcRadiation(I,J,NHW,NHE,NVN,NVS,RADN_col,PRECUI_col,PRECII_col)",False,True,1,2,
wthrmod::correctclimate@f90src/modelforc/wthrmod.f90:412,correctclimate,wthrmod::correctclimate,subroutine,wthrmod,Modelforc,f90src/Modelforc/WthrMod.F90,/Users/jinyuntang/work/github/ecosim_workspace/main/f90src/Modelforc/WthrMod.F90,412,523,"subroutine CorrectClimate(I,J,NHW,NHE,NVN,NVS,PRECUI_col,PrecAsRain_col,PRECII_col,PrecAsSnow_col,VPS)",False,False,0,3,
wthrmod::summaryclimateforc@f90src/modelforc/wthrmod.f90:526,summaryclimateforc,wthrmod::summaryclimateforc,subroutine,wthrmod,Modelforc,f90src/Modelforc/WthrMod.F90,/Users/jinyuntang/work/github/ecosim_workspace/main/f90src/Modelforc/WthrMod.F90,526,573,"subroutine SummaryClimateForc(I,J,NHW,NHE,NVN,NVS,PRECUI_col,PrecAsRain_col,PRECII_col,PrecAsSnow_col)",False,True,1,0,
yearmod::setannualaccumlators@f90src/modelforc/yearmod.f90:38,setannualaccumlators,yearmod::setannualaccumlators,subroutine,yearmod,Modelforc,f90src/Modelforc/YearMod.F90,/Users/jinyuntang/work/github/ecosim_workspace/main/f90src/Modelforc/YearMod.F90,38,137,"subroutine SetAnnualAccumlators(I, NHW, NHE, NVN, NVS)",False,True,1,0,
micbgcpars::init@f90src/modelpars/micbgcpars.f90:120,init,micbgcpars::init,subroutine,micbgcpars,Modelpars,f90src/Modelpars/MicBGCPars.F90,/Users/jinyuntang/work/github/ecosim_workspace/main/f90src/Modelpars/MicBGCPars.F90,120,252,subroutine Init(this),False,False,0,1,
micbgcpars::setpars@f90src/modelpars/micbgcpars.f90:255,setpars,micbgcpars::setpars,subroutine,micbgcpars,Modelpars,f90src/Modelpars/MicBGCPars.F90,/Users/jinyuntang/work/github/ecosim_workspace/main/f90src/Modelpars/MicBGCPars.F90,255,390,subroutine SetPars(this),False,True,1,0,
micbgcpars::initallocate@f90src/modelpars/micbgcpars.f90:393,initallocate,micbgcpars::initallocate,subroutine,micbgcpars,Modelpars,f90src/Modelpars/MicBGCPars.F90,/Users/jinyuntang/work/github/ecosim_workspace/main/f90src/Modelpars/MicBGCPars.F90,393,463,subroutine Initallocate(this),False,False,0,0,
micbgcpars::destructmicbgcpar@f90src/modelpars/micbgcpars.f90:466,destructmicbgcpar,micbgcpars::destructmicbgcpar,subroutine,micbgcpars,Modelpars,f90src/Modelpars/MicBGCPars.F90,/Users/jinyuntang/work/github/ecosim_workspace/main/f90src/Modelpars/MicBGCPars.F90,466,496,subroutine DestructMicBGCPar(this),False,False,0,1,
micbgcpars::get_micb_id@f90src/modelpars/micbgcpars.f90:499,get_micb_id,micbgcpars::get_micb_id,function,micbgcpars,Modelpars,f90src/Modelpars/MicBGCPars.F90,/Users/jinyuntang/work/github/ecosim_workspace/main/f90src/Modelpars/MicBGCPars.F90,499,511,"pure function get_micb_id(this,M,NGL)result(id)",False,True,32,0,
micbgcpars::is_group_defined@f90src/modelpars/micbgcpars.f90:515,is_group_defined,micbgcpars::is_group_defined,function,micbgcpars,Modelpars,f90src/Modelpars/MicBGCPars.F90,/Users/jinyuntang/work/github/ecosim_workspace/main/f90src/Modelpars/MicBGCPars.F90,515,536,"pure function is_group_defined(this,igroup,isauto)result(isdef)",False,False,0,0,
microbeconfigmod::readmicrobenamelist@f90src/modelpars/microbeconfigmod.f90:12,readmicrobenamelist,microbeconfigmod::readmicrobenamelist,subroutine,microbeconfigmod,Modelpars,f90src/Modelpars/MicrobeConfigMod.F90,/Users/jinyuntang/work/github/ecosim_workspace/main/f90src/Modelpars/MicrobeConfigMod.F90,12,47,subroutine ReadMicrobeNamelist(nml_buffer),False,True,1,1,
nitropars::initnitropars@f90src/modelpars/nitropars.f90:121,initnitropars,nitropars::initnitropars,subroutine,nitropars,Modelpars,f90src/Modelpars/NitroPars.F90,/Users/jinyuntang/work/github/ecosim_workspace/main/f90src/Modelpars/NitroPars.F90,121,229,subroutine initNitroPars,False,True,1,1,
nitropars::readpars@f90src/modelpars/nitropars.f90:232,readpars,nitropars::readpars,function,nitropars,Modelpars,f90src/Modelpars/NitroPars.F90,/Users/jinyuntang/work/github/ecosim_workspace/main/f90src/Modelpars/NitroPars.F90,232,321,function ReadPars()result(ans),False,True,1,3,
plantbgcpars::initplanttraittable@f90src/modelpars/plantbgcpars.f90:158,initplanttraittable,plantbgcpars::initplanttraittable,subroutine,plantbgcpars,Modelpars,f90src/Modelpars/PlantBGCPars.F90,/Users/jinyuntang/work/github/ecosim_workspace/main/f90src/Modelpars/PlantBGCPars.F90,158,173,"subroutine InitPlantTraitTable(pltpar,NumGrowthStages,MaxNumRootAxes)",False,True,1,2,
plantbgcpars::initvegpars@f90src/modelpars/plantbgcpars.f90:176,initvegpars,plantbgcpars::initvegpars,subroutine,plantbgcpars,Modelpars,f90src/Modelpars/PlantBGCPars.F90,/Users/jinyuntang/work/github/ecosim_workspace/main/f90src/Modelpars/PlantBGCPars.F90,176,313,"subroutine InitVegPars(pltpar,npft,nkopenclms,npfts_tab)",False,True,1,3,
tracerpropmod::gas_solubility@f90src/modelpars/tracerpropmod.f90:21,gas_solubility,tracerpropmod::gas_solubility,function,tracerpropmod,Modelpars,f90src/Modelpars/TracerPropMod.F90,/Users/jinyuntang/work/github/ecosim_workspace/main/f90src/Modelpars/TracerPropMod.F90,21,51,"function gas_solubility(gid,tempC)result(coef)",False,True,6,1,
tracerpropmod::gramperhr2umolpersec@f90src/modelpars/tracerpropmod.f90:55,gramperhr2umolpersec,tracerpropmod::gramperhr2umolpersec,function,tracerpropmod,Modelpars,f90src/Modelpars/TracerPropMod.F90,/Users/jinyuntang/work/github/ecosim_workspace/main/f90src/Modelpars/TracerPropMod.F90,55,78,function GramPerHr2umolPerSec(gid)result(coef),False,True,1,1,
tracerpropmod::gassechenovconst@f90src/modelpars/tracerpropmod.f90:81,gassechenovconst,tracerpropmod::gassechenovconst,function,tracerpropmod,Modelpars,f90src/Modelpars/TracerPropMod.F90,/Users/jinyuntang/work/github/ecosim_workspace/main/f90src/Modelpars/TracerPropMod.F90,81,121,function GasSechenovConst(gid)result(ans),False,True,5,1,
tracerpropmod::molecularweight@f90src/modelpars/tracerpropmod.f90:125,molecularweight,tracerpropmod::molecularweight,function,tracerpropmod,Modelpars,f90src/Modelpars/TracerPropMod.F90,/Users/jinyuntang/work/github/ecosim_workspace/main/f90src/Modelpars/TracerPropMod.F90,125,148,function MolecularWeight(gid)result(ans),False,True,9,1,
extractsmod::extracts@f90src/plant_bgc/extractsmod.f90:26,extracts,extractsmod::extracts,subroutine,extractsmod,Plant_bgc,f90src/Plant_bgc/ExtractsMod.F90,/Users/jinyuntang/work/github/ecosim_workspace/main/f90src/Plant_bgc/ExtractsMod.F90,26,58,SUBROUTINE extracts(YEARIJ),False,True,1,7,
extractsmod::extractlitterfall@f90src/plant_bgc/extractsmod.f90:62,extractlitterfall,extractsmod::extractlitterfall,subroutine,extractsmod,Plant_bgc,f90src/Plant_bgc/ExtractsMod.F90,/Users/jinyuntang/work/github/ecosim_workspace/main/f90src/Plant_bgc/ExtractsMod.F90,62,121,subroutine ExtractLitterfall(),False,True,1,1,
extractsmod::calctotalleafarea@f90src/plant_bgc/extractsmod.f90:124,calctotalleafarea,extractsmod::calctotalleafarea,subroutine,extractsmod,Plant_bgc,f90src/Plant_bgc/ExtractsMod.F90,/Users/jinyuntang/work/github/ecosim_workspace/main/f90src/Plant_bgc/ExtractsMod.F90,124,153,subroutine CalcTotalLeafArea(NZ),False,True,1,1,
extractsmod::totalgasandsoluteuptake@f90src/plant_bgc/extractsmod.f90:156,totalgasandsoluteuptake,extractsmod::totalgasandsoluteuptake,subroutine,extractsmod,Plant_bgc,f90src/Plant_bgc/ExtractsMod.F90,/Users/jinyuntang/work/github/ecosim_workspace/main/f90src/Plant_bgc/ExtractsMod.F90,156,298,"subroutine TotalGasandSoluteUptake(I,J,NZ)",False,True,1,1,
extractsmod::extractcanopyfluxes@f90src/plant_bgc/extractsmod.f90:301,extractcanopyfluxes,extractsmod::extractcanopyfluxes,subroutine,extractsmod,Plant_bgc,f90src/Plant_bgc/ExtractsMod.F90,/Users/jinyuntang/work/github/ecosim_workspace/main/f90src/Plant_bgc/ExtractsMod.F90,301,419,"subroutine ExtractCanopyFluxes(I,J,NZ)",False,True,1,1,
grosubsmod::growplants@f90src/plant_bgc/grosubsmod.f90:51,growplants,grosubsmod::growplants,subroutine,grosubsmod,Plant_bgc,f90src/Plant_bgc/GrosubsMod.F90,/Users/jinyuntang/work/github/ecosim_workspace/main/f90src/Plant_bgc/GrosubsMod.F90,51,111,subroutine GrowPlants(yearIJ),False,True,1,6,
grosubsmod::live2deadtransformation@f90src/plant_bgc/grosubsmod.f90:114,live2deadtransformation,grosubsmod::live2deadtransformation,subroutine,grosubsmod,Plant_bgc,f90src/Plant_bgc/GrosubsMod.F90,/Users/jinyuntang/work/github/ecosim_workspace/main/f90src/Plant_bgc/GrosubsMod.F90,114,247,subroutine Live2DeadTransformation(yearIJ),False,True,1,2,
grosubsmod::growoneplant@f90src/plant_bgc/grosubsmod.f90:250,growoneplant,grosubsmod::growoneplant,subroutine,grosubsmod,Plant_bgc,f90src/Plant_bgc/GrosubsMod.F90,/Users/jinyuntang/work/github/ecosim_workspace/main/f90src/Plant_bgc/GrosubsMod.F90,250,319,"subroutine GrowOnePlant(yearIJ,NZ,CanopyHeight_copy)",False,True,1,5,
grosubsmod::stageplantforgrowth@f90src/plant_bgc/grosubsmod.f90:322,stageplantforgrowth,grosubsmod::stageplantforgrowth,subroutine,grosubsmod,Plant_bgc,f90src/Plant_bgc/GrosubsMod.F90,/Users/jinyuntang/work/github/ecosim_workspace/main/f90src/Plant_bgc/GrosubsMod.F90,322,528,"subroutine StagePlantForGrowth(I,J,NZ,TFN6_vr,CNLFW,CPLFW,CNSHW,CPSHW,CNRTW,CPRTW, TFN5,WaterStress4Groth,Stomata_Stress,TurgEff4LeafPetolExpansion,TurgEff4CanopyResp)",False,True,1,6,
grosubsmod::accumulatestates@f90src/plant_bgc/grosubsmod.f90:531,accumulatestates,grosubsmod::accumulatestates,subroutine,grosubsmod,Plant_bgc,f90src/Plant_bgc/GrosubsMod.F90,/Users/jinyuntang/work/github/ecosim_workspace/main/f90src/Plant_bgc/GrosubsMod.F90,531,661,"subroutine AccumulateStates(yearIJ,NZ)",False,True,1,2,
grosubsmod::zeroplantstates@f90src/plant_bgc/grosubsmod.f90:664,zeroplantstates,grosubsmod::zeroplantstates,subroutine,grosubsmod,Plant_bgc,f90src/Plant_bgc/GrosubsMod.F90,/Users/jinyuntang/work/github/ecosim_workspace/main/f90src/Plant_bgc/GrosubsMod.F90,664,693,"subroutine ZeroPlantStates(I,J,NZ)",False,False,0,0,
initplantmod::startplants@f90src/plant_bgc/initplantmod.f90:26,startplants,initplantmod::startplants,subroutine,initplantmod,Plant_bgc,f90src/Plant_bgc/InitPlantMod.F90,/Users/jinyuntang/work/github/ecosim_workspace/main/f90src/Plant_bgc/InitPlantMod.F90,26,146,"SUBROUTINE StartPlants(NZ1Q,NZ2Q)",False,True,1,10,
initplantmod::initshootgrowth@f90src/plant_bgc/initplantmod.f90:149,initshootgrowth,initplantmod::initshootgrowth,subroutine,initplantmod,Plant_bgc,f90src/Plant_bgc/InitPlantMod.F90,/Users/jinyuntang/work/github/ecosim_workspace/main/f90src/Plant_bgc/InitPlantMod.F90,149,188,subroutine InitShootGrowth(NZ),False,True,1,1,
initplantmod::plantlitterfraction@f90src/plant_bgc/initplantmod.f90:191,plantlitterfraction,initplantmod::plantlitterfraction,subroutine,initplantmod,Plant_bgc,f90src/Plant_bgc/InitPlantMod.F90,/Users/jinyuntang/work/github/ecosim_workspace/main/f90src/Plant_bgc/InitPlantMod.F90,191,443,subroutine PlantLitterFraction(NZ),False,True,1,6,
initplantmod::pftthermalacclimation@f90src/plant_bgc/initplantmod.f90:446,pftthermalacclimation,initplantmod::pftthermalacclimation,subroutine,initplantmod,Plant_bgc,f90src/Plant_bgc/InitPlantMod.F90,/Users/jinyuntang/work/github/ecosim_workspace/main/f90src/Plant_bgc/InitPlantMod.F90,446,491,subroutine PFTThermalAcclimation(NZ),False,True,1,0,
initplantmod::initdimensionsanduptake@f90src/plant_bgc/initplantmod.f90:494,initdimensionsanduptake,initplantmod::initdimensionsanduptake,subroutine,initplantmod,Plant_bgc,f90src/Plant_bgc/InitPlantMod.F90,/Users/jinyuntang/work/github/ecosim_workspace/main/f90src/Plant_bgc/InitPlantMod.F90,494,621,subroutine InitDimensionsandUptake(NZ),False,True,1,3,
initplantmod::initplantphenomorphobio@f90src/plant_bgc/initplantmod.f90:624,initplantphenomorphobio,initplantmod::initplantphenomorphobio,subroutine,initplantmod,Plant_bgc,f90src/Plant_bgc/InitPlantMod.F90,/Users/jinyuntang/work/github/ecosim_workspace/main/f90src/Plant_bgc/InitPlantMod.F90,624,839,subroutine InitPlantPhenoMorphoBio(NZ),False,True,4,1,
initplantmod::initmassbalance@f90src/plant_bgc/initplantmod.f90:842,initmassbalance,initplantmod::initmassbalance,subroutine,initplantmod,Plant_bgc,f90src/Plant_bgc/InitPlantMod.F90,/Users/jinyuntang/work/github/ecosim_workspace/main/f90src/Plant_bgc/InitPlantMod.F90,842,901,subroutine InitMassBalance(NZ),False,True,1,1,
initplantmod::initplantheatwater@f90src/plant_bgc/initplantmod.f90:904,initplantheatwater,initplantmod::initplantheatwater,subroutine,initplantmod,Plant_bgc,f90src/Plant_bgc/InitPlantMod.F90,/Users/jinyuntang/work/github/ecosim_workspace/main/f90src/Plant_bgc/InitPlantMod.F90,904,963,subroutine InitPlantHeatWater(NZ),False,True,1,3,
initplantmod::initrootmychormorphobio@f90src/plant_bgc/initplantmod.f90:966,initrootmychormorphobio,initplantmod::initrootmychormorphobio,subroutine,initplantmod,Plant_bgc,f90src/Plant_bgc/InitPlantMod.F90,/Users/jinyuntang/work/github/ecosim_workspace/main/f90src/Plant_bgc/InitPlantMod.F90,966,1093,subroutine InitRootMychorMorphoBio(NZ),False,True,3,1,
initplantmod::applyseedbank@f90src/plant_bgc/initplantmod.f90:1095,applyseedbank,initplantmod::applyseedbank,subroutine,initplantmod,Plant_bgc,f90src/Plant_bgc/InitPlantMod.F90,/Users/jinyuntang/work/github/ecosim_workspace/main/f90src/Plant_bgc/InitPlantMod.F90,1095,1161,"subroutine ApplySeedBank(NZ,I,RootC)",False,True,1,2,
initplantmod::initseedmorphobio@f90src/plant_bgc/initplantmod.f90:1163,initseedmorphobio,initplantmod::initseedmorphobio,subroutine,initplantmod,Plant_bgc,f90src/Plant_bgc/InitPlantMod.F90,/Users/jinyuntang/work/github/ecosim_workspace/main/f90src/Plant_bgc/InitPlantMod.F90,1163,1241,subroutine InitSeedMorphoBio(NZ),False,True,1,1,
initvegbgc::initirradiancegeometry@f90src/plant_bgc/initvegbgc.f90:13,initirradiancegeometry,initvegbgc::initirradiancegeometry,subroutine,initvegbgc,Plant_bgc,f90src/Plant_bgc/InitVegBGC.F90,/Users/jinyuntang/work/github/ecosim_workspace/main/f90src/Plant_bgc/InitVegBGC.F90,13,81,"subroutine InitIrradianceGeometry(YSIN,YCOS,SkyAzimuthAngle)",False,True,2,0,
litterfallmod::resetdeadplant@f90src/plant_bgc/litterfallmod.f90:19,resetdeadplant,litterfallmod::resetdeadplant,subroutine,litterfallmod,Plant_bgc,f90src/Plant_bgc/LitterFallMod.F90,/Users/jinyuntang/work/github/ecosim_workspace/main/f90src/Plant_bgc/LitterFallMod.F90,19,89,"subroutine ResetDeadPlant(yearIJ,NZ)",False,True,1,5,
litterfallmod::reseedplants@f90src/plant_bgc/litterfallmod.f90:92,reseedplants,litterfallmod::reseedplants,subroutine,litterfallmod,Plant_bgc,f90src/Plant_bgc/LitterFallMod.F90,/Users/jinyuntang/work/github/ecosim_workspace/main/f90src/Plant_bgc/LitterFallMod.F90,92,138,"subroutine ReSeedPlants(yearIJ,NP)",False,True,1,2,
litterfallmod::setdeadplant@f90src/plant_bgc/litterfallmod.f90:141,setdeadplant,litterfallmod::setdeadplant,subroutine,litterfallmod,Plant_bgc,f90src/Plant_bgc/LitterFallMod.F90,/Users/jinyuntang/work/github/ecosim_workspace/main/f90src/Plant_bgc/LitterFallMod.F90,141,208,"subroutine SetDeadPlant(yearIJ,NZ,NumDeadBranches)",False,True,2,1,
litterfallmod::literfallrootshootstorage@f90src/plant_bgc/litterfallmod.f90:211,literfallrootshootstorage,litterfallmod::literfallrootshootstorage,subroutine,litterfallmod,Plant_bgc,f90src/Plant_bgc/LitterFallMod.F90,/Users/jinyuntang/work/github/ecosim_workspace/main/f90src/Plant_bgc/LitterFallMod.F90,211,413,"subroutine LiterFallRootShootStorage(I,J,NZ)",False,True,1,3,
litterfallmod::literfalldeadroots@f90src/plant_bgc/litterfallmod.f90:416,literfalldeadroots,litterfallmod::literfalldeadroots,subroutine,litterfallmod,Plant_bgc,f90src/Plant_bgc/LitterFallMod.F90,/Users/jinyuntang/work/github/ecosim_workspace/main/f90src/Plant_bgc/LitterFallMod.F90,416,625,"subroutine LiterFallDeadRoots(I,J,NZ)",False,True,1,2,
litterfallmod::literfalldeadbranches@f90src/plant_bgc/litterfallmod.f90:628,literfalldeadbranches,litterfallmod::literfalldeadbranches,subroutine,litterfallmod,Plant_bgc,f90src/Plant_bgc/LitterFallMod.F90,/Users/jinyuntang/work/github/ecosim_workspace/main/f90src/Plant_bgc/LitterFallMod.F90,628,806,"subroutine LiterFallDeadBranches(I,J,NZ,NumDeadBranches)",False,True,1,3,
litterfallmod::resetbranchrootstates@f90src/plant_bgc/litterfallmod.f90:809,resetbranchrootstates,litterfallmod::resetbranchrootstates,subroutine,litterfallmod,Plant_bgc,f90src/Plant_bgc/LitterFallMod.F90,/Users/jinyuntang/work/github/ecosim_workspace/main/f90src/Plant_bgc/LitterFallMod.F90,809,900,"subroutine ResetBranchRootStates(NZ,C4PhotoShootNonstC_brch)",False,True,1,0,
litterfallmod::resetdeadrootstates@f90src/plant_bgc/litterfallmod.f90:903,resetdeadrootstates,litterfallmod::resetdeadrootstates,subroutine,litterfallmod,Plant_bgc,f90src/Plant_bgc/LitterFallMod.F90,/Users/jinyuntang/work/github/ecosim_workspace/main/f90src/Plant_bgc/LitterFallMod.F90,903,1030,"subroutine ResetDeadRootStates(NB,NZ,C4PhotoShootNonstC_brch)",False,True,1,0,
nodulebgcmod::canopynodulebiochemistry@f90src/plant_bgc/nodulebgcmod.f90:20,canopynodulebiochemistry,nodulebgcmod::canopynodulebiochemistry,subroutine,nodulebgcmod,Plant_bgc,f90src/Plant_bgc/NoduleBGCMod.F90,/Users/jinyuntang/work/github/ecosim_workspace/main/f90src/Plant_bgc/NoduleBGCMod.F90,20,413,"subroutine CanopyNoduleBiochemistry(I,J,NZ,NB,TFN5,WFNG)",False,True,1,3,
nodulebgcmod::rootnodulbiochemistry@f90src/plant_bgc/nodulebgcmod.f90:416,rootnodulbiochemistry,nodulebgcmod::rootnodulbiochemistry,subroutine,nodulebgcmod,Plant_bgc,f90src/Plant_bgc/NoduleBGCMod.F90,/Users/jinyuntang/work/github/ecosim_workspace/main/f90src/Plant_bgc/NoduleBGCMod.F90,416,832,"subroutine RootNodulBiochemistry(I,J,NZ,TFN6_vr)",False,True,1,4,
nodulebgcmod::sumrootnodulebiome@f90src/plant_bgc/nodulebgcmod.f90:834,sumrootnodulebiome,nodulebgcmod::sumrootnodulebiome,subroutine,nodulebgcmod,Plant_bgc,f90src/Plant_bgc/NoduleBGCMod.F90,/Users/jinyuntang/work/github/ecosim_workspace/main/f90src/Plant_bgc/NoduleBGCMod.F90,834,854,"subroutine SumRootNoduleBiome(I,J,NZ,RootNoduleElms_pft)",False,True,1,0,
nutuptakemod::plantnutiento2uptake@f90src/plant_bgc/nutuptakemod.f90:26,plantnutiento2uptake,nutuptakemod::plantnutiento2uptake,subroutine,nutuptakemod,Plant_bgc,f90src/Plant_bgc/NutUptakeMod.F90,/Users/jinyuntang/work/github/ecosim_workspace/main/f90src/Plant_bgc/NutUptakeMod.F90,26,62,"subroutine PlantNutientO2Uptake(I,J,NZ,FDMP, PathLen_pvr,FineRootRadius,FracPRoot4Uptake, FracMinRoot4Uptake_rpvr,FracSoiLayByPrimRoot,RootEffLen4Absorption_pvr)",False,True,1,3,
nutuptakemod::foliarnutrientinterception@f90src/plant_bgc/nutuptakemod.f90:65,foliarnutrientinterception,nutuptakemod::foliarnutrientinterception,subroutine,nutuptakemod,Plant_bgc,f90src/Plant_bgc/NutUptakeMod.F90,/Users/jinyuntang/work/github/ecosim_workspace/main/f90src/Plant_bgc/NutUptakeMod.F90,65,133,"subroutine FoliarNutrientInterception(NZ,FDMP)",False,True,1,2,
nutuptakemod::rootmycoo2nutrientuptake@f90src/plant_bgc/nutuptakemod.f90:136,rootmycoo2nutrientuptake,nutuptakemod::rootmycoo2nutrientuptake,subroutine,nutuptakemod,Plant_bgc,f90src/Plant_bgc/NutUptakeMod.F90,/Users/jinyuntang/work/github/ecosim_workspace/main/f90src/Plant_bgc/NutUptakeMod.F90,136,311,"subroutine RootMycoO2NutrientUptake(I,J,NZ,PathLen_pvr,FineRootRadius,FracPRoot4Uptake, FracMinRoot4Uptake_rpvr,FracSoiLayByPrimRoot,RootEffLen4Absorption_pvr,PopPlantO2Uptake,PopPlantO2Demand)",False,True,1,6,
nutuptakemod::zeronutrientuptake@f90src/plant_bgc/nutuptakemod.f90:314,zeronutrientuptake,nutuptakemod::zeronutrientuptake,subroutine,nutuptakemod,Plant_bgc,f90src/Plant_bgc/NutUptakeMod.F90,/Users/jinyuntang/work/github/ecosim_workspace/main/f90src/Plant_bgc/NutUptakeMod.F90,314,371,subroutine ZeroNutrientUptake(),False,True,1,1,
nutuptakemod::uptakemineralphosporhus@f90src/plant_bgc/nutuptakemod.f90:375,uptakemineralphosporhus,nutuptakemod::uptakemineralphosporhus,subroutine,nutuptakemod,Plant_bgc,f90src/Plant_bgc/NutUptakeMod.F90,/Users/jinyuntang/work/github/ecosim_workspace/main/f90src/Plant_bgc/NutUptakeMod.F90,375,467,"subroutine UptakeMineralPhosporhus(N,L,NZ,PathLen_pvr,FineRootRadius,FracPRoot4Uptake,FracMinRoot4Uptake_rpvr, RootEffLen4Absorption_pvr,FCUP,FPUP,FSatNutTransporter,PerPlantRootH2OUptake,RootMyMassC)",False,True,1,4,
nutuptakemod::uptakeno3@f90src/plant_bgc/nutuptakemod.f90:470,uptakeno3,nutuptakemod::uptakeno3,subroutine,nutuptakemod,Plant_bgc,f90src/Plant_bgc/NutUptakeMod.F90,/Users/jinyuntang/work/github/ecosim_workspace/main/f90src/Plant_bgc/NutUptakeMod.F90,470,662,"subroutine UptakeNO3(I,J,N,L,NZ,FNO3X,FNOBX,PathLen_pvr,FineRootRadius,RootEffLen4Absorption_pvr,FCUP,FZUP, FSatNutTransporter,PerPlantRootH2OUptake,RootMyMassC)",False,True,1,3,
nutuptakemod::uptakenh4@f90src/plant_bgc/nutuptakemod.f90:665,uptakenh4,nutuptakemod::uptakenh4,subroutine,nutuptakemod,Plant_bgc,f90src/Plant_bgc/NutUptakeMod.F90,/Users/jinyuntang/work/github/ecosim_workspace/main/f90src/Plant_bgc/NutUptakeMod.F90,665,849,"subroutine UptakeNH4(I,J,N,L,NZ,FNH4X,FNHBX,PathLen_pvr,FineRootRadius,RootEffLen4Absorption_pvr, FCUP,FZUP,FSatNutTransporter,PerPlantRootH2OUptake,RootMyMassC)",False,True,1,2,
nutuptakemod::uptakehpo4@f90src/plant_bgc/nutuptakemod.f90:852,uptakehpo4,nutuptakemod::uptakehpo4,subroutine,nutuptakemod,Plant_bgc,f90src/Plant_bgc/NutUptakeMod.F90,/Users/jinyuntang/work/github/ecosim_workspace/main/f90src/Plant_bgc/NutUptakeMod.F90,852,1012,"subroutine UptakeHPO4(N,L,NZ,DIFFL,FP14X,FP1BX,FCUP,FPUP,FSatNutTransporter,PerPlantRootH2OUptake,RootMyMassC)",False,True,1,1,
nutuptakemod::uptakeh2po4@f90src/plant_bgc/nutuptakemod.f90:1015,uptakeh2po4,nutuptakemod::uptakeh2po4,subroutine,nutuptakemod,Plant_bgc,f90src/Plant_bgc/NutUptakeMod.F90,/Users/jinyuntang/work/github/ecosim_workspace/main/f90src/Plant_bgc/NutUptakeMod.F90,1015,1175,"subroutine UptakeH2PO4(N,L,NZ,DIFFL,FPO4X,FPOBX,FCUP,FPUP,FSatNutTransporter,PerPlantRootH2OUptake,RootMyMassC)",False,True,1,1,
nutuptakemod::uptakemineralnitrogen@f90src/plant_bgc/nutuptakemod.f90:1178,uptakemineralnitrogen,nutuptakemod::uptakemineralnitrogen,subroutine,nutuptakemod,Plant_bgc,f90src/Plant_bgc/NutUptakeMod.F90,/Users/jinyuntang/work/github/ecosim_workspace/main/f90src/Plant_bgc/NutUptakeMod.F90,1178,1254,"subroutine UptakeMineralNitrogen(I,J,N,L,NZ,PathLen_pvr,FineRootRadius,FracPRoot4Uptake, FracMinRoot4Uptake_rpvr,RootEffLen4Absorption_pvr,FCUP,FZUP,FSatNutTransporter,PerPlantRootH2OUptake,RootMyMassC)",False,True,1,2,
nutuptakemod::getuptakecapcity@f90src/plant_bgc/nutuptakemod.f90:1257,getuptakecapcity,nutuptakemod::getuptakecapcity,subroutine,nutuptakemod,Plant_bgc,f90src/Plant_bgc/NutUptakeMod.F90,/Users/jinyuntang/work/github/ecosim_workspace/main/f90src/Plant_bgc/NutUptakeMod.F90,1257,1370,"subroutine GetUptakeCapcity(I,J,N,L,NZ,FracPRoot4Uptake,FracMinRoot4Uptake_rpvr,FCUP,FZUP,FPUP, FSatNutTransporter,PerPlantRootH2OUptake,dtPerPlantRootH2OUptake,FOXYX)",False,True,1,2,
nutuptakemod::rootexudates@f90src/plant_bgc/nutuptakemod.f90:1373,rootexudates,nutuptakemod::rootexudates,subroutine,nutuptakemod,Plant_bgc,f90src/Plant_bgc/NutUptakeMod.F90,/Users/jinyuntang/work/github/ecosim_workspace/main/f90src/Plant_bgc/NutUptakeMod.F90,1373,1460,"subroutine RootExudates(I,J,N,L,NZ)",False,True,1,1,
nutuptakemod::sumnutrientuptake@f90src/plant_bgc/nutuptakemod.f90:1463,sumnutrientuptake,nutuptakemod::sumnutrientuptake,subroutine,nutuptakemod,Plant_bgc,f90src/Plant_bgc/NutUptakeMod.F90,/Users/jinyuntang/work/github/ecosim_workspace/main/f90src/Plant_bgc/NutUptakeMod.F90,1463,1533,"subroutine SumNutrientUptake(I,J,NZ)",False,True,1,2,
photosynsmod::computegpp_c3@f90src/plant_bgc/photosynsmod.f90:19,computegpp_c3,photosynsmod::computegpp_c3,subroutine,photosynsmod,Plant_bgc,f90src/Plant_bgc/PhotoSynsMod.F90,/Users/jinyuntang/work/github/ecosim_workspace/main/f90src/Plant_bgc/PhotoSynsMod.F90,19,210,"subroutine ComputeGPP_C3(I,J,K,NB,NZ,PsiCan4Photosyns,Stomata_Stress,CH2O3K,CH2OClmt,CH2OLlmt)",False,True,1,1,
photosynsmod::computegpp_c4@f90src/plant_bgc/photosynsmod.f90:213,computegpp_c4,photosynsmod::computegpp_c4,subroutine,photosynsmod,Plant_bgc,f90src/Plant_bgc/PhotoSynsMod.F90,/Users/jinyuntang/work/github/ecosim_workspace/main/f90src/Plant_bgc/PhotoSynsMod.F90,213,434,"subroutine ComputeGPP_C4(I,J,K,NB,NZ,PsiCan4Photosyns,Stomata_Stress,CH2O3K,CH2O4K,CH2OClmt,CH2OLlmt)",False,True,1,1,
photosynsmod::computegpp@f90src/plant_bgc/photosynsmod.f90:437,computegpp,photosynsmod::computegpp,subroutine,photosynsmod,Plant_bgc,f90src/Plant_bgc/PhotoSynsMod.F90,/Users/jinyuntang/work/github/ecosim_workspace/main/f90src/Plant_bgc/PhotoSynsMod.F90,437,552,"subroutine ComputeGPP(I,J,NB,NZ,PsiCan4Photosyns,Stomata_Stress,CH2O3,CH2O4,CH2O,CO2F,CH2OClm,CH2OLlm)",False,True,1,3,
plantbalmod::sumplantbiome@f90src/plant_bgc/plantbalmod.f90:32,sumplantbiome,plantbalmod::sumplantbiome,subroutine,plantbalmod,Plant_bgc,f90src/Plant_bgc/PlantBalMod.F90,/Users/jinyuntang/work/github/ecosim_workspace/main/f90src/Plant_bgc/PlantBalMod.F90,32,92,"subroutine SumPlantBiome(yearIJ,NZ,header,tvegE,canopyE,RootE)",False,True,1,4,
plantbalmod::sumlitfallabg@f90src/plant_bgc/plantbalmod.f90:94,sumlitfallabg,plantbalmod::sumlitfallabg,subroutine,plantbalmod,Plant_bgc,f90src/Plant_bgc/PlantBalMod.F90,/Users/jinyuntang/work/github/ecosim_workspace/main/f90src/Plant_bgc/PlantBalMod.F90,94,116,subroutine SumLitfallAbg(NZ),False,True,1,1,
plantbalmod::sumlitfallblg@f90src/plant_bgc/plantbalmod.f90:118,sumlitfallblg,plantbalmod::sumlitfallblg,subroutine,plantbalmod,Plant_bgc,f90src/Plant_bgc/PlantBalMod.F90,/Users/jinyuntang/work/github/ecosim_workspace/main/f90src/Plant_bgc/PlantBalMod.F90,118,142,subroutine SumLitfallBlg(NZ),False,True,2,0,
plantbalmod::sumrootar@f90src/plant_bgc/plantbalmod.f90:145,sumrootar,plantbalmod::sumrootar,subroutine,plantbalmod,Plant_bgc,f90src/Plant_bgc/PlantBalMod.F90,/Users/jinyuntang/work/github/ecosim_workspace/main/f90src/Plant_bgc/PlantBalMod.F90,145,163,subroutine SumRootAR(NZ),False,True,2,0,
plantbalmod::sumplantrootgas@f90src/plant_bgc/plantbalmod.f90:165,sumplantrootgas,plantbalmod::sumplantrootgas,subroutine,plantbalmod,Plant_bgc,f90src/Plant_bgc/PlantBalMod.F90,/Users/jinyuntang/work/github/ecosim_workspace/main/f90src/Plant_bgc/PlantBalMod.F90,165,211,"subroutine SumPlantRootGas(I,J,NZ1)",False,True,1,0,
plantbalmod::sumcanopybiome@f90src/plant_bgc/plantbalmod.f90:213,sumcanopybiome,plantbalmod::sumcanopybiome,subroutine,plantbalmod,Plant_bgc,f90src/Plant_bgc/PlantBalMod.F90,/Users/jinyuntang/work/github/ecosim_workspace/main/f90src/Plant_bgc/PlantBalMod.F90,213,312,"subroutine SumCanopyBiome(yearIJ,NZ,canopyE)",False,True,1,4,
plantbalmod::sumplantbiomstates@f90src/plant_bgc/plantbalmod.f90:314,sumplantbiomstates,plantbalmod::sumplantbiomstates,subroutine,plantbalmod,Plant_bgc,f90src/Plant_bgc/PlantBalMod.F90,/Users/jinyuntang/work/github/ecosim_workspace/main/f90src/Plant_bgc/PlantBalMod.F90,314,338,"subroutine SumPlantBiomStates(yearIJ,NZ,header,tvegE,canopyE,RootE)",False,True,2,2,
plantbalmod::sumplantbranchbiome@f90src/plant_bgc/plantbalmod.f90:341,sumplantbranchbiome,plantbalmod::sumplantbranchbiome,subroutine,plantbalmod,Plant_bgc,f90src/Plant_bgc/PlantBalMod.F90,/Users/jinyuntang/work/github/ecosim_workspace/main/f90src/Plant_bgc/PlantBalMod.F90,341,383,"subroutine SumPlantBranchBiome(NB,NZ)",False,True,2,0,
plantbalmod::zerogrosub@f90src/plant_bgc/plantbalmod.f90:386,zerogrosub,plantbalmod::zerogrosub,subroutine,plantbalmod,Plant_bgc,f90src/Plant_bgc/PlantBalMod.F90,/Users/jinyuntang/work/github/ecosim_workspace/main/f90src/Plant_bgc/PlantBalMod.F90,386,509,subroutine ZeroGrosub(NP),False,True,1,0,
plantbalmod::sumrootbiome@f90src/plant_bgc/plantbalmod.f90:512,sumrootbiome,plantbalmod::sumrootbiome,subroutine,plantbalmod,Plant_bgc,f90src/Plant_bgc/PlantBalMod.F90,/Users/jinyuntang/work/github/ecosim_workspace/main/f90src/Plant_bgc/PlantBalMod.F90,512,580,"subroutine SumRootBiome(yearIJ,NZ,massroot)",False,True,3,2,
plantbalmod::enterplantbalance@f90src/plant_bgc/plantbalmod.f90:583,enterplantbalance,plantbalmod::enterplantbalance,subroutine,plantbalmod,Plant_bgc,f90src/Plant_bgc/PlantBalMod.F90,/Users/jinyuntang/work/github/ecosim_workspace/main/f90src/Plant_bgc/PlantBalMod.F90,583,621,"subroutine EnterPlantBalance(yearIJ,NP)",False,True,1,1,
plantbalmod::exitplantbalance@f90src/plant_bgc/plantbalmod.f90:625,exitplantbalance,plantbalmod::exitplantbalance,subroutine,plantbalmod,Plant_bgc,f90src/Plant_bgc/PlantBalMod.F90,/Users/jinyuntang/work/github/ecosim_workspace/main/f90src/Plant_bgc/PlantBalMod.F90,625,645,"subroutine ExitPlantBalance(yearIJ,NP)",False,True,1,1,
plantbalmod::checkplantbalancez@f90src/plant_bgc/plantbalmod.f90:648,checkplantbalancez,plantbalmod::checkplantbalancez,subroutine,plantbalmod,Plant_bgc,f90src/Plant_bgc/PlantBalMod.F90,/Users/jinyuntang/work/github/ecosim_workspace/main/f90src/Plant_bgc/PlantBalMod.F90,648,818,"subroutine CheckPlantBalanceZ(yearIJ,NZ,header)",False,True,1,4,
plantbranchmod::growonebranch@f90src/plant_bgc/plantbranchmod.f90:35,growonebranch,plantbranchmod::growonebranch,subroutine,plantbranchmod,Plant_bgc,f90src/Plant_bgc/PlantBranchMod.F90,/Users/jinyuntang/work/github/ecosim_workspace/main/f90src/Plant_bgc/PlantBranchMod.F90,35,248,"subroutine GrowOneBranch(yearIJ,NB,NZ,TFN6_vr,CanopyHeight_copy,CNLFW,CPLFW,CNSHW,CPSHW,CNRTW, CPRTW,TFN5,WaterStress4Groth,Stomata_Stress,TurgEff4LeafPetolExpansion,TurgEff4CanopyResp, GrothPART2LeafPetole,BegRemoblize)",False,True,1,19,
plantbranchmod::withdrawnutbranchleaves@f90src/plant_bgc/plantbranchmod.f90:251,withdrawnutbranchleaves,plantbranchmod::withdrawnutbranchleaves,subroutine,plantbranchmod,Plant_bgc,f90src/Plant_bgc/PlantBranchMod.F90,/Users/jinyuntang/work/github/ecosim_workspace/main/f90src/Plant_bgc/PlantBranchMod.F90,251,310,"subroutine WithdrawNutBranchLeaves(I,J,NB,NZ,CNLFB,CPLFB)",False,True,1,4,
plantbranchmod::branchbiomallocate@f90src/plant_bgc/plantbranchmod.f90:313,branchbiomallocate,plantbranchmod::branchbiomallocate,subroutine,plantbranchmod,Plant_bgc,f90src/Plant_bgc/PlantBranchMod.F90,/Users/jinyuntang/work/github/ecosim_workspace/main/f90src/Plant_bgc/PlantBranchMod.F90,313,420,"subroutine BranchBiomAllocate(I,J,NB,NZ,PART,RNonstC4Groth_brch, DMLFB,DMSHB,CNLFB,CPLFB,CNSHB,CPSHB,ZPLFD,CNPG,Growth_brch, EtiolationCoeff,MinNodeID)",False,True,1,3,
plantbranchmod::updatebranchallometry@f90src/plant_bgc/plantbranchmod.f90:423,updatebranchallometry,plantbranchmod::updatebranchallometry,subroutine,plantbranchmod,Plant_bgc,f90src/Plant_bgc/PlantBranchMod.F90,/Users/jinyuntang/work/github/ecosim_workspace/main/f90src/Plant_bgc/PlantBranchMod.F90,423,536,"subroutine UpdateBranchAllometry(I,J,NZ,NB,PART,CNLFW,CNRTW,CNSHW,CPLFW, CPRTW,CPSHW,ShootStructE_brch,YCO2Gro_brch,CNLFM,CPLFM, CNSHX,CPSHX,CNLFX,CPLFX,DMLFB,DMSHB,CNLFB,CPLFB,CNSHB,CPSHB)",False,True,1,2,
plantbranchmod::calcpartitioncoeff@f90src/plant_bgc/plantbranchmod.f90:539,calcpartitioncoeff,plantbranchmod::calcpartitioncoeff,subroutine,plantbranchmod,Plant_bgc,f90src/Plant_bgc/PlantBranchMod.F90,/Users/jinyuntang/work/github/ecosim_workspace/main/f90src/Plant_bgc/PlantBranchMod.F90,539,789,"subroutine CalcPartitionCoeff(I,J,NB,NZ,PART,BegRemoblize,LRemob_brch)",False,True,1,3,
plantbranchmod::updatephotosynthates@f90src/plant_bgc/plantbranchmod.f90:792,updatephotosynthates,plantbranchmod::updatephotosynthates,subroutine,plantbranchmod,Plant_bgc,f90src/Plant_bgc/PlantBranchMod.F90,/Users/jinyuntang/work/github/ecosim_workspace/main/f90src/Plant_bgc/PlantBranchMod.F90,792,868,"subroutine UpdatePhotosynthates(I,J,NB,NZ,TFN6_vr,YCO2Gro_brch,CNLFM,CPLFM,CNSHX,CPSHX,CNLFX,CPLFX, ShootStructN_brch,TFN5,WaterStress4Groth,Stomata_Stress,TurgEff4CanopyResp,CH2O3,CH2O4,CNPG, RMxess_brch,RNonstC4Groth_brch)",False,True,1,5,
plantbranchmod::c4photoproducttransfer@f90src/plant_bgc/plantbranchmod.f90:871,c4photoproducttransfer,plantbranchmod::c4photoproducttransfer,subroutine,plantbranchmod,Plant_bgc,f90src/Plant_bgc/PlantBranchMod.F90,/Users/jinyuntang/work/github/ecosim_workspace/main/f90src/Plant_bgc/PlantBranchMod.F90,871,964,"subroutine C4PhotoProductTransfer(I,J,NZ,NB,CH2O3,CH2O4)",False,True,1,2,
plantbranchmod::remobizeleafnodes@f90src/plant_bgc/plantbranchmod.f90:967,remobizeleafnodes,plantbranchmod::remobizeleafnodes,subroutine,plantbranchmod,Plant_bgc,f90src/Plant_bgc/PlantBranchMod.F90,/Users/jinyuntang/work/github/ecosim_workspace/main/f90src/Plant_bgc/PlantBranchMod.F90,967,1309,"subroutine RemobizeLeafNodes(I,J,NB,NZ,KN,RCCE,FracRecyled,RespSenes_node,lgoto565,RCO2e)",False,True,1,3,
plantbranchmod::remobilizeleaflayers@f90src/plant_bgc/plantbranchmod.f90:1312,remobilizeleaflayers,plantbranchmod::remobilizeleaflayers,subroutine,plantbranchmod,Plant_bgc,f90src/Plant_bgc/PlantBranchMod.F90,/Users/jinyuntang/work/github/ecosim_workspace/main/f90src/Plant_bgc/PlantBranchMod.F90,1312,1671,"subroutine RemobilizeLeafLayers(I,J,NumRemobLeafNodes,NB,NZ,RespSenesTot_brch,RCCC,RCCN,RCCP,FracRecyled,RCO2e)",False,True,1,4,
plantbranchmod::allocateleaf2canopylayers@f90src/plant_bgc/plantbranchmod.f90:1674,allocateleaf2canopylayers,plantbranchmod::allocateleaf2canopylayers,subroutine,plantbranchmod,Plant_bgc,f90src/Plant_bgc/PlantBranchMod.F90,/Users/jinyuntang/work/github/ecosim_workspace/main/f90src/Plant_bgc/PlantBranchMod.F90,1674,1968,"subroutine AllocateLeaf2CanopyLayers(I,J,NB,NZ,CanopyHeight_copy)",False,True,1,5,
plantbranchmod::leafclassallocation@f90src/plant_bgc/plantbranchmod.f90:1971,leafclassallocation,plantbranchmod::leafclassallocation,subroutine,plantbranchmod,Plant_bgc,f90src/Plant_bgc/PlantBranchMod.F90,/Users/jinyuntang/work/github/ecosim_workspace/main/f90src/Plant_bgc/PlantBranchMod.F90,1971,2033,"subroutine LeafClassAllocation(NB,NZ)",False,True,1,1,
plantbranchmod::grainfillonbranch@f90src/plant_bgc/plantbranchmod.f90:2036,grainfillonbranch,plantbranchmod::grainfillonbranch,subroutine,plantbranchmod,Plant_bgc,f90src/Plant_bgc/PlantBranchMod.F90,/Users/jinyuntang/work/github/ecosim_workspace/main/f90src/Plant_bgc/PlantBranchMod.F90,2036,2286,"subroutine GrainFillOnBranch(I,J,NB,NZ,GrainGroth,GROSTKC)",False,True,1,2,
plantbranchmod::resetnonannualbranch@f90src/plant_bgc/plantbranchmod.f90:2289,resetnonannualbranch,plantbranchmod::resetnonannualbranch,subroutine,plantbranchmod,Plant_bgc,f90src/Plant_bgc/PlantBranchMod.F90,/Users/jinyuntang/work/github/ecosim_workspace/main/f90src/Plant_bgc/PlantBranchMod.F90,2289,2505,"subroutine ResetNonAnnualBranch(I,J,NB,NZ)",False,True,1,3,
plantbranchmod::resetbranchphenology@f90src/plant_bgc/plantbranchmod.f90:2508,resetbranchphenology,plantbranchmod::resetbranchphenology,subroutine,plantbranchmod,Plant_bgc,f90src/Plant_bgc/PlantBranchMod.F90,/Users/jinyuntang/work/github/ecosim_workspace/main/f90src/Plant_bgc/PlantBranchMod.F90,2508,2693,"subroutine ResetBranchPhenology(I,J,NB,NZ)",False,True,1,5,
plantbranchmod::branchelmnttransfer@f90src/plant_bgc/plantbranchmod.f90:2696,branchelmnttransfer,plantbranchmod::branchelmnttransfer,subroutine,plantbranchmod,Plant_bgc,f90src/Plant_bgc/PlantBranchMod.F90,/Users/jinyuntang/work/github/ecosim_workspace/main/f90src/Plant_bgc/PlantBranchMod.F90,2696,2825,"subroutine BranchElmntTransfer(I,J,NB,NZ,BegRemoblize,WaterStress4Groth,TurgEff4CanopyResp)",False,True,1,8,
plantbranchmod::developmainbranch@f90src/plant_bgc/plantbranchmod.f90:2828,developmainbranch,plantbranchmod::developmainbranch,subroutine,plantbranchmod,Plant_bgc,f90src/Plant_bgc/PlantBranchMod.F90,/Users/jinyuntang/work/github/ecosim_workspace/main/f90src/Plant_bgc/PlantBranchMod.F90,2828,3040,"subroutine DevelopMainBranch(I,J,NB,NZ,TurgEff4CanopyResp)",False,True,1,4,
plantbranchmod::computrautoafemergence@f90src/plant_bgc/plantbranchmod.f90:3043,computrautoafemergence,plantbranchmod::computrautoafemergence,subroutine,plantbranchmod,Plant_bgc,f90src/Plant_bgc/PlantBranchMod.F90,/Users/jinyuntang/work/github/ecosim_workspace/main/f90src/Plant_bgc/PlantBranchMod.F90,3043,3236,"subroutine ComputRAutoAfEmergence(I,J,NB,NZ,YCO2Gro_brch,CNLFM,CPLFM,CNSHX,CPSHX,CNLFX,CPLFX,CO2F, CH2O,TFN5,WaterStress4Groth,TurgEff4CanopyResp,ShootStructN_brch,CanopyNonstElm4Gros,CNPG,RMxess_brch, RNonstC4Groth_brch)",False,True,1,3,
plantbranchmod::computrautob4emergence@f90src/plant_bgc/plantbranchmod.f90:3239,computrautob4emergence,plantbranchmod::computrautob4emergence,subroutine,plantbranchmod,Plant_bgc,f90src/Plant_bgc/PlantBranchMod.F90,/Users/jinyuntang/work/github/ecosim_workspace/main/f90src/Plant_bgc/PlantBranchMod.F90,3239,3437,"subroutine ComputRAutoB4Emergence(I,J,NB,NZ,TFN6_vr,YCO2Gro_brch,CNLFM,CPLFM,CNSHX,CPSHX, CNLFX,CPLFX,ShootStructN_brch,WaterStress4Groth,TurgEff4CanopyResp,CanopyNonstElm4Gros,CNPG, RMxess_brch,RNonstC4Groth_brch)",False,True,1,3,
plantbranchmod::growleavesonbranch@f90src/plant_bgc/plantbranchmod.f90:3440,growleavesonbranch,plantbranchmod::growleavesonbranch,subroutine,plantbranchmod,Plant_bgc,f90src/Plant_bgc/PlantBranchMod.F90,/Users/jinyuntang/work/github/ecosim_workspace/main/f90src/Plant_bgc/PlantBranchMod.F90,3440,3523,"subroutine GrowLeavesOnBranch(I,J,NZ,NB,MinNodeID,GrowthLeaf,EtiolationCoeff,TurgEff4LeafPetolExpansion,ALLOCL)",False,True,1,2,
plantbranchmod::growpetolshethonbranch@f90src/plant_bgc/plantbranchmod.f90:3526,growpetolshethonbranch,plantbranchmod::growpetolshethonbranch,subroutine,plantbranchmod,Plant_bgc,f90src/Plant_bgc/PlantBranchMod.F90,/Users/jinyuntang/work/github/ecosim_workspace/main/f90src/Plant_bgc/PlantBranchMod.F90,3526,3607,"subroutine GrowPetolShethOnBranch(yearIJ,NZ,NB,MinNodeID,GrowthPetolSheth,EtiolationCoeff,TurgEff4LeafPetolExpansion,ALLOCL)",False,True,1,3,
plantbranchmod::growstalkonbranch@f90src/plant_bgc/plantbranchmod.f90:3610,growstalkonbranch,plantbranchmod::growstalkonbranch,subroutine,plantbranchmod,Plant_bgc,f90src/Plant_bgc/PlantBranchMod.F90,/Users/jinyuntang/work/github/ecosim_workspace/main/f90src/Plant_bgc/PlantBranchMod.F90,3610,3699,"subroutine GrowStalkOnBranch(I,J,NZ,NB,GrowthStalk,EtiolationCoeff)",False,True,1,3,
plantbranchmod::remobilizebranch@f90src/plant_bgc/plantbranchmod.f90:3702,remobilizebranch,plantbranchmod::remobilizebranch,subroutine,plantbranchmod,Plant_bgc,f90src/Plant_bgc/PlantBranchMod.F90,/Users/jinyuntang/work/github/ecosim_workspace/main/f90src/Plant_bgc/PlantBranchMod.F90,3702,3872,"subroutine RemobilizeBranch(I,J,NZ,NB,BegRemoblize,LRemob_brch,RCCC,RCCN,RCCP,RMxess_brch)",False,True,1,5,
plantbranchmod::senescencebranch@f90src/plant_bgc/plantbranchmod.f90:3875,senescencebranch,plantbranchmod::senescencebranch,subroutine,plantbranchmod,Plant_bgc,f90src/Plant_bgc/PlantBranchMod.F90,/Users/jinyuntang/work/github/ecosim_workspace/main/f90src/Plant_bgc/PlantBranchMod.F90,3875,4088,"subroutine SenescenceBranch(NZ,NB,RCCE)",False,True,1,3,
plantdebugmod::printroottracer@f90src/plant_bgc/plantdebugmod.f90:19,printroottracer,plantdebugmod::printroottracer,subroutine,plantdebugmod,Plant_bgc,f90src/Plant_bgc/PlantDebugMod.F90,/Users/jinyuntang/work/github/ecosim_workspace/main/f90src/Plant_bgc/PlantDebugMod.F90,19,34,"subroutine PrintRootTracer(I,J,NZ,header)",False,True,1,0,
plantdebugmod::printrootbiomass@f90src/plant_bgc/plantdebugmod.f90:37,printrootbiomass,plantdebugmod::printrootbiomass,subroutine,plantdebugmod,Plant_bgc,f90src/Plant_bgc/PlantDebugMod.F90,/Users/jinyuntang/work/github/ecosim_workspace/main/f90src/Plant_bgc/PlantDebugMod.F90,37,59,"subroutine PrintRootBiomass(yearIJ,L,NR,NZ,header)",False,False,0,1,
plantdebugmod::rootmassbalcheck@f90src/plant_bgc/plantdebugmod.f90:62,rootmassbalcheck,plantdebugmod::rootmassbalcheck,subroutine,plantdebugmod,Plant_bgc,f90src/Plant_bgc/PlantDebugMod.F90,/Users/jinyuntang/work/github/ecosim_workspace/main/f90src/Plant_bgc/PlantDebugMod.F90,62,102,"subroutine RootMassBalCheck(yearIJ,NZ,opt,checktype,iut,info,id)",False,False,0,4,
plantdisturbbyfiremod::initplantfiremod@f90src/plant_bgc/plantdisturbbyfiremod.f90:25,initplantfiremod,plantdisturbbyfiremod::initplantfiremod,subroutine,plantdisturbbyfiremod,Plant_bgc,f90src/Plant_bgc/PlantDisturbByFireMod.F90,/Users/jinyuntang/work/github/ecosim_workspace/main/f90src/Plant_bgc/PlantDisturbByFireMod.F90,25,28,subroutine InitPlantFireMod,False,True,1,0,
plantdisturbbyfiremod::stagerootremovalbyfire@f90src/plant_bgc/plantdisturbbyfiremod.f90:32,stagerootremovalbyfire,plantdisturbbyfiremod::stagerootremovalbyfire,subroutine,plantdisturbbyfiremod,Plant_bgc,f90src/Plant_bgc/PlantDisturbByFireMod.F90,/Users/jinyuntang/work/github/ecosim_workspace/main/f90src/Plant_bgc/PlantDisturbByFireMod.F90,32,65,"subroutine StageRootRemovalByFire(yearIJ,NZ,L,FFIRE,DCORP,FracLeftThin)",False,True,1,1,
plantdisturbbyfiremod::removerootbyfire@f90src/plant_bgc/plantdisturbbyfiremod.f90:68,removerootbyfire,plantdisturbbyfiremod::removerootbyfire,subroutine,plantdisturbbyfiremod,Plant_bgc,f90src/Plant_bgc/PlantDisturbByFireMod.F90,/Users/jinyuntang/work/github/ecosim_workspace/main/f90src/Plant_bgc/PlantDisturbByFireMod.F90,68,122,"subroutine RemoveRootByFire(yearIJ,NZ,HarvestedBiomass,FFIRE)",False,True,1,1,
plantdisturbbyfiremod::abvgrndliterfallbyfire@f90src/plant_bgc/plantdisturbbyfiremod.f90:125,abvgrndliterfallbyfire,plantdisturbbyfiremod::abvgrndliterfallbyfire,subroutine,plantdisturbbyfiremod,Plant_bgc,f90src/Plant_bgc/PlantDisturbByFireMod.F90,/Users/jinyuntang/work/github/ecosim_workspace/main/f90src/Plant_bgc/PlantDisturbByFireMod.F90,125,262,"subroutine AbvGrndLiterFallByFire(yearIJ,NZ,CanopyNonstElm2Litr,StandeadElmntOffEcosystem, FineNonleafElmOffEcosystem,LeafElmnt2Litr,LeafElmntOffEcosystem,NonstructElmntOffEcosystem, WoodyElmntOffEcosystem,WoodyElmnt2Litr,StandeadElmnt2Litr,PetolShethElmntHarv2Litr, FineNonleafElmnt2Litr,LeafElmntHarv2Litr,StandeadElmntHarv2Litr,WoodyElmntHarv2Litr)",False,True,1,2,
plantdisturbbyfiremod::abvgbiomremovalbyfire@f90src/plant_bgc/plantdisturbbyfiremod.f90:265,abvgbiomremovalbyfire,plantdisturbbyfiremod::abvgbiomremovalbyfire,subroutine,plantdisturbbyfiremod,Plant_bgc,f90src/Plant_bgc/PlantDisturbByFireMod.F90,/Users/jinyuntang/work/github/ecosim_workspace/main/f90src/Plant_bgc/PlantDisturbByFireMod.F90,265,309,"subroutine AbvgBiomRemovalByFire(yearIJ,NZ,TotalElmnt2Litr,TotalElmntRemoval)",False,True,1,1,
plantdisturbbyfiremod::shootbiomremovalbyfire@f90src/plant_bgc/plantdisturbbyfiremod.f90:312,shootbiomremovalbyfire,plantdisturbbyfiremod::shootbiomremovalbyfire,subroutine,plantdisturbbyfiremod,Plant_bgc,f90src/Plant_bgc/PlantDisturbByFireMod.F90,/Users/jinyuntang/work/github/ecosim_workspace/main/f90src/Plant_bgc/PlantDisturbByFireMod.F90,312,393,"subroutine ShootBiomRemovalByFire(I,J,NZ,EHVST21,EHVST22, EHVST23, EHVST24, StandeadElmntRemoval,CanopyNonstElmRemoval,LeafElmntRemoval,WoodyElmntRemoval, FineNonleafElmntRemoval,CanopyNonstElm2Litr,NonstructElmntOffEcosystem, LeafElmntOffEcosystem,FineNonleafElmOffEcosystem,WoodyElmntOffEcosystem, StandeadElmntOffEcosystem,LeafElmnt2Litr,FineNonleafElmnt2Litr, WoodyElmnt2Litr,StandeadElmnt2Litr)",False,True,1,1,
plantdisturbbyfiremod::rootremovallbyfire@f90src/plant_bgc/plantdisturbbyfiremod.f90:395,rootremovallbyfire,plantdisturbbyfiremod::rootremovallbyfire,subroutine,plantdisturbbyfiremod,Plant_bgc,f90src/Plant_bgc/PlantDisturbByFireMod.F90,/Users/jinyuntang/work/github/ecosim_workspace/main/f90src/Plant_bgc/PlantDisturbByFireMod.F90,395,511,"subroutine RootRemovalLbyFire(yearIJ,N,L,NZ,FracLeftThin,XHVST1)",False,True,1,3,
plantdisturbbygrazingmod::abvgbiomremovalbygrazing@f90src/plant_bgc/plantdisturbbygrazingmod.f90:28,abvgbiomremovalbygrazing,plantdisturbbygrazingmod::abvgbiomremovalbygrazing,subroutine,plantdisturbbygrazingmod,Plant_bgc,f90src/Plant_bgc/PlantDisturbByGrazingMod.F90,/Users/jinyuntang/work/github/ecosim_workspace/main/f90src/Plant_bgc/PlantDisturbByGrazingMod.F90,28,73,"subroutine AbvgBiomRemovalByGrazing(yearIJ,NZ,TotalElmnt2Litr,TotalElmntRemoval)",False,True,1,1,
plantdisturbbygrazingmod::removestanddeadbygrazing@f90src/plant_bgc/plantdisturbbygrazingmod.f90:77,removestanddeadbygrazing,plantdisturbbygrazingmod::removestanddeadbygrazing,subroutine,plantdisturbbygrazingmod,Plant_bgc,f90src/Plant_bgc/PlantDisturbByGrazingMod.F90,/Users/jinyuntang/work/github/ecosim_workspace/main/f90src/Plant_bgc/PlantDisturbByGrazingMod.F90,77,104,"subroutine RemoveStandDeadByGrazing(yearIJ,NZ,FracStdeadLeft,FHVSH)",False,True,1,0,
plantdisturbbygrazingmod::applybiomremovalbygrazing@f90src/plant_bgc/plantdisturbbygrazingmod.f90:107,applybiomremovalbygrazing,plantdisturbbygrazingmod::applybiomremovalbygrazing,subroutine,plantdisturbbygrazingmod,Plant_bgc,f90src/Plant_bgc/PlantDisturbByGrazingMod.F90,/Users/jinyuntang/work/github/ecosim_workspace/main/f90src/Plant_bgc/PlantDisturbByGrazingMod.F90,107,170,"subroutine ApplyBiomRemovalByGrazing(I,J,NZ,EHVST21,EHVST22,EHVST23,EHVST24, CanopyNonstElmRemoval,LeafElmntRemoval,FineNonleafElmntRemoval,WoodyElmntRemoval,StandeadElmntRemoval, CanopyNonstElm2Litr,LeafElmnt2Litr,FineNonleafElmnt2Litr,WoodyElmnt2Litr,StandeadElmnt2Litr)",False,True,1,0,
plantdisturbbygrazingmod::grazingplant@f90src/plant_bgc/plantdisturbbygrazingmod.f90:175,grazingplant,plantdisturbbygrazingmod::grazingplant,subroutine,plantdisturbbygrazingmod,Plant_bgc,f90src/Plant_bgc/PlantDisturbByGrazingMod.F90,/Users/jinyuntang/work/github/ecosim_workspace/main/f90src/Plant_bgc/PlantDisturbByGrazingMod.F90,175,395,"subroutine GrazingPlant(I,J,NZ,HarvestedLeafC,HarvestedShethC,HarvestedEarC,HarvestedGrainC, GrazedCanopyNonstC,HarvestedStalkC,HarvestedStalkRsrvC,HarvestedPetoleC,GrazedCanopyNoduleC,LeafLayerC_brch)",False,True,1,0,
plantdisturbbygrazingmod::cutbranchnonstalbygrazing@f90src/plant_bgc/plantdisturbbygrazingmod.f90:399,cutbranchnonstalbygrazing,plantdisturbbygrazingmod::cutbranchnonstalbygrazing,subroutine,plantdisturbbygrazingmod,Plant_bgc,f90src/Plant_bgc/PlantDisturbByGrazingMod.F90,/Users/jinyuntang/work/github/ecosim_workspace/main/f90src/Plant_bgc/PlantDisturbByGrazingMod.F90,399,457,"subroutine CutBranchNonstalByGrazing(I,J,NB,NZ,GrazedCanopyNonstC,CanopyNonstElmCopy_brch, GrazedCanopyNoduleC,CanopyNodulNonstElmCopy_brch,CanopyNonstElmAfhvst_brch,CanopyNodulNonstElmAfhvst, CanopyNodulStrutElmAfhvst)",False,True,1,0,
plantdisturbbytillagemod::removeshootbytillage@f90src/plant_bgc/plantdisturbbytillagemod.f90:19,removeshootbytillage,plantdisturbbytillagemod::removeshootbytillage,subroutine,plantdisturbbytillagemod,Plant_bgc,f90src/Plant_bgc/PlantDisturbByTillageMod.F90,/Users/jinyuntang/work/github/ecosim_workspace/main/f90src/Plant_bgc/PlantDisturbByTillageMod.F90,19,246,"subroutine RemoveShootByTillage(yearIJ,NZ,XHVST)",False,True,1,2,
plantdisturbbytillagemod::removebiombytillage@f90src/plant_bgc/plantdisturbbytillagemod.f90:249,removebiombytillage,plantdisturbbytillagemod::removebiombytillage,subroutine,plantdisturbbytillagemod,Plant_bgc,f90src/Plant_bgc/PlantDisturbByTillageMod.F90,/Users/jinyuntang/work/github/ecosim_workspace/main/f90src/Plant_bgc/PlantDisturbByTillageMod.F90,249,332,"subroutine RemoveBiomByTillage(yearIJ,NZ)",False,True,1,4,
plantdisturbbytillagemod::removerootsbytillage@f90src/plant_bgc/plantdisturbbytillagemod.f90:335,removerootsbytillage,plantdisturbbytillagemod::removerootsbytillage,subroutine,plantdisturbbytillagemod,Plant_bgc,f90src/Plant_bgc/PlantDisturbByTillageMod.F90,/Users/jinyuntang/work/github/ecosim_workspace/main/f90src/Plant_bgc/PlantDisturbByTillageMod.F90,335,556,"subroutine RemoveRootsByTillage(yearIJ,NZ,XHVST)",False,True,1,2,
plantdisturbsmod::initplantdisturbance@f90src/plant_bgc/plantdisturbsmod.f90:49,initplantdisturbance,plantdisturbsmod::initplantdisturbance,subroutine,plantdisturbsmod,Plant_bgc,f90src/Plant_bgc/PlantDisturbsMod.F90,/Users/jinyuntang/work/github/ecosim_workspace/main/f90src/Plant_bgc/PlantDisturbsMod.F90,49,52,subroutine InitPlantDisturbance,False,True,1,1,
plantdisturbsmod::stagedisturbances@f90src/plant_bgc/plantdisturbsmod.f90:55,stagedisturbances,plantdisturbsmod::stagedisturbances,subroutine,plantdisturbsmod,Plant_bgc,f90src/Plant_bgc/PlantDisturbsMod.F90,/Users/jinyuntang/work/github/ecosim_workspace/main/f90src/Plant_bgc/PlantDisturbsMod.F90,55,76,"subroutine StageDisturbances(yearIJ,NZ)",False,True,1,1,
plantdisturbsmod::removebiombymgmt@f90src/plant_bgc/plantdisturbsmod.f90:78,removebiombymgmt,plantdisturbsmod::removebiombymgmt,subroutine,plantdisturbsmod,Plant_bgc,f90src/Plant_bgc/PlantDisturbsMod.F90,/Users/jinyuntang/work/github/ecosim_workspace/main/f90src/Plant_bgc/PlantDisturbsMod.F90,78,102,"subroutine RemoveBiomByMgmt(yearIJ,NZ)",False,True,1,4,
plantdisturbsmod::removedeadannual@f90src/plant_bgc/plantdisturbsmod.f90:105,removedeadannual,plantdisturbsmod::removedeadannual,subroutine,plantdisturbsmod,Plant_bgc,f90src/Plant_bgc/PlantDisturbsMod.F90,/Users/jinyuntang/work/github/ecosim_workspace/main/f90src/Plant_bgc/PlantDisturbsMod.F90,105,201,"subroutine RemoveDeadAnnual(yearIJ,NZ)",False,True,1,5,
plantdisturbsmod::eval_annual_false_break_death@f90src/plant_bgc/plantdisturbsmod.f90:203,eval_annual_false_break_death,plantdisturbsmod::eval_annual_false_break_death,function,plantdisturbsmod,Plant_bgc,f90src/Plant_bgc/PlantDisturbsMod.F90,/Users/jinyuntang/work/github/ecosim_workspace/main/f90src/Plant_bgc/PlantDisturbsMod.F90,203,225,"function eval_annual_false_break_death(yearIJ,NZ)result(tokill)",False,True,1,1,
plantdisturbsmod::removestandingdead@f90src/plant_bgc/plantdisturbsmod.f90:227,removestandingdead,plantdisturbsmod::removestandingdead,subroutine,plantdisturbsmod,Plant_bgc,f90src/Plant_bgc/PlantDisturbsMod.F90,/Users/jinyuntang/work/github/ecosim_workspace/main/f90src/Plant_bgc/PlantDisturbsMod.F90,227,276,"subroutine RemoveStandingDead(yearIJ,NZ)",False,True,1,3,
plantdisturbsmod::removebiomassbydisturbance@f90src/plant_bgc/plantdisturbsmod.f90:279,removebiomassbydisturbance,plantdisturbsmod::removebiomassbydisturbance,subroutine,plantdisturbsmod,Plant_bgc,f90src/Plant_bgc/PlantDisturbsMod.F90,/Users/jinyuntang/work/github/ecosim_workspace/main/f90src/Plant_bgc/PlantDisturbsMod.F90,279,322,"subroutine RemoveBiomassByDisturbance(yearIJ,NZ)",False,True,1,6,
plantdisturbsmod::plantshootdisturbance@f90src/plant_bgc/plantdisturbsmod.f90:325,plantshootdisturbance,plantdisturbsmod::plantshootdisturbance,subroutine,plantdisturbsmod,Plant_bgc,f90src/Plant_bgc/PlantDisturbsMod.F90,/Users/jinyuntang/work/github/ecosim_workspace/main/f90src/Plant_bgc/PlantDisturbsMod.F90,325,364,"subroutine PlantShootDisturbance(yearIJ,NZ)",False,True,1,4,
plantdisturbsmod::literfallbydisturbance@f90src/plant_bgc/plantdisturbsmod.f90:367,literfallbydisturbance,plantdisturbsmod::literfallbydisturbance,subroutine,plantdisturbsmod,Plant_bgc,f90src/Plant_bgc/PlantDisturbsMod.F90,/Users/jinyuntang/work/github/ecosim_workspace/main/f90src/Plant_bgc/PlantDisturbsMod.F90,367,475,"subroutine LiterfallByDisturbance(yearIJ,NZ,HarvestAbgElmnt2Litr,TotalAbgElmnt2Litr,CanopyNonstElm2Litr, NonstructElmntOffEcosystem,LeafElmntOffEcosystem,FineNonleafElmOffEcosystem, WoodyElmntOffEcosystem,StandeadElmntOffEcosystem)",False,True,1,3,
plantdisturbsmod::abvgbiomremovalbydisturb@f90src/plant_bgc/plantdisturbsmod.f90:478,abvgbiomremovalbydisturb,plantdisturbsmod::abvgbiomremovalbydisturb,subroutine,plantdisturbsmod,Plant_bgc,f90src/Plant_bgc/PlantDisturbsMod.F90,/Users/jinyuntang/work/github/ecosim_workspace/main/f90src/Plant_bgc/PlantDisturbsMod.F90,478,619,"subroutine AbvgBiomRemovalByDisturb(yearIJ,NZ,CanopyNonstElm2Litr,HarvestAbgElmnt2Litr,TotalAbgElmnt2Litr)",False,True,1,6,
plantdisturbsmod::applydisturbancebiomremoval@f90src/plant_bgc/plantdisturbsmod.f90:622,applydisturbancebiomremoval,plantdisturbsmod::applydisturbancebiomremoval,subroutine,plantdisturbsmod,Plant_bgc,f90src/Plant_bgc/PlantDisturbsMod.F90,/Users/jinyuntang/work/github/ecosim_workspace/main/f90src/Plant_bgc/PlantDisturbsMod.F90,622,723,"subroutine ApplyDisturbanceBiomRemoval(yearIJ,NZ,CanopyNonstElm2Litr, NonstructElmntOffEcosystem,LeafElmntOffEcosystem,FineNonleafElmOffEcosystem, WoodyElmntOffEcosystem,StandeadElmntOffEcosystem)",False,True,1,3,
plantdisturbsmod::removebiombyharvest@f90src/plant_bgc/plantdisturbsmod.f90:726,removebiombyharvest,plantdisturbsmod::removebiombyharvest,subroutine,plantdisturbsmod,Plant_bgc,f90src/Plant_bgc/PlantDisturbsMod.F90,/Users/jinyuntang/work/github/ecosim_workspace/main/f90src/Plant_bgc/PlantDisturbsMod.F90,726,962,"subroutine RemoveBiomByHarvest(yearIJ,NZ)",False,True,1,6,
plantdisturbsmod::resetcutbranch@f90src/plant_bgc/plantdisturbsmod.f90:965,resetcutbranch,plantdisturbsmod::resetcutbranch,subroutine,plantdisturbsmod,Plant_bgc,f90src/Plant_bgc/PlantDisturbsMod.F90,/Users/jinyuntang/work/github/ecosim_workspace/main/f90src/Plant_bgc/PlantDisturbsMod.F90,965,1043,"subroutine ResetCutBranch(I,J,NZ,NB)",False,True,1,1,
plantdisturbsmod::cutbranchstalk@f90src/plant_bgc/plantdisturbsmod.f90:1046,cutbranchstalk,plantdisturbsmod::cutbranchstalk,subroutine,plantdisturbsmod,Plant_bgc,f90src/Plant_bgc/PlantDisturbsMod.F90,/Users/jinyuntang/work/github/ecosim_workspace/main/f90src/Plant_bgc/PlantDisturbsMod.F90,1046,1241,"subroutine CutBranchStalk(yearIJ,NB,NZ,BranchLength,HarvestedStalkC,HarvestedStalkRsrvC)",False,True,1,2,
plantdisturbsmod::cutbranchreprodorgans@f90src/plant_bgc/plantdisturbsmod.f90:1244,cutbranchreprodorgans,plantdisturbsmod::cutbranchreprodorgans,subroutine,plantdisturbsmod,Plant_bgc,f90src/Plant_bgc/PlantDisturbsMod.F90,/Users/jinyuntang/work/github/ecosim_workspace/main/f90src/Plant_bgc/PlantDisturbsMod.F90,1244,1364,"subroutine CutBranchReprodOrgans(I,J,NB,NZ,BranchLength,HarvestedShethC,HarvestedGrainC,HarvestedEarC)",False,True,1,2,
plantdisturbsmod::cutbranchnonstructural@f90src/plant_bgc/plantdisturbsmod.f90:1367,cutbranchnonstructural,plantdisturbsmod::cutbranchnonstructural,subroutine,plantdisturbsmod,Plant_bgc,f90src/Plant_bgc/PlantDisturbsMod.F90,/Users/jinyuntang/work/github/ecosim_workspace/main/f90src/Plant_bgc/PlantDisturbsMod.F90,1367,1484,"subroutine CutBranchNonstructural(I,J,NB,NZ,LeafCafCut_brch,PetolShethCAfHvst_brch,LeafCB4Cut_brch, PetolShethCB4Hvst_brch,GrazedCanopyNonstC,GrazedCanopyNoduleC)",False,True,1,2,
plantdisturbsmod::cutbranchsheathpetole@f90src/plant_bgc/plantdisturbsmod.f90:1487,cutbranchsheathpetole,plantdisturbsmod::cutbranchsheathpetole,subroutine,plantdisturbsmod,Plant_bgc,f90src/Plant_bgc/PlantDisturbsMod.F90,/Users/jinyuntang/work/github/ecosim_workspace/main/f90src/Plant_bgc/PlantDisturbsMod.F90,1487,1624,"subroutine CutBranchSheathPetole(yearIJ,NB,NZ,HarvestedPetoleC,FracIntnodeNotHvsted, FracNodeNotHvsted,BranchLength,PetolShethCAfHvst_brch,PetolShethCB4Hvst_brch)",False,True,1,1,
plantdisturbsmod::harvestcanopy@f90src/plant_bgc/plantdisturbsmod.f90:1627,harvestcanopy,plantdisturbsmod::harvestcanopy,subroutine,plantdisturbsmod,Plant_bgc,f90src/Plant_bgc/PlantDisturbsMod.F90,/Users/jinyuntang/work/github/ecosim_workspace/main/f90src/Plant_bgc/PlantDisturbsMod.F90,1627,1781,"subroutine HarvestCanopy(yearIJ,NZ,HarvestedLeafC,LeafLayerC_brch)",False,True,1,2,
plantdisturbsmod::cutbranchleaves@f90src/plant_bgc/plantdisturbsmod.f90:1784,cutbranchleaves,plantdisturbsmod::cutbranchleaves,subroutine,plantdisturbsmod,Plant_bgc,f90src/Plant_bgc/PlantDisturbsMod.F90,/Users/jinyuntang/work/github/ecosim_workspace/main/f90src/Plant_bgc/PlantDisturbsMod.F90,1784,1896,"subroutine CutBranchLeaves(yearIJ,NB,NZ,LeafCafCut_brch,LeafCB4Cut_brch,FracIntnodeNotHvsted,FracNodeNotHvsted)",False,True,1,2,
plantdisturbsmod::cutplant@f90src/plant_bgc/plantdisturbsmod.f90:1899,cutplant,plantdisturbsmod::cutplant,subroutine,plantdisturbsmod,Plant_bgc,f90src/Plant_bgc/PlantDisturbsMod.F90,/Users/jinyuntang/work/github/ecosim_workspace/main/f90src/Plant_bgc/PlantDisturbsMod.F90,1899,2027,"subroutine CutPlant(yearIJ,NZ,HarvestedPetoleC,GrazedCanopyNonstC,GrazedCanopyNoduleC,HarvestedShethC, HarvestedGrainC,HarvestedEarC,HarvestedStalkRsrvC,HarvestedStalkC)",False,True,1,10,
plantdisturbsmod::harvstupdaterootstatel@f90src/plant_bgc/plantdisturbsmod.f90:2030,harvstupdaterootstatel,plantdisturbsmod::harvstupdaterootstatel,subroutine,plantdisturbsmod,Plant_bgc,f90src/Plant_bgc/PlantDisturbsMod.F90,/Users/jinyuntang/work/github/ecosim_workspace/main/f90src/Plant_bgc/PlantDisturbsMod.F90,2030,2149,"subroutine HarvstUpdateRootStateL(yearIJ,N,L,NZ,FracLeftThin,XHVST1)",False,True,1,3,
plantmathfuncmod::get_fdm@f90src/plant_bgc/plantmathfuncmod.f90:30,get_fdm,plantmathfuncmod::get_fdm,function,plantmathfuncmod,Plant_bgc,f90src/Plant_bgc/PlantMathFuncMod.F90,/Users/jinyuntang/work/github/ecosim_workspace/main/f90src/Plant_bgc/PlantMathFuncMod.F90,30,46,"function get_FDM(PSIOrgan,FDMP0)result(FDMP)",False,True,6,0,
plantmathfuncmod::update_osmo_turg_pressure@f90src/plant_bgc/plantmathfuncmod.f90:49,update_osmo_turg_pressure,plantmathfuncmod::update_osmo_turg_pressure,subroutine,plantmathfuncmod,Plant_bgc,f90src/Plant_bgc/PlantMathFuncMod.F90,/Users/jinyuntang/work/github/ecosim_workspace/main/f90src/Plant_bgc/PlantMathFuncMod.F90,49,72,"subroutine update_osmo_turg_pressure(PSIOrgan,CCPOLT,OSMO,TKP,PSIOsmo,PSITurg,FDMP1)",False,True,4,1,
plantmathfuncmod::get_zero_turg_ccpolt@f90src/plant_bgc/plantmathfuncmod.f90:75,get_zero_turg_ccpolt,plantmathfuncmod::get_zero_turg_ccpolt,function,plantmathfuncmod,Plant_bgc,f90src/Plant_bgc/PlantMathFuncMod.F90,/Users/jinyuntang/work/github/ecosim_workspace/main/f90src/Plant_bgc/PlantMathFuncMod.F90,75,90,"function get_zero_turg_ccpolt(PSIOrg,OSMO,TKP)result(CCPOLT)",False,False,0,1,
plantmathfuncmod::calc_seed_geometry@f90src/plant_bgc/plantmathfuncmod.f90:93,calc_seed_geometry,plantmathfuncmod::calc_seed_geometry,subroutine,plantmathfuncmod,Plant_bgc,f90src/Plant_bgc/PlantMathFuncMod.F90,/Users/jinyuntang/work/github/ecosim_workspace/main/f90src/Plant_bgc/PlantMathFuncMod.F90,93,113,"subroutine calc_seed_geometry(SeedCMass,rwidth2lenSeed,SeedVolumeMean,SeedLengthMean,SeedArea)",False,True,2,0,
plantmathfuncmod::calc_root_grow_tempf@f90src/plant_bgc/plantmathfuncmod.f90:115,calc_root_grow_tempf,plantmathfuncmod::calc_root_grow_tempf,function,plantmathfuncmod,Plant_bgc,f90src/Plant_bgc/PlantMathFuncMod.F90,/Users/jinyuntang/work/github/ecosim_workspace/main/f90src/Plant_bgc/PlantMathFuncMod.F90,115,129,pure function calc_root_grow_tempf(TKSO)result(fT_root),False,True,1,0,
plantmathfuncmod::calc_canopy_grow_tempf@f90src/plant_bgc/plantmathfuncmod.f90:131,calc_canopy_grow_tempf,plantmathfuncmod::calc_canopy_grow_tempf,function,plantmathfuncmod,Plant_bgc,f90src/Plant_bgc/PlantMathFuncMod.F90,/Users/jinyuntang/work/github/ecosim_workspace/main/f90src/Plant_bgc/PlantMathFuncMod.F90,131,145,pure function calc_canopy_grow_tempf(TKGO)result(fT_canp),False,True,1,0,
plantmathfuncmod::calc_leave_grow_tempf@f90src/plant_bgc/plantmathfuncmod.f90:148,calc_leave_grow_tempf,plantmathfuncmod::calc_leave_grow_tempf,function,plantmathfuncmod,Plant_bgc,f90src/Plant_bgc/PlantMathFuncMod.F90,/Users/jinyuntang/work/github/ecosim_workspace/main/f90src/Plant_bgc/PlantMathFuncMod.F90,148,160,pure function calc_leave_grow_tempf(TKCO)result(TFNP),False,True,1,0,
plantmathfuncmod::calc_plant_maint_tempf@f90src/plant_bgc/plantmathfuncmod.f90:163,calc_plant_maint_tempf,plantmathfuncmod::calc_plant_maint_tempf,function,plantmathfuncmod,Plant_bgc,f90src/Plant_bgc/PlantMathFuncMod.F90,/Users/jinyuntang/work/github/ecosim_workspace/main/f90src/Plant_bgc/PlantMathFuncMod.F90,163,174,pure function calc_plant_maint_tempf(TKCM)result(TFN5),False,True,1,0,
plantmathfuncmod::soluteuptakebyplantroots@f90src/plant_bgc/plantmathfuncmod.f90:177,soluteuptakebyplantroots,plantmathfuncmod::soluteuptakebyplantroots,subroutine,plantmathfuncmod,Plant_bgc,f90src/Plant_bgc/PlantMathFuncMod.F90,/Users/jinyuntang/work/github/ecosim_workspace/main/f90src/Plant_bgc/PlantMathFuncMod.F90,177,258,"subroutine SoluteUptakeByPlantRoots(PlantSoluteUptakeConfig, PltUptake_Ol, PltUptake_Sl, PltUptake_OSl, PltUptake_OSCl,ldebug)",False,True,4,0,
plantmathfuncmod::is_plant_woody_vascular@f90src/plant_bgc/plantmathfuncmod.f90:261,is_plant_woody_vascular,plantmathfuncmod::is_plant_woody_vascular,function,plantmathfuncmod,Plant_bgc,f90src/Plant_bgc/PlantMathFuncMod.F90,/Users/jinyuntang/work/github/ecosim_workspace/main/f90src/Plant_bgc/PlantMathFuncMod.F90,261,274,"pure function is_plant_woody_vascular(iPlantRootProfile_pft,iPlant2ndGrothPattern_pft)result(ans)",False,True,22,0,
plantmathfuncmod::is_root_bryophyte@f90src/plant_bgc/plantmathfuncmod.f90:278,is_root_bryophyte,plantmathfuncmod::is_root_bryophyte,function,plantmathfuncmod,Plant_bgc,f90src/Plant_bgc/PlantMathFuncMod.F90,/Users/jinyuntang/work/github/ecosim_workspace/main/f90src/Plant_bgc/PlantMathFuncMod.F90,278,290,pure function is_root_bryophyte(iPlantRootProfile_pft)result(ans),False,True,13,0,
plantmathfuncmod::is_root_n2fix@f90src/plant_bgc/plantmathfuncmod.f90:293,is_root_n2fix,plantmathfuncmod::is_root_n2fix,function,plantmathfuncmod,Plant_bgc,f90src/Plant_bgc/PlantMathFuncMod.F90,/Users/jinyuntang/work/github/ecosim_workspace/main/f90src/Plant_bgc/PlantMathFuncMod.F90,293,301,pure function is_root_N2fix(iPlantNfixType_pft)result(yesno),False,True,4,0,
plantmathfuncmod::is_canopy_n2fix@f90src/plant_bgc/plantmathfuncmod.f90:303,is_canopy_n2fix,plantmathfuncmod::is_canopy_n2fix,function,plantmathfuncmod,Plant_bgc,f90src/Plant_bgc/PlantMathFuncMod.F90,/Users/jinyuntang/work/github/ecosim_workspace/main/f90src/Plant_bgc/PlantMathFuncMod.F90,303,311,pure function is_canopy_N2fix(iPlantNfixType_pft)result(yesno),False,True,2,0,
plantmathfuncmod::is_plant_n2fix@f90src/plant_bgc/plantmathfuncmod.f90:313,is_plant_n2fix,plantmathfuncmod::is_plant_n2fix,function,plantmathfuncmod,Plant_bgc,f90src/Plant_bgc/PlantMathFuncMod.F90,/Users/jinyuntang/work/github/ecosim_workspace/main/f90src/Plant_bgc/PlantMathFuncMod.F90,313,321,pure function is_plant_N2fix(iPlantNfixType_pft)result(yesno),False,True,6,0,
plantmathfuncmod::frespwatsens@f90src/plant_bgc/plantmathfuncmod.f90:324,frespwatsens,plantmathfuncmod::frespwatsens,function,plantmathfuncmod,Plant_bgc,f90src/Plant_bgc/PlantMathFuncMod.F90,/Users/jinyuntang/work/github/ecosim_workspace/main/f90src/Plant_bgc/PlantMathFuncMod.F90,324,337,"pure function fRespWatSens(WFN,iPlantRootProfile)result(ans)",False,True,3,1,
plantmathfuncmod::exchfluxlimiter@f90src/plant_bgc/plantmathfuncmod.f90:341,exchfluxlimiter,plantmathfuncmod::exchfluxlimiter,subroutine,plantmathfuncmod,Plant_bgc,f90src/Plant_bgc/PlantMathFuncMod.F90,/Users/jinyuntang/work/github/ecosim_workspace/main/f90src/Plant_bgc/PlantMathFuncMod.F90,341,352,"subroutine ExchFluxLimiter(fromState,toState,XFRE)",False,True,12,0,
plantmathfuncmod::advect_remap_mass_loss@f90src/plant_bgc/plantmathfuncmod.f90:355,advect_remap_mass_loss,plantmathfuncmod::advect_remap_mass_loss,subroutine,plantmathfuncmod,Plant_bgc,f90src/Plant_bgc/PlantMathFuncMod.F90,/Users/jinyuntang/work/github/ecosim_workspace/main/f90src/Plant_bgc/PlantMathFuncMod.F90,355,517,"subroutine advect_remap_mass_loss(n, xr, c, ur, dt, c_new, xL, lost_mass)",False,True,1,4,
plantmathfuncmod::interp_linear_clamped@f90src/plant_bgc/plantmathfuncmod.f90:533,interp_linear_clamped,plantmathfuncmod::interp_linear_clamped,subroutine,plantmathfuncmod,Plant_bgc,f90src/Plant_bgc/PlantMathFuncMod.F90,/Users/jinyuntang/work/github/ecosim_workspace/main/f90src/Plant_bgc/PlantMathFuncMod.F90,533,563,"subroutine interp_linear_clamped(nx, x, y, nq, xq, yq, y_left, y_right)",False,True,1,2,
plantmathfuncmod::calcstomataresist4h2o@f90src/plant_bgc/plantmathfuncmod.f90:566,calcstomataresist4h2o,plantmathfuncmod::calcstomataresist4h2o,function,plantmathfuncmod,Plant_bgc,f90src/Plant_bgc/PlantMathFuncMod.F90,/Users/jinyuntang/work/github/ecosim_workspace/main/f90src/Plant_bgc/PlantMathFuncMod.F90,566,583,pure function CalcStomataResist4H2O(NZ)result(Stomata_Resist),False,True,3,0,
plantmathfuncmod::is_drought_deciduos@f90src/plant_bgc/plantmathfuncmod.f90:586,is_drought_deciduos,plantmathfuncmod::is_drought_deciduos,function,plantmathfuncmod,Plant_bgc,f90src/Plant_bgc/PlantMathFuncMod.F90,/Users/jinyuntang/work/github/ecosim_workspace/main/f90src/Plant_bgc/PlantMathFuncMod.F90,586,593,pure function is_drought_deciduos(iphenotype)result(ans),False,True,2,0,
plantmathfuncmod::is_cold_deciduos@f90src/plant_bgc/plantmathfuncmod.f90:595,is_cold_deciduos,plantmathfuncmod::is_cold_deciduos,function,plantmathfuncmod,Plant_bgc,f90src/Plant_bgc/PlantMathFuncMod.F90,/Users/jinyuntang/work/github/ecosim_workspace/main/f90src/Plant_bgc/PlantMathFuncMod.F90,595,601,pure function is_cold_deciduos(iphenotype)result(ans),False,True,6,0,
plantnonstelmdynmod::withinbranchelmtransfer@f90src/plant_bgc/plantnonstelmdynmod.f90:28,withinbranchelmtransfer,plantnonstelmdynmod::withinbranchelmtransfer,subroutine,plantnonstelmdynmod,Plant_bgc,f90src/Plant_bgc/PlantNonstElmDynMod.F90,/Users/jinyuntang/work/github/ecosim_workspace/main/f90src/Plant_bgc/PlantNonstElmDynMod.F90,28,168,"subroutine WithinBranchElmTransfer(I,J,NZ)",False,True,1,2,
plantnonstelmdynmod::rootmycononsttransfer@f90src/plant_bgc/plantnonstelmdynmod.f90:171,rootmycononsttransfer,plantnonstelmdynmod::rootmycononsttransfer,subroutine,plantnonstelmdynmod,Plant_bgc,f90src/Plant_bgc/PlantNonstElmDynMod.F90,/Users/jinyuntang/work/github/ecosim_workspace/main/f90src/Plant_bgc/PlantNonstElmDynMod.F90,171,250,"subroutine RootMycoNonstTransfer(I,J,NZ)",False,True,1,2,
plantnonstelmdynmod::seasonstorerootnonsttransfer@f90src/plant_bgc/plantnonstelmdynmod.f90:253,seasonstorerootnonsttransfer,plantnonstelmdynmod::seasonstorerootnonsttransfer,subroutine,plantnonstelmdynmod,Plant_bgc,f90src/Plant_bgc/PlantNonstElmDynMod.F90,/Users/jinyuntang/work/github/ecosim_workspace/main/f90src/Plant_bgc/PlantNonstElmDynMod.F90,253,310,"subroutine SeasonStoreRootNonstTransfer(I,J,NZ)",False,True,1,2,
plantnonstelmdynmod::shootrootelmtransfer@f90src/plant_bgc/plantnonstelmdynmod.f90:313,shootrootelmtransfer,plantnonstelmdynmod::shootrootelmtransfer,subroutine,plantnonstelmdynmod,Plant_bgc,f90src/Plant_bgc/PlantNonstElmDynMod.F90,/Users/jinyuntang/work/github/ecosim_workspace/main/f90src/Plant_bgc/PlantNonstElmDynMod.F90,313,584,"subroutine ShootRootElmTransfer(I,J,NZ,GrothPART2LeafPetole,RootSinkC_vr,RootSinkC)",False,True,1,2,
plantnonstelmdynmod::plantnonstelmtransfer@f90src/plant_bgc/plantnonstelmdynmod.f90:587,plantnonstelmtransfer,plantnonstelmdynmod::plantnonstelmtransfer,subroutine,plantnonstelmdynmod,Plant_bgc,f90src/Plant_bgc/PlantNonstElmDynMod.F90,/Users/jinyuntang/work/github/ecosim_workspace/main/f90src/Plant_bgc/PlantNonstElmDynMod.F90,587,632,"subroutine PlantNonstElmTransfer(I,J,NZ,GrothPART2LeafPetole,RootSinkC_vr,RootSinkC,BegRemoblize)",False,True,1,6,
plantnonstelmdynmod::seasonstoreshoottransfer@f90src/plant_bgc/plantnonstelmdynmod.f90:635,seasonstoreshoottransfer,plantnonstelmdynmod::seasonstoreshoottransfer,subroutine,plantnonstelmdynmod,Plant_bgc,f90src/Plant_bgc/PlantNonstElmDynMod.F90,/Users/jinyuntang/work/github/ecosim_workspace/main/f90src/Plant_bgc/PlantNonstElmDynMod.F90,635,711,"subroutine SeasonStoreShootTransfer(I,J,NB,NZ)",False,True,1,2,
plantnonstelmdynmod::stalkrsrvshootnonsttransfer@f90src/plant_bgc/plantnonstelmdynmod.f90:714,stalkrsrvshootnonsttransfer,plantnonstelmdynmod::stalkrsrvshootnonsttransfer,subroutine,plantnonstelmdynmod,Plant_bgc,f90src/Plant_bgc/PlantNonstElmDynMod.F90,/Users/jinyuntang/work/github/ecosim_workspace/main/f90src/Plant_bgc/PlantNonstElmDynMod.F90,714,756,"subroutine StalkRsrvShootNonstTransfer(I,J,NB,NZ)",False,True,1,3,
plantnonstelmdynmod::stalkrsrvrootnonsttransfer@f90src/plant_bgc/plantnonstelmdynmod.f90:759,stalkrsrvrootnonsttransfer,plantnonstelmdynmod::stalkrsrvrootnonsttransfer,subroutine,plantnonstelmdynmod,Plant_bgc,f90src/Plant_bgc/PlantNonstElmDynMod.F90,/Users/jinyuntang/work/github/ecosim_workspace/main/f90src/Plant_bgc/PlantNonstElmDynMod.F90,759,816,"subroutine StalkRsrvRootNonstTransfer(I,J,NB,NZ)",False,True,1,2,
plantnonstelmdynmod::sumreservebiomass@f90src/plant_bgc/plantnonstelmdynmod.f90:818,sumreservebiomass,plantnonstelmdynmod::sumreservebiomass,subroutine,plantnonstelmdynmod,Plant_bgc,f90src/Plant_bgc/PlantNonstElmDynMod.F90,/Users/jinyuntang/work/github/ecosim_workspace/main/f90src/Plant_bgc/PlantNonstElmDynMod.F90,818,855,"subroutine SumReserveBiomass(I,J,NZ,massE)",False,True,1,0,
plantnonstelmdynmod::repletelowseastorbyroot@f90src/plant_bgc/plantnonstelmdynmod.f90:858,repletelowseastorbyroot,plantnonstelmdynmod::repletelowseastorbyroot,subroutine,plantnonstelmdynmod,Plant_bgc,f90src/Plant_bgc/PlantNonstElmDynMod.F90,/Users/jinyuntang/work/github/ecosim_workspace/main/f90src/Plant_bgc/PlantNonstElmDynMod.F90,858,919,"subroutine RepleteLowSeaStorByRoot(I,J,N,L,NZ)",False,True,1,2,
plantnonstelmdynmod::repleteseastorebystalk@f90src/plant_bgc/plantnonstelmdynmod.f90:922,repleteseastorebystalk,plantnonstelmdynmod::repleteseastorebystalk,subroutine,plantnonstelmdynmod,Plant_bgc,f90src/Plant_bgc/PlantNonstElmDynMod.F90,/Users/jinyuntang/work/github/ecosim_workspace/main/f90src/Plant_bgc/PlantNonstElmDynMod.F90,922,992,"subroutine RepleteSeaStoreByStalk(I,J,NB,NZ)",False,True,1,2,
plantphenolmod::phenologyupdate@f90src/plant_bgc/plantphenolmod.f90:37,phenologyupdate,plantphenolmod::phenologyupdate,subroutine,plantphenolmod,Plant_bgc,f90src/Plant_bgc/PlantPhenolMod.F90,/Users/jinyuntang/work/github/ecosim_workspace/main/f90src/Plant_bgc/PlantPhenolMod.F90,37,97,subroutine PhenologyUpdate(yearIJ),False,True,1,7,
plantphenolmod::emerged_plant_phenology@f90src/plant_bgc/plantphenolmod.f90:100,emerged_plant_phenology,plantphenolmod::emerged_plant_phenology,subroutine,plantphenolmod,Plant_bgc,f90src/Plant_bgc/PlantPhenolMod.F90,/Users/jinyuntang/work/github/ecosim_workspace/main/f90src/Plant_bgc/PlantPhenolMod.F90,100,160,"subroutine Emerged_plant_Phenology(I,J,NZ)",False,True,1,4,
plantphenolmod::set_plant_flags@f90src/plant_bgc/plantphenolmod.f90:163,set_plant_flags,plantphenolmod::set_plant_flags,subroutine,plantphenolmod,Plant_bgc,f90src/Plant_bgc/PlantPhenolMod.F90,/Users/jinyuntang/work/github/ecosim_workspace/main/f90src/Plant_bgc/PlantPhenolMod.F90,163,260,"subroutine set_plant_flags(I,J,NZ)",False,True,1,2,
plantphenolmod::root_shoot_branching@f90src/plant_bgc/plantphenolmod.f90:263,root_shoot_branching,plantphenolmod::root_shoot_branching,subroutine,plantphenolmod,Plant_bgc,f90src/Plant_bgc/PlantPhenolMod.F90,/Users/jinyuntang/work/github/ecosim_workspace/main/f90src/Plant_bgc/PlantPhenolMod.F90,263,378,"subroutine root_shoot_branching(I,J,NZ)",False,True,1,1,
plantphenolmod::findmainbranchnumber@f90src/plant_bgc/plantphenolmod.f90:381,findmainbranchnumber,plantphenolmod::findmainbranchnumber,subroutine,plantphenolmod,Plant_bgc,f90src/Plant_bgc/PlantPhenolMod.F90,/Users/jinyuntang/work/github/ecosim_workspace/main/f90src/Plant_bgc/PlantPhenolMod.F90,381,407,subroutine FindMainBranchNumber(NZ),False,True,1,1,
plantphenolmod::stageplantphenology@f90src/plant_bgc/plantphenolmod.f90:410,stageplantphenology,plantphenolmod::stageplantphenology,subroutine,plantphenolmod,Plant_bgc,f90src/Plant_bgc/PlantPhenolMod.F90,/Users/jinyuntang/work/github/ecosim_workspace/main/f90src/Plant_bgc/PlantPhenolMod.F90,410,508,"subroutine StagePlantPhenology(I,J,NZ)",False,True,1,1,
plantphenolmod::testplantemergence@f90src/plant_bgc/plantphenolmod.f90:511,testplantemergence,plantphenolmod::testplantemergence,subroutine,plantphenolmod,Plant_bgc,f90src/Plant_bgc/PlantPhenolMod.F90,/Users/jinyuntang/work/github/ecosim_workspace/main/f90src/Plant_bgc/PlantPhenolMod.F90,511,555,"subroutine TestPlantEmergence(I,J,NZ)",False,True,1,1,
plantphenolmod::branch_specific_phenology@f90src/plant_bgc/plantphenolmod.f90:558,branch_specific_phenology,plantphenolmod::branch_specific_phenology,subroutine,plantphenolmod,Plant_bgc,f90src/Plant_bgc/PlantPhenolMod.F90,/Users/jinyuntang/work/github/ecosim_workspace/main/f90src/Plant_bgc/PlantPhenolMod.F90,558,673,"subroutine branch_specific_phenology(I,J,NB,NZ)",False,True,1,4,
plantphenolmod::colddroughtdeciduphenology@f90src/plant_bgc/plantphenolmod.f90:676,colddroughtdeciduphenology,plantphenolmod::colddroughtdeciduphenology,subroutine,plantphenolmod,Plant_bgc,f90src/Plant_bgc/PlantPhenolMod.F90,/Users/jinyuntang/work/github/ecosim_workspace/main/f90src/Plant_bgc/PlantPhenolMod.F90,676,759,"subroutine ColdDroughtDeciduPhenology(I,J,NB,NZ)",False,True,1,1,
plantphenolmod::cropevergreenphenology@f90src/plant_bgc/plantphenolmod.f90:762,cropevergreenphenology,plantphenolmod::cropevergreenphenology,subroutine,plantphenolmod,Plant_bgc,f90src/Plant_bgc/PlantPhenolMod.F90,/Users/jinyuntang/work/github/ecosim_workspace/main/f90src/Plant_bgc/PlantPhenolMod.F90,762,815,"subroutine CropEvergreenPhenology(I,J,NB,NZ)",False,True,1,1,
plantphenolmod::colddeciduousbranchphenology@f90src/plant_bgc/plantphenolmod.f90:818,colddeciduousbranchphenology,plantphenolmod::colddeciduousbranchphenology,subroutine,plantphenolmod,Plant_bgc,f90src/Plant_bgc/PlantPhenolMod.F90,/Users/jinyuntang/work/github/ecosim_workspace/main/f90src/Plant_bgc/PlantPhenolMod.F90,818,901,"subroutine ColdDeciduousBranchPhenology(I,J,NB,NZ)",False,True,1,1,
plantphenolmod::live_branch_phenology@f90src/plant_bgc/plantphenolmod.f90:904,live_branch_phenology,plantphenolmod::live_branch_phenology,subroutine,plantphenolmod,Plant_bgc,f90src/Plant_bgc/PlantPhenolMod.F90,/Users/jinyuntang/work/github/ecosim_workspace/main/f90src/Plant_bgc/PlantPhenolMod.F90,904,1021,"subroutine live_branch_phenology(I,J,NB,NZ,TFNP,WFNG,OFNG)",False,True,1,9,
plantphenolmod::calcphenolenvfactor@f90src/plant_bgc/plantphenolmod.f90:1023,calcphenolenvfactor,plantphenolmod::calcphenolenvfactor,subroutine,plantphenolmod,Plant_bgc,f90src/Plant_bgc/PlantPhenolMod.F90,/Users/jinyuntang/work/github/ecosim_workspace/main/f90src/Plant_bgc/PlantPhenolMod.F90,1023,1058,"subroutine CalcPhenolEnvfactor(I,J,NZ,TFNP,WFNG,OFNG)",False,True,1,2,
plantphenolmod::updatebranchnodenumber@f90src/plant_bgc/plantphenolmod.f90:1061,updatebranchnodenumber,plantphenolmod::updatebranchnodenumber,subroutine,plantphenolmod,Plant_bgc,f90src/Plant_bgc/PlantPhenolMod.F90,/Users/jinyuntang/work/github/ecosim_workspace/main/f90src/Plant_bgc/PlantPhenolMod.F90,1061,1150,"subroutine UpdateBranchNodeNumber(I,J,NB,NZ,TFNP,WFNG,OFNG)",False,True,1,1,
plantphenolmod::checkbranchnodestate@f90src/plant_bgc/plantphenolmod.f90:1153,checkbranchnodestate,plantphenolmod::checkbranchnodestate,function,plantphenolmod,Plant_bgc,f90src/Plant_bgc/PlantPhenolMod.F90,/Users/jinyuntang/work/github/ecosim_workspace/main/f90src/Plant_bgc/PlantPhenolMod.F90,1153,1207,"function CheckBranchNodeState(ipltcal,NB,NZ,I,J)result(NodeNumChk)",False,True,7,1,
plantphenolmod::beginbranchseedfill@f90src/plant_bgc/plantphenolmod.f90:1210,beginbranchseedfill,plantphenolmod::beginbranchseedfill,subroutine,plantphenolmod,Plant_bgc,f90src/Plant_bgc/PlantPhenolMod.F90,/Users/jinyuntang/work/github/ecosim_workspace/main/f90src/Plant_bgc/PlantPhenolMod.F90,1210,1244,"subroutine BeginBranchSeedFill(I,J,NB,NZ,DayLensShortenChk)",False,True,1,3,
plantphenolmod::branchanthesis@f90src/plant_bgc/plantphenolmod.f90:1247,branchanthesis,plantphenolmod::branchanthesis,subroutine,plantphenolmod,Plant_bgc,f90src/Plant_bgc/PlantPhenolMod.F90,/Users/jinyuntang/work/github/ecosim_workspace/main/f90src/Plant_bgc/PlantPhenolMod.F90,1247,1295,"subroutine BranchAnthesis(I,J,NB,NZ,DayLensShortenChk)",False,True,1,3,
plantphenolmod::branchflowerheading@f90src/plant_bgc/plantphenolmod.f90:1298,branchflowerheading,plantphenolmod::branchflowerheading,subroutine,plantphenolmod,Plant_bgc,f90src/Plant_bgc/PlantPhenolMod.F90,/Users/jinyuntang/work/github/ecosim_workspace/main/f90src/Plant_bgc/PlantPhenolMod.F90,1298,1342,"subroutine BranchFlowerHeading(I,J,NB,NZ,DayLensShortenChk)",False,True,1,3,
plantphenolmod::branchstemelongation@f90src/plant_bgc/plantphenolmod.f90:1345,branchstemelongation,plantphenolmod::branchstemelongation,subroutine,plantphenolmod,Plant_bgc,f90src/Plant_bgc/PlantPhenolMod.F90,/Users/jinyuntang/work/github/ecosim_workspace/main/f90src/Plant_bgc/PlantPhenolMod.F90,1345,1393,"subroutine BranchStemElongation(I,J,NB,NZ,DayLensShortenChk)",False,True,1,3,
plantphenolmod::branchstemjointing@f90src/plant_bgc/plantphenolmod.f90:1396,branchstemjointing,plantphenolmod::branchstemjointing,subroutine,plantphenolmod,Plant_bgc,f90src/Plant_bgc/PlantPhenolMod.F90,/Users/jinyuntang/work/github/ecosim_workspace/main/f90src/Plant_bgc/PlantPhenolMod.F90,1396,1432,"subroutine BranchStemJointing(I,J,NB,NZ,DayLensShortenChk)",False,True,1,3,
plantphenolmod::initiatebranchfloral@f90src/plant_bgc/plantphenolmod.f90:1435,initiatebranchfloral,plantphenolmod::initiatebranchfloral,subroutine,plantphenolmod,Plant_bgc,f90src/Plant_bgc/PlantPhenolMod.F90,/Users/jinyuntang/work/github/ecosim_workspace/main/f90src/Plant_bgc/PlantPhenolMod.F90,1435,1520,"subroutine InitiateBranchFloral(I,J,NB,NZ,DayLensShortenChk)",False,True,1,3,
radiationdatamod::initradiationdata@f90src/plant_bgc/radiationdatamod.f90:31,initradiationdata,radiationdatamod::initradiationdata,subroutine,radiationdatamod,Plant_bgc,f90src/Plant_bgc/RadiationDataMod.F90,/Users/jinyuntang/work/github/ecosim_workspace/main/f90src/Plant_bgc/RadiationDataMod.F90,31,55,subroutine InitRadiationData,False,True,1,0,
radiationdatamod::destroyradiationdata@f90src/plant_bgc/radiationdatamod.f90:57,destroyradiationdata,radiationdatamod::destroyradiationdata,subroutine,radiationdatamod,Plant_bgc,f90src/Plant_bgc/RadiationDataMod.F90,/Users/jinyuntang/work/github/ecosim_workspace/main/f90src/Plant_bgc/RadiationDataMod.F90,57,83,subroutine DestroyRadiationData,False,True,1,1,
rootgasmod::rootsoilgasexchange@f90src/plant_bgc/rootgasmod.f90:20,rootsoilgasexchange,rootgasmod::rootsoilgasexchange,subroutine,rootgasmod,Plant_bgc,f90src/Plant_bgc/RootGasMod.F90,/Users/jinyuntang/work/github/ecosim_workspace/main/f90src/Plant_bgc/RootGasMod.F90,20,649,"subroutine RootSoilGasExchange(I,J,N,L,NZ,FineRootRadius,FracPRoot4Uptake,FracSoiLayByPrimRoot_pvr, RootEffLen4Absorption_pvr,dtPerPlantRootH2OUptake,FOXYX,trc_gasml_loc,trc_solml_loc,PopPlantO2Uptake_vr)",False,True,1,3,
rootmod::rootbgcmodel@f90src/plant_bgc/rootmod.f90:24,rootbgcmodel,rootmod::rootbgcmodel,subroutine,rootmod,Plant_bgc,f90src/Plant_bgc/RootMod.F90,/Users/jinyuntang/work/github/ecosim_workspace/main/f90src/Plant_bgc/RootMod.F90,24,133,"subroutine RootBGCModel(yearIJ,NZ,TFN6_vr,CNRTW,CPRTW,RootSinkC_vr,RootSinkC)",False,True,1,4,
rootmod::rootbiochemistry@f90src/plant_bgc/rootmod.f90:136,rootbiochemistry,rootmod::rootbiochemistry,subroutine,rootmod,Plant_bgc,f90src/Plant_bgc/RootMod.F90,/Users/jinyuntang/work/github/ecosim_workspace/main/f90src/Plant_bgc/RootMod.F90,136,243,"subroutine RootBiochemistry(yearIJ,NZ,TFN6_vr,CNRTW,CPRTW,RootSinkC_vr,Root1stSink_pvr,Root2ndSink_pvr,Root1stSinkTip,RootSinkC)",False,True,1,7,
rootmod::diagrootgeometry@f90src/plant_bgc/rootmod.f90:246,diagrootgeometry,rootmod::diagrootgeometry,subroutine,rootmod,Plant_bgc,f90src/Plant_bgc/RootMod.F90,/Users/jinyuntang/work/github/ecosim_workspace/main/f90src/Plant_bgc/RootMod.F90,246,448,"subroutine DiagRootGeometry(I,J,N,L,NZ,TotRoot2ndPopuC,TotPopuRoot2ndLlenAxes)",False,True,1,2,
rootmod::grow2ndrootaxes@f90src/plant_bgc/rootmod.f90:450,grow2ndrootaxes,rootmod::grow2ndrootaxes,subroutine,rootmod,Plant_bgc,f90src/Plant_bgc/RootMod.F90,/Users/jinyuntang/work/github/ecosim_workspace/main/f90src/Plant_bgc/RootMod.F90,450,740,"subroutine Grow2ndRootAxes(I,J,L,NZ,N,NR,Nutstress4GrossResp,CNRTW,CPRTW,fdLext2nd, RespElongWatSens,DMRespEff,fRootGrowPSISense,TFN6_vr,RootSinkC_vr,Root2ndSink_pvr, litrflx2,RCO2flx2,Root2ndStrutRemob)",False,True,1,4,
rootmod::diagsenes2ndrootaxes@f90src/plant_bgc/rootmod.f90:743,diagsenes2ndrootaxes,rootmod::diagsenes2ndrootaxes,subroutine,rootmod,Plant_bgc,f90src/Plant_bgc/RootMod.F90,/Users/jinyuntang/work/github/ecosim_workspace/main/f90src/Plant_bgc/RootMod.F90,743,909,"subroutine DiagSenes2ndRootAxes(I,J,N,NR,L,NZ,RPotCO2Groth2nd_OUltd,RPotCO2Groth2nd_Oltd,Root2ndPopExtenz, Root2ndNetGrowthElms,litrflx2,RCO2MaintDef2ndStruct_OUltd,RCO2MaintDef2ndStruct_Oltd)",False,True,1,2,
rootmod::growrootmycoaxes@f90src/plant_bgc/rootmod.f90:911,growrootmycoaxes,rootmod::growrootmycoaxes,subroutine,rootmod,Plant_bgc,f90src/Plant_bgc/RootMod.F90,/Users/jinyuntang/work/github/ecosim_workspace/main/f90src/Plant_bgc/RootMod.F90,911,1090,"subroutine GrowRootMycoAxes(yearIJ,N,L,Lnext,NZ,FoundRootAxesTip,Root1stTipUpdateFlag,TFN6_vr, RootSinkC_vr,Root1stSink_pvr,Root2ndSink_pvr,Root1stSinkTip,CNRTW,CPRTW,fRootGrowPSISense, TotPopuRoot2ndLlenAxes,TotRoot2ndPopuC,litrflx,RCO2flx)",False,True,1,6,
rootmod::getplantroot1stdepz@f90src/plant_bgc/rootmod.f90:1092,getplantroot1stdepz,rootmod::getplantroot1stdepz,subroutine,rootmod,Plant_bgc,f90src/Plant_bgc/RootMod.F90,/Users/jinyuntang/work/github/ecosim_workspace/main/f90src/Plant_bgc/RootMod.F90,1092,1130,"subroutine GetPlantRoot1stDepz(I,J,NZ)",False,True,1,1,
rootmod::growrootelongzone@f90src/plant_bgc/rootmod.f90:1133,growrootelongzone,rootmod::growrootelongzone,subroutine,rootmod,Plant_bgc,f90src/Plant_bgc/RootMod.F90,/Users/jinyuntang/work/github/ecosim_workspace/main/f90src/Plant_bgc/RootMod.F90,1133,1502,"subroutine GrowRootElongZone(yearIJ,N,NR,L,Lnext,NZ,Nutstress4GrossResp,Root1stSinkTip,RootSinkC_vr, fRootGrowPSISense,TFN6_vr,fdLext1st_mech,RespElongWatSens,DMRespEff,CNRTW,CPRTW, litrflxt,RCO2flxt,Root1stExtenzPP)",False,True,1,6,
rootmod::grow1strootaxes@f90src/plant_bgc/rootmod.f90:1505,grow1strootaxes,rootmod::grow1strootaxes,subroutine,rootmod,Plant_bgc,f90src/Plant_bgc/RootMod.F90,/Users/jinyuntang/work/github/ecosim_workspace/main/f90src/Plant_bgc/RootMod.F90,1505,1678,"subroutine Grow1stRootAxes(yearIJ,N,NR,L,Lnext,NZ,Nutstress4GrossResp,Root1stSink_pvr,Root2ndSink_pvr, Root1stSinkTip,RootSinkC_vr,Root2ndStrutRemob,fRootGrowPSISense,TFN6_vr,fdLext1st,RespElongWatSens, DMRespEff,CNRTW,CPRTW,Root1stTipUpdateFlag,FoundRootAxesTip,litrflxt,RCO2flxt)",False,True,1,4,
rootmod::secondarygrowthzone@f90src/plant_bgc/rootmod.f90:1681,secondarygrowthzone,rootmod::secondarygrowthzone,subroutine,rootmod,Plant_bgc,f90src/Plant_bgc/RootMod.F90,/Users/jinyuntang/work/github/ecosim_workspace/main/f90src/Plant_bgc/RootMod.F90,1681,2044,"subroutine SecondaryGrowthZone(yearIJ,N,NR,L,NZ,Nutstress4GrossResp,RootSinkC_vr,Root1stSink_pvr, fRootGrowPSISense,TFN6_vr,litrflxt,RCO2flxt,FoundRootTipLayer)",False,True,1,8,
rootmod::remobillignifcoarseroots@f90src/plant_bgc/rootmod.f90:2048,remobillignifcoarseroots,rootmod::remobillignifcoarseroots,subroutine,rootmod,Plant_bgc,f90src/Plant_bgc/RootMod.F90,/Users/jinyuntang/work/github/ecosim_workspace/main/f90src/Plant_bgc/RootMod.F90,2048,2186,"subroutine RemobilLignifCoarseRoots(L,NZ,NR,dRCO2MaintDef_OUltd,dRCO2MaintDef_Oltd,RCO2T1st_OUltd,RCO2T1st_Oltd,litrflxt)",False,True,1,2,
rootmod::stress4lignif@f90src/plant_bgc/rootmod.f90:2190,stress4lignif,rootmod::stress4lignif,function,rootmod,Plant_bgc,f90src/Plant_bgc/RootMod.F90,/Users/jinyuntang/work/github/ecosim_workspace/main/f90src/Plant_bgc/RootMod.F90,2190,2202,"function stress4lignif(NZ,RAutoRootO2Limter,Nutstress4GrossResp,fRootGrowPSISense)result(f)",False,True,1,0,
rootmod::killcoarseroots@f90src/plant_bgc/rootmod.f90:2206,killcoarseroots,rootmod::killcoarseroots,subroutine,rootmod,Plant_bgc,f90src/Plant_bgc/RootMod.F90,/Users/jinyuntang/work/github/ecosim_workspace/main/f90src/Plant_bgc/RootMod.F90,2206,2329,"subroutine KillCoarseRoots(L,NZ,NR,Root1stNetGrowthElms,litrflxt)",False,False,0,1,
rootmod::rootelongationwaterfunc@f90src/plant_bgc/rootmod.f90:2332,rootelongationwaterfunc,rootmod::rootelongationwaterfunc,subroutine,rootmod,Plant_bgc,f90src/Plant_bgc/RootMod.F90,/Users/jinyuntang/work/github/ecosim_workspace/main/f90src/Plant_bgc/RootMod.F90,2332,2378,"subroutine RootElongationWaterFunc(N,L,NZ,Lelonz,fdLext_mech,RespElongWatSens)",False,True,1,1,
rootmod::rootthickenwaterfunc@f90src/plant_bgc/rootmod.f90:2380,rootthickenwaterfunc,rootmod::rootthickenwaterfunc,subroutine,rootmod,Plant_bgc,f90src/Plant_bgc/RootMod.F90,/Users/jinyuntang/work/github/ecosim_workspace/main/f90src/Plant_bgc/RootMod.F90,2380,2406,"subroutine RootThickenWaterFunc(N,L,NZ,RootRadius,RespThickenWatSens,dR1stExp)",False,True,1,1,
rootmod::withdraw2ndroots@f90src/plant_bgc/rootmod.f90:2408,withdraw2ndroots,rootmod::withdraw2ndroots,subroutine,rootmod,Plant_bgc,f90src/Plant_bgc/RootMod.F90,/Users/jinyuntang/work/github/ecosim_workspace/main/f90src/Plant_bgc/RootMod.F90,2408,2528,"subroutine Withdraw2ndRoots(N,NZ,L,NR,RootNetGrowthElms,litrflxt)",False,True,2,1,
rootmod::remobprimeactroots@f90src/plant_bgc/rootmod.f90:2531,remobprimeactroots,rootmod::remobprimeactroots,subroutine,rootmod,Plant_bgc,f90src/Plant_bgc/RootMod.F90,/Users/jinyuntang/work/github/ecosim_workspace/main/f90src/Plant_bgc/RootMod.F90,2531,2804,"subroutine RemobPrimeActRoots(N,L,NZ,NR,RCO2PotGroth_Oltd,RCO2PotGroth_OUltd,Root1stcylc,RCO2T1st_OUltd, RCO2T1st_Oltd,Root1stNetGrowthElms,litrflxt,RootTipZone)",False,True,2,2,
rootmod::primerootsextension@f90src/plant_bgc/rootmod.f90:2807,primerootsextension,rootmod::primerootsextension,subroutine,rootmod,Plant_bgc,f90src/Plant_bgc/RootMod.F90,/Users/jinyuntang/work/github/ecosim_workspace/main/f90src/Plant_bgc/RootMod.F90,2807,2957,"subroutine PrimeRootsExtension(yearIJ,L,Lnext,N,NR,NZ,RootNetGrowthElms,Root1stExtenzPP)",False,True,1,2,
rootmod::primerootswithdraw@f90src/plant_bgc/rootmod.f90:2960,primerootswithdraw,rootmod::primerootswithdraw,subroutine,rootmod,Plant_bgc,f90src/Plant_bgc/RootMod.F90,/Users/jinyuntang/work/github/ecosim_workspace/main/f90src/Plant_bgc/RootMod.F90,2960,3134,"subroutine PrimeRootsWithdraw(L,NR,NZ,N,RootSinkC_vr,Root1stSink_pvr,Root2ndSink_pvr)",False,True,1,3,
rootmod::morphogen_signal@f90src/plant_bgc/rootmod.f90:3137,morphogen_signal,rootmod::morphogen_signal,function,rootmod,Plant_bgc,f90src/Plant_bgc/RootMod.F90,/Users/jinyuntang/work/github/ecosim_workspace/main/f90src/Plant_bgc/RootMod.F90,3137,3152,"function morphogen_signal(Abase, dist_scaled)result(A)",False,False,0,0,
rootmod::cytokinindynamics@f90src/plant_bgc/rootmod.f90:3154,cytokinindynamics,rootmod::cytokinindynamics,subroutine,rootmod,Plant_bgc,f90src/Plant_bgc/RootMod.F90,/Users/jinyuntang/work/github/ecosim_workspace/main/f90src/Plant_bgc/RootMod.F90,3154,3304,"subroutine CytoKininDynamics(I,J,NZ)",False,True,1,6,
rootmod::get_treexylemsecarea@f90src/plant_bgc/rootmod.f90:3307,get_treexylemsecarea,rootmod::get_treexylemsecarea,function,rootmod,Plant_bgc,f90src/Plant_bgc/RootMod.F90,/Users/jinyuntang/work/github/ecosim_workspace/main/f90src/Plant_bgc/RootMod.F90,3307,3326,"function get_TreeXylemSecArea(dmax,R)result(area)",False,True,1,0,
rootmod::getprimaryrootpholtranspresist@f90src/plant_bgc/rootmod.f90:3329,getprimaryrootpholtranspresist,rootmod::getprimaryrootpholtranspresist,subroutine,rootmod,Plant_bgc,f90src/Plant_bgc/RootMod.F90,/Users/jinyuntang/work/github/ecosim_workspace/main/f90src/Plant_bgc/RootMod.F90,3329,3388,"subroutine GetPrimaryRootPholTranspResist(yearIJ,NZ,RPholemResist_vr)",False,True,1,1,
rootmod::summarizerootsink@f90src/plant_bgc/rootmod.f90:3390,summarizerootsink,rootmod::summarizerootsink,subroutine,rootmod,Plant_bgc,f90src/Plant_bgc/RootMod.F90,/Users/jinyuntang/work/github/ecosim_workspace/main/f90src/Plant_bgc/RootMod.F90,3390,3723,"subroutine SummarizeRootSink(yearIJ,NZ,RootSinkC_vr,Root1stSink_pvr,Root2ndSink_pvr,Root1stSinkTip, RootSinkC)",False,True,1,5,
rootmod::calccum2ndrootprofile@f90src/plant_bgc/rootmod.f90:3725,calccum2ndrootprofile,rootmod::calccum2ndrootprofile,subroutine,rootmod,Plant_bgc,f90src/Plant_bgc/RootMod.F90,/Users/jinyuntang/work/github/ecosim_workspace/main/f90src/Plant_bgc/RootMod.F90,3725,3775,"subroutine CalcCum2ndRootProfile(yearIJ,NZ,CRootSinkProf)",False,False,0,1,
rootmod::rootcheck@f90src/plant_bgc/rootmod.f90:3777,rootcheck,rootmod::rootcheck,subroutine,rootmod,Plant_bgc,f90src/Plant_bgc/RootMod.F90,/Users/jinyuntang/work/github/ecosim_workspace/main/f90src/Plant_bgc/RootMod.F90,3777,3810,"subroutine RootCheck(I,J,NZ,info)",False,False,0,0,
rootmod::updaterootelongationzoneage@f90src/plant_bgc/rootmod.f90:3813,updaterootelongationzoneage,rootmod::updaterootelongationzoneage,subroutine,rootmod,Plant_bgc,f90src/Plant_bgc/RootMod.F90,/Users/jinyuntang/work/github/ecosim_workspace/main/f90src/Plant_bgc/RootMod.F90,3813,3941,"subroutine UpdateRootElongationZoneAge(I,J,NR,NZ,ElongateRate)",False,False,0,1,
rootmod::findmaturerootsegs@f90src/plant_bgc/rootmod.f90:3944,findmaturerootsegs,rootmod::findmaturerootsegs,subroutine,rootmod,Plant_bgc,f90src/Plant_bgc/RootMod.F90,/Users/jinyuntang/work/github/ecosim_workspace/main/f90src/Plant_bgc/RootMod.F90,3944,4036,"subroutine FindMatureRootSegs(I,J,NZ)",False,False,0,1,
rootmod::computesoilstress@f90src/plant_bgc/rootmod.f90:4038,computesoilstress,rootmod::computesoilstress,subroutine,rootmod,Plant_bgc,f90src/Plant_bgc/RootMod.F90,/Users/jinyuntang/work/github/ecosim_workspace/main/f90src/Plant_bgc/RootMod.F90,4038,4060,"subroutine ComputeSoilStress(I,J,Pstress_vr)",False,False,0,1,
stomatesmod::photosynsdiag@f90src/plant_bgc/stomatesmod.f90:23,photosynsdiag,stomatesmod::photosynsdiag,subroutine,stomatesmod,Plant_bgc,f90src/Plant_bgc/StomatesMod.F90,/Users/jinyuntang/work/github/ecosim_workspace/main/f90src/Plant_bgc/StomatesMod.F90,23,192,"subroutine PhotosynsDiag(I,J,NZ)",False,True,1,1,
stomatesmod::stomataldynamics@f90src/plant_bgc/stomatesmod.f90:194,stomataldynamics,stomatesmod::stomataldynamics,subroutine,stomatesmod,Plant_bgc,f90src/Plant_bgc/StomatesMod.F90,/Users/jinyuntang/work/github/ecosim_workspace/main/f90src/Plant_bgc/StomatesMod.F90,194,272,"subroutine StomatalDynamics(I,J,NZ)",False,True,2,4,
stomatesmod::c3fixco2@f90src/plant_bgc/stomatesmod.f90:275,c3fixco2,stomatesmod::c3fixco2,subroutine,stomatesmod,Plant_bgc,f90src/Plant_bgc/StomatesMod.F90,/Users/jinyuntang/work/github/ecosim_workspace/main/f90src/Plant_bgc/StomatesMod.F90,275,321,"subroutine C3FixCO2(LP,I,J,K,N,M,L,NB,NZ,PAR_zsec,Tau_rad,CH2O)",False,True,1,1,
stomatesmod::c3photosynscanopylayerl@f90src/plant_bgc/stomatesmod.f90:324,c3photosynscanopylayerl,stomatesmod::c3photosynscanopylayerl,subroutine,stomatesmod,Plant_bgc,f90src/Plant_bgc/StomatesMod.F90,/Users/jinyuntang/work/github/ecosim_workspace/main/f90src/Plant_bgc/StomatesMod.F90,324,365,"subroutine C3PhotosynsCanopyLayerL(I,J,L,K,NB,NZ,CH2O)",False,True,1,1,
stomatesmod::c3photosynthesis@f90src/plant_bgc/stomatesmod.f90:368,c3photosynthesis,stomatesmod::c3photosynthesis,subroutine,stomatesmod,Plant_bgc,f90src/Plant_bgc/StomatesMod.F90,/Users/jinyuntang/work/github/ecosim_workspace/main/f90src/Plant_bgc/StomatesMod.F90,368,473,"subroutine C3Photosynthesis(I,J,K,NB,NZ,CH2O,TFN_Carboxy,TFN_Oxygen,TFN_eTranspt,Km4RubOxy,ProteinCLeafAreaDensity)",False,True,1,2,
stomatesmod::c4photosynthesis@f90src/plant_bgc/stomatesmod.f90:476,c4photosynthesis,stomatesmod::c4photosynthesis,subroutine,stomatesmod,Plant_bgc,f90src/Plant_bgc/StomatesMod.F90,/Users/jinyuntang/work/github/ecosim_workspace/main/f90src/Plant_bgc/StomatesMod.F90,476,654,"subroutine C4Photosynthesis(I,J,K,NB,NZ,CH2O,TFN_Carboxy,TFN_Oxygen,TFN_eTranspt,Km4RubOxy,ProteinCLeafAreaDensity)",False,True,1,2,
stomatesmod::c4photosynscanopylayerl@f90src/plant_bgc/stomatesmod.f90:657,c4photosynscanopylayerl,stomatesmod::c4photosynscanopylayerl,subroutine,stomatesmod,Plant_bgc,f90src/Plant_bgc/StomatesMod.F90,/Users/jinyuntang/work/github/ecosim_workspace/main/f90src/Plant_bgc/StomatesMod.F90,657,699,"subroutine C4PhotosynsCanopyLayerL(I,J,L,K,NB,NZ,CH2O)",False,True,1,1,
stomatesmod::c4fixco2@f90src/plant_bgc/stomatesmod.f90:702,c4fixco2,stomatesmod::c4fixco2,subroutine,stomatesmod,Plant_bgc,f90src/Plant_bgc/StomatesMod.F90,/Users/jinyuntang/work/github/ecosim_workspace/main/f90src/Plant_bgc/StomatesMod.F90,702,746,"subroutine C4FixCO2(I,J,K,N,M,L,NB,NZ,PAR_zsec,TAU_rad,CH2O)",False,True,1,0,
stomatesmod::livebranchphotosynthesis@f90src/plant_bgc/stomatesmod.f90:749,livebranchphotosynthesis,stomatesmod::livebranchphotosynthesis,subroutine,stomatesmod,Plant_bgc,f90src/Plant_bgc/StomatesMod.F90,/Users/jinyuntang/work/github/ecosim_workspace/main/f90src/Plant_bgc/StomatesMod.F90,749,800,"subroutine LiveBranchPhotosynthesis(I,J,NB,NZ,CH2O,TFN_Carboxy,TFN_Oxygen,TFN_eTranspt,Km4RubOxy)",False,True,1,3,
stomatesmod::phenoactivebranch@f90src/plant_bgc/stomatesmod.f90:803,phenoactivebranch,stomatesmod::phenoactivebranch,subroutine,stomatesmod,Plant_bgc,f90src/Plant_bgc/StomatesMod.F90,/Users/jinyuntang/work/github/ecosim_workspace/main/f90src/Plant_bgc/StomatesMod.F90,803,887,"subroutine PhenoActiveBranch(I,J,NB,NZ,CH2O,TFN_Carboxy,TFN_Oxygen,TFN_eTranspt,Km4RubOxy)",False,True,1,2,
stomatesmod::prepphotosynthesis@f90src/plant_bgc/stomatesmod.f90:890,prepphotosynthesis,stomatesmod::prepphotosynthesis,subroutine,stomatesmod,Plant_bgc,f90src/Plant_bgc/StomatesMod.F90,/Users/jinyuntang/work/github/ecosim_workspace/main/f90src/Plant_bgc/StomatesMod.F90,890,972,"subroutine PrepPhotosynthesis(I,J,NZ,CH2O,TFN_Carboxy,TFN_Oxygen,TFN_eTranspt,Km4RubOxy)",False,True,1,0,
stomatesmod::photoactivepft@f90src/plant_bgc/stomatesmod.f90:975,photoactivepft,stomatesmod::photoactivepft,subroutine,stomatesmod,Plant_bgc,f90src/Plant_bgc/StomatesMod.F90,/Users/jinyuntang/work/github/ecosim_workspace/main/f90src/Plant_bgc/StomatesMod.F90,975,1061,"subroutine PhotoActivePFT(I,J,NZ)",False,True,1,3,
surfaceradiationmod::canopyconditionmodel@f90src/plant_bgc/surfaceradiationmod.f90:41,canopyconditionmodel,surfaceradiationmod::canopyconditionmodel,subroutine,surfaceradiationmod,Plant_bgc,f90src/Plant_bgc/SurfaceRadiationMod.F90,/Users/jinyuntang/work/github/ecosim_workspace/main/f90src/Plant_bgc/SurfaceRadiationMod.F90,41,69,"subroutine CanopyConditionModel(I,J,DepthSurfWatIce)",False,True,1,8,
surfaceradiationmod::calcboundarylayerproperties@f90src/plant_bgc/surfaceradiationmod.f90:73,calcboundarylayerproperties,surfaceradiationmod::calcboundarylayerproperties,subroutine,surfaceradiationmod,Plant_bgc,f90src/Plant_bgc/SurfaceRadiationMod.F90,/Users/jinyuntang/work/github/ecosim_workspace/main/f90src/Plant_bgc/SurfaceRadiationMod.F90,73,173,subroutine CalcBoundaryLayerProperties(DepthSurfWatIce),False,True,1,1,
surfaceradiationmod::derivecanopyheightprofile@f90src/plant_bgc/surfaceradiationmod.f90:176,derivecanopyheightprofile,surfaceradiationmod::derivecanopyheightprofile,subroutine,surfaceradiationmod,Plant_bgc,f90src/Plant_bgc/SurfaceRadiationMod.F90,/Users/jinyuntang/work/github/ecosim_workspace/main/f90src/Plant_bgc/SurfaceRadiationMod.F90,176,258,"subroutine DeriveCanopyHeightProfile(I,J,SurfAreaZsecDead_lpft)",False,True,1,2,
surfaceradiationmod::derivecanopyheightz@f90src/plant_bgc/surfaceradiationmod.f90:261,derivecanopyheightz,surfaceradiationmod::derivecanopyheightz,subroutine,surfaceradiationmod,Plant_bgc,f90src/Plant_bgc/SurfaceRadiationMod.F90,/Users/jinyuntang/work/github/ecosim_workspace/main/f90src/Plant_bgc/SurfaceRadiationMod.F90,261,325,"subroutine DeriveCanopyHeightZ(SLA_col, CanopyHeight_col,SLAProfileZ,CanopyHeightZ_col)",False,True,1,1,
surfaceradiationmod::summarizeleafstemareaprofile@f90src/plant_bgc/surfaceradiationmod.f90:327,summarizeleafstemareaprofile,surfaceradiationmod::summarizeleafstemareaprofile,subroutine,surfaceradiationmod,Plant_bgc,f90src/Plant_bgc/SurfaceRadiationMod.F90,/Users/jinyuntang/work/github/ecosim_workspace/main/f90src/Plant_bgc/SurfaceRadiationMod.F90,327,413,"subroutine SummarizeLeafStemAreaProfile(I,J,DepthSurfWatIce,LeafAreaZsecLive_lpft,StemAreaZsecLive_lpft)",False,True,1,1,
surfaceradiationmod::surfaceradiation@f90src/plant_bgc/surfaceradiationmod.f90:416,surfaceradiation,surfaceradiationmod::surfaceradiation,subroutine,surfaceradiationmod,Plant_bgc,f90src/Plant_bgc/SurfaceRadiationMod.F90,/Users/jinyuntang/work/github/ecosim_workspace/main/f90src/Plant_bgc/SurfaceRadiationMod.F90,416,573,"subroutine SurfaceRadiation(I,J,DepthSurfWatIce,LeafAreaZsecLive_lpft,StemAreaZsecLive_lpft,SurfAreaZsecDead_lpft)",False,True,1,3,
surfaceradiationmod::multicanopylayerradiation@f90src/plant_bgc/surfaceradiationmod.f90:576,multicanopylayerradiation,surfaceradiationmod::multicanopylayerradiation,subroutine,surfaceradiationmod,Plant_bgc,f90src/Plant_bgc/SurfaceRadiationMod.F90,/Users/jinyuntang/work/github/ecosim_workspace/main/f90src/Plant_bgc/SurfaceRadiationMod.F90,576,702,"subroutine MultiCanopyLayerRadiation(I,J,DepthSurfWatIce,LeafAreaZsecLive_lpft,StemAreaZsecLive_lpft,SurfAreaZsecDead_lpft, SolarAzimuthAngle,CosineSunInclAngle,cosGroundIncidentSolarAngle,RadSW2Ground)",False,True,1,5,
surfaceradiationmod::downwellsweep@f90src/plant_bgc/surfaceradiationmod.f90:705,downwellsweep,surfaceradiationmod::downwellsweep,subroutine,surfaceradiationmod,Plant_bgc,f90src/Plant_bgc/SurfaceRadiationMod.F90,/Users/jinyuntang/work/github/ecosim_workspace/main/f90src/Plant_bgc/SurfaceRadiationMod.F90,705,862,"subroutine DownwellSweep(DepthSurfWatIce,XAREA,YAREA,BETX, iScatteringDirect, LeafAreaZsecLive_lpft, StemAreaZsecLive_lpft, SurfAreaZsecDead_lpft, RadDirSW2Leaf_zsec,RadDirSW2Stem_zsec, RadDirSW2DStem_zsec,RadDirPAR2Leaf_zsec,RadDirPAR2Stem_zsec, RadDirPAR2DStem_zsec,RadSWDiffusL,RadPARDiffusL, TAU_RDiffusTransmitance,RadSWFwdScat2NextL,RadSWBakScat2NextL, RadPARFwdScat2NextL,RadPARBakScat2NextL)",False,True,1,3,
surfaceradiationmod::upwellsweep@f90src/plant_bgc/surfaceradiationmod.f90:866,upwellsweep,surfaceradiationmod::upwellsweep,subroutine,surfaceradiationmod,Plant_bgc,f90src/Plant_bgc/SurfaceRadiationMod.F90,/Users/jinyuntang/work/github/ecosim_workspace/main/f90src/Plant_bgc/SurfaceRadiationMod.F90,866,986,"subroutine UpwellSweep(YAREA,LeafAreaZsecLive_lpft,StemAreaZsecLive_lpft, SurfAreaZsecDead_lpft, TAU_RDiffusTransmitance,RadSWBakScat2NextL, RadPARBakScat2NextL,RadSWFwdScat2NextL,RadPARFwdScat2NextL)",False,True,1,1,
surfaceradiationmod::accumulateradation4canopyl@f90src/plant_bgc/surfaceradiationmod.f90:989,accumulateradation4canopyl,surfaceradiationmod::accumulateradation4canopyl,subroutine,surfaceradiationmod,Plant_bgc,f90src/Plant_bgc/SurfaceRadiationMod.F90,/Users/jinyuntang/work/github/ecosim_workspace/main/f90src/Plant_bgc/SurfaceRadiationMod.F90,989,1217,"subroutine AccumulateRadation4CanopyL(L,YAREA,RadDirPAR2Leaf_zsec, FractionDirRadAbsorbtCum,FractionDifRadAbsorbtCum,FractionDirRadAbsorbtL, FractionDifRadAbsorbtL,RadDirSWLeafLAbsorption_pft,RadDirPARLeafLAbsorption_pft, RadDirSWStemLAbsorption_pft,RadDirPARStemLAbsorption_pft,RadDirSWDStemLAbsorption_pft,RadDirPARDStemLAbsorption_pft, RadDifSWLeafAbsorption_pft,RadDifPARLeafAbsorption_pft,RadDifSWStemAbsorption_pft,RadDifPARStemAbsorption_pft, RadDifSWDStemAbsorption_pft,RadDifPARDStemAbsorption_pft, backScatDirSWLeafLAbsorpt_pft,FwdScatDirSWLeafLAbsorpt_pft,backScatDirSWStemLAbsorpt_pft,FwdScatDirSWStemLAbsorpt_pft, backScatDirSWDStemLAbsorpt_pft,FwdScatDirSWDStemLAbsorpt_pft, backScatDirPARLeafLAbsorpt_pft,FwdScatDirPARLeafLAbsorpt_pft,backScatDirPARStemLAbsorpt_pft,FwdScatDirPARStemLAbsorpt_pft, backScatDirPARDStemLAbsorpt_pft,FwdScatDirPARDStemLAbsorpt_pft, BackScatDifSWLeafLAbsorpt_pft,FwdScatDifSWLeafLAbsorpt_pft,BackScatDifSWStemLAbsorpt_pft,FwdScatDifSWStemLAbsorpt_pft, BackScatDifSWDStemLAbsorpt_pft,FwdScatDifSWDStemLAbsorpt_pft, BackScatDifPARLeafLAbsorpt_pft,FwdScatDifPARLeafLAbsorpt_pft,BackScatDifPARStemLAbsorpt_pft,FwdScatDifPARStemLAbsorpt_pft, BackScatDifPARDStemLAbsorpt_pft,FwdScatDifPARDStemLAbsorpt_pft, RadSWBakScat2NextL,RadPARBakScat2NextL,RadSWFwdScat2NextL,RadPARFwdScat2NextL, TAU_RDiffusTransmitance)",False,True,1,1,
surfaceradiationmod::radiationatground@f90src/plant_bgc/surfaceradiationmod.f90:1220,radiationatground,surfaceradiationmod::radiationatground,subroutine,surfaceradiationmod,Plant_bgc,f90src/Plant_bgc/SurfaceRadiationMod.F90,/Users/jinyuntang/work/github/ecosim_workspace/main/f90src/Plant_bgc/SurfaceRadiationMod.F90,1220,1315,"subroutine RadiationAtGround(cosGroundIncidentSolarAngle, RadSWDiffusL,RadPARDiffusL, TAU_DirectSunLit1,TAU_RDiffusTransmitance1, RadSWFwdScat2NextL1,RadPARFwdScat2NextL1                     , RadSWBakScat2NextL0,RadPARBakScat2NextL0,RadSW2Ground)",False,True,1,1,
surfaceradiationmod::downwellradiationcanopyzl@f90src/plant_bgc/surfaceradiationmod.f90:1317,downwellradiationcanopyzl,surfaceradiationmod::downwellradiationcanopyzl,subroutine,surfaceradiationmod,Plant_bgc,f90src/Plant_bgc/SurfaceRadiationMod.F90,/Users/jinyuntang/work/github/ecosim_workspace/main/f90src/Plant_bgc/SurfaceRadiationMod.F90,1317,1558,"subroutine DownwellRadiationCanopyZL(NZ,L,XAREA,YAREA,BETX,iScatteringDirect, LeafAreaZsecLive_lpft,StemAreaZsecLive_lpft,SurfAreaZsecDead_lpft, RadSWDiffusL,RadPARDiffusL,FractionDirRadAbsorbtL,FractionDifRadAbsorbtL, RadDirSW2Leaf_zsec,RadDirSW2Stem_zsec,RadDirSW2DStem_zsec, RadDirPAR2Leaf_zsec, RadDirPAR2Stem_zsec,RadDirPAR2DStem_zsec, RadDirSWLeafLAbsorption_pft,backScatDirSWLeafLAbsorpt_pft,FwdScatDirSWLeafLAbsorpt_pft, RadDirSWStemLAbsorption_pft,backScatDirSWStemLAbsorpt_pft,FwdScatDirSWStemLAbsorpt_pft, RadDirSWDStemLAbsorption_pft,backScatDirSWDStemLAbsorpt_pft,FwdScatDirSWDStemLAbsorpt_pft, RadDirPARLeafLAbsorption_pft,backScatDirPARLeafLAbsorpt_pft,FwdScatDirPARLeafLAbsorpt_pft, RadDirPARStemLAbsorption_pft,backScatDirPARStemLAbsorpt_pft,FwdScatDirPARStemLAbsorpt_pft, RadDirPARDStemLAbsorption_pft,backScatDirPARDStemLAbsorpt_pft,FwdScatDirPARDStemLAbsorpt_pft, RadDifSWLeafAbsorption_pft,BackScatDifSWLeafLAbsorpt_pft,FwdScatDifSWLeafLAbsorpt_pft, RadDifSWStemAbsorption_pft,BackScatDifSWStemLAbsorpt_pft,FwdScatDifSWStemLAbsorpt_pft, RadDifSWDStemAbsorption_pft,BackScatDifSWDStemLAbsorpt_pft,FwdScatDifSWDStemLAbsorpt_pft, RadDifPARLeafAbsorption_pft,BackScatDifPARLeafLAbsorpt_pft,FwdScatDifPARLeafLAbsorpt_pft, RadDifPARStemAbsorption_pft,BackScatDifPARStemLAbsorpt_pft,FwdScatDifPARStemLAbsorpt_pft, RadDifPARDStemAbsorption_pft,BackScatDifPARDStemLAbsorpt_pft,FwdScatDifPARDStemLAbsorpt_pft)",False,True,1,1,
surfaceradiationmod::updateopticalproperties@f90src/plant_bgc/surfaceradiationmod.f90:1561,updateopticalproperties,surfaceradiationmod::updateopticalproperties,subroutine,surfaceradiationmod,Plant_bgc,f90src/Plant_bgc/SurfaceRadiationMod.F90,/Users/jinyuntang/work/github/ecosim_workspace/main/f90src/Plant_bgc/SurfaceRadiationMod.F90,1561,1771,"subroutine UpdateOpticalProperties(I,J,LeafAreaZsecLive_lpft,StemAreaZsecLive_lpft,SurfAreaZsecDead_lpft)",False,True,1,1,
surfaceradiationmod::angulardistributeradiation@f90src/plant_bgc/surfaceradiationmod.f90:1774,angulardistributeradiation,surfaceradiationmod::angulardistributeradiation,subroutine,surfaceradiationmod,Plant_bgc,f90src/Plant_bgc/SurfaceRadiationMod.F90,/Users/jinyuntang/work/github/ecosim_workspace/main/f90src/Plant_bgc/SurfaceRadiationMod.F90,1774,1866,"subroutine AngularDistributeRadiation(SolarAzimuthAngle,CosineSunInclAngle,BETX,iScatteringDirect, RadDirSW2Leaf_zsec,RadDirSW2Stem_zsec,RadDirPAR2Leaf_zsec,RadDirPAR2Stem_zsec)",False,True,1,1,
uptakepars::inituptakepars@f90src/plant_bgc/uptakepars.f90:38,inituptakepars,uptakepars::inituptakepars,subroutine,uptakepars,Plant_bgc,f90src/Plant_bgc/UptakePars.F90,/Users/jinyuntang/work/github/ecosim_workspace/main/f90src/Plant_bgc/UptakePars.F90,38,59,subroutine InitUptakePars,False,True,1,0,
uptakesmod::inituptake@f90src/plant_bgc/uptakesmod.f90:32,inituptake,uptakesmod::inituptake,subroutine,uptakesmod,Plant_bgc,f90src/Plant_bgc/UptakesMod.F90,/Users/jinyuntang/work/github/ecosim_workspace/main/f90src/Plant_bgc/UptakesMod.F90,32,38,subroutine InitUptake,False,True,2,1,
uptakesmod::rootuptakes@f90src/plant_bgc/uptakesmod.f90:42,rootuptakes,uptakesmod::rootuptakes,subroutine,uptakesmod,Plant_bgc,f90src/Plant_bgc/UptakesMod.F90,/Users/jinyuntang/work/github/ecosim_workspace/main/f90src/Plant_bgc/UptakesMod.F90,42,222,subroutine RootUptakes(yearIJ),False,True,1,15,
uptakesmod::preph2onutrientuptake@f90src/plant_bgc/uptakesmod.f90:225,preph2onutrientuptake,uptakesmod::preph2onutrientuptake,subroutine,uptakesmod,Plant_bgc,f90src/Plant_bgc/UptakesMod.F90,/Users/jinyuntang/work/github/ecosim_workspace/main/f90src/Plant_bgc/UptakesMod.F90,225,298,"subroutine PrepH2ONutrientUptake(I,J,TotalSoilPSIMPa_vr,AllRootC_vr,AirMicPore4Fill_vr,WatAvail4Uptake_vr)",False,True,1,2,
uptakesmod::updatecanopyproperty@f90src/plant_bgc/uptakesmod.f90:301,updatecanopyproperty,uptakesmod::updatecanopyproperty,subroutine,uptakesmod,Plant_bgc,f90src/Plant_bgc/UptakesMod.F90,/Users/jinyuntang/work/github/ecosim_workspace/main/f90src/Plant_bgc/UptakesMod.F90,301,411,"subroutine UpdateCanopyProperty(I,J,NZ)",False,True,1,1,
uptakesmod::updaterootproperty@f90src/plant_bgc/uptakesmod.f90:414,updaterootproperty,uptakesmod::updaterootproperty,subroutine,uptakesmod,Plant_bgc,f90src/Plant_bgc/UptakesMod.F90,/Users/jinyuntang/work/github/ecosim_workspace/main/f90src/Plant_bgc/UptakesMod.F90,414,533,"subroutine UpdateRootProperty(yearIJ,NZ,RadialMeanLen_rvr,FineRootRadius_rvr,AllRootC_vr, FracPRoot4Uptake_pvr,FracMinRoot4Uptake_rpvr,FracSoilLBy1stRoots_pvr,RootEffLen4Absorption_pvr)",False,True,1,1,
uptakesmod::handlingdivergence@f90src/plant_bgc/uptakesmod.f90:536,handlingdivergence,uptakesmod::handlingdivergence,subroutine,uptakesmod,Plant_bgc,f90src/Plant_bgc/UptakesMod.F90,/Users/jinyuntang/work/github/ecosim_workspace/main/f90src/Plant_bgc/UptakesMod.F90,536,633,"subroutine HandlingDivergence(I,J,NN,NZ,TotalSoilPSIMPa_vr,DIFF,FDMP)",False,True,1,3,
uptakesmod::canopyenergyh2oiter_func@f90src/plant_bgc/uptakesmod.f90:636,canopyenergyh2oiter_func,uptakesmod::canopyenergyh2oiter_func,function,uptakesmod,Plant_bgc,f90src/Plant_bgc/UptakesMod.F90,/Users/jinyuntang/work/github/ecosim_workspace/main/f90src/Plant_bgc/UptakesMod.F90,636,1134,"function CanopyEnergyH2OIter_func(I,J,NZ,FracGridPFTCovered,CanopyMassC4H2OStorage,TotalSoilPSIMPa_vr, CdHeatCanopyAir,DIFF,cumPRootH2OUptake,CumPlantHeatLoss2Soil,HeatEvapSens,FDMP, SoilRootResist4H2O_pvr,FracPRoot4Uptake_pvr,AirMicPore4Fill_vr,WatAvail4Uptake_vr,TKCX,CdH2ORootxSoil, VHeatCapCanopyPrev_pft,PrecpHeatbyCanopy,PSIGravCanopyHeight,SoiLayerHasRoot_rvr) result(NN)",False,True,1,7,
uptakesmod::calcplanthydroresistance@f90src/plant_bgc/uptakesmod.f90:1137,calcplanthydroresistance,uptakesmod::calcplanthydroresistance,subroutine,uptakesmod,Plant_bgc,f90src/Plant_bgc/UptakesMod.F90,/Users/jinyuntang/work/github/ecosim_workspace/main/f90src/Plant_bgc/UptakesMod.F90,1137,1303,"subroutine CalcPlantHydroResistance(yearIJ,NZ,RadialMeanLen_rvr,FineRootRadius_rvr,RootEffLen4Absorption_pvr, SoilResist4H2O_rvr,SoilRootResist4H2O_pvr,CdH2ORootxSoil,PSIGravCanopyHeight,SoiLayerHasRoot_rvr)",False,True,1,1,
uptakesmod::handlebaresoil@f90src/plant_bgc/uptakesmod.f90:1306,handlebaresoil,uptakesmod::handlebaresoil,subroutine,uptakesmod,Plant_bgc,f90src/Plant_bgc/UptakesMod.F90,/Users/jinyuntang/work/github/ecosim_workspace/main/f90src/Plant_bgc/UptakesMod.F90,1306,1417,"subroutine HandleBareSoil(NZ,TotalSoilPSIMPa_vr,FDMP)",False,True,1,3,
uptakesmod::updateplantwatervars@f90src/plant_bgc/uptakesmod.f90:1420,updateplantwatervars,uptakesmod::updateplantwatervars,subroutine,uptakesmod,Plant_bgc,f90src/Plant_bgc/UptakesMod.F90,/Users/jinyuntang/work/github/ecosim_workspace/main/f90src/Plant_bgc/UptakesMod.F90,1420,1524,"subroutine UpdatePlantWaterVars(NZ,CdHeatCanopyAir,CanopyMassC4H2OStorage,TotalSoilPSIMPa_vr,SoilResist4H2O_rvr,SoilRootResist4H2O_pvr, TKCX,VHeatCapCanopyPrev_pft,PrecpHeatbyCanopy,cumPRootH2OUptake,CumPlantHeatLoss2Soil,HeatEvapSens,SoiLayerHasRoot_rvr)",False,True,1,3,
uptakesmod::setcanopygrowthfuncs@f90src/plant_bgc/uptakesmod.f90:1527,setcanopygrowthfuncs,uptakesmod::setcanopygrowthfuncs,subroutine,uptakesmod,Plant_bgc,f90src/Plant_bgc/UptakesMod.F90,/Users/jinyuntang/work/github/ecosim_workspace/main/f90src/Plant_bgc/UptakesMod.F90,1527,1603,"subroutine SetCanopyGrowthFuncs(I,J,NZ)",False,True,1,5,
prescribephenolmod::getrootprofile@f90src/prescribed_pheno/prescribephenolmod.f90:53,getrootprofile,prescribephenolmod::getrootprofile,subroutine,prescribephenolmod,Prescribed_pheno,f90src/Prescribed_pheno/PrescribePhenolMod.F90,/Users/jinyuntang/work/github/ecosim_workspace/main/f90src/Prescribed_pheno/PrescribePhenolMod.F90,53,71,"subroutine GetRootProfile(ra,rb,NL,ZH,RootProfl)",False,False,0,0,
prescribephenolmod::get_lai_profile@f90src/prescribed_pheno/prescribephenolmod.f90:75,get_lai_profile,prescribephenolmod::get_lai_profile,subroutine,prescribephenolmod,Prescribed_pheno,f90src/Prescribed_pheno/PrescribePhenolMod.F90,/Users/jinyuntang/work/github/ecosim_workspace/main/f90src/Prescribed_pheno/PrescribePhenolMod.F90,75,83,"subroutine get_LAI_profile(zc,NZ)",False,False,0,0,
prescribephenolmod::get_stemarea_profile@f90src/prescribed_pheno/prescribephenolmod.f90:87,get_stemarea_profile,prescribephenolmod::get_stemarea_profile,subroutine,prescribephenolmod,Prescribed_pheno,f90src/Prescribed_pheno/PrescribePhenolMod.F90,/Users/jinyuntang/work/github/ecosim_workspace/main/f90src/Prescribed_pheno/PrescribePhenolMod.F90,87,96,subroutine get_StemArea_profile(NZ),False,False,0,0,
prescribephenolmod::treestem_diameter_tapereq@f90src/prescribed_pheno/prescribephenolmod.f90:100,treestem_diameter_tapereq,prescribephenolmod::treestem_diameter_tapereq,function,prescribephenolmod,Prescribed_pheno,f90src/Prescribed_pheno/PrescribePhenolMod.F90,/Users/jinyuntang/work/github/ecosim_workspace/main/f90src/Prescribed_pheno/PrescribePhenolMod.F90,100,127,"function TreeStem_diameter_taperEq(h,p_stump_rate,p_stemp_rate,top_ht_rate,h_dbh,dbh,h_cb,h_top)result(d)",False,False,0,0,
prescribephenolmod::setcanopyprofile@f90src/prescribed_pheno/prescribephenolmod.f90:130,setcanopyprofile,prescribephenolmod::setcanopyprofile,subroutine,prescribephenolmod,Prescribed_pheno,f90src/Prescribed_pheno/PrescribePhenolMod.F90,/Users/jinyuntang/work/github/ecosim_workspace/main/f90src/Prescribed_pheno/PrescribePhenolMod.F90,130,180,"subroutine SetCanopyProfile(I,J,LeafAreaZsecLive_lpft,StemAreaZsecLive_lpft)",False,True,1,0,
prescribephenolmod::prescribephenologyinterp@f90src/prescribed_pheno/prescribephenolmod.f90:183,prescribephenologyinterp,prescribephenolmod::prescribephenologyinterp,subroutine,prescribephenolmod,Prescribed_pheno,f90src/Prescribed_pheno/PrescribePhenolMod.F90,/Users/jinyuntang/work/github/ecosim_workspace/main/f90src/Prescribed_pheno/PrescribePhenolMod.F90,183,318,"subroutine PrescribePhenologyInterp(I, NHW, NHE, NVN, NVS)",False,True,2,1,
prescribephenolmod::setrootprofilez@f90src/prescribed_pheno/prescribephenolmod.f90:320,setrootprofilez,prescribephenolmod::setrootprofilez,subroutine,prescribephenolmod,Prescribed_pheno,f90src/Prescribed_pheno/PrescribePhenolMod.F90,/Users/jinyuntang/work/github/ecosim_workspace/main/f90src/Prescribed_pheno/PrescribePhenolMod.F90,320,363,"subroutine SetRootProfileZ(irootType,NL,tmp_cdepthz,tmp_rootc,tmp_rootl)",False,True,1,0,
initnosalttransportmod::inittranspnosaltmodel@f90src/transport/nonsalt/initnosalttransportmod.f90:43,inittranspnosaltmodel,initnosalttransportmod::inittranspnosaltmodel,subroutine,initnosalttransportmod,Transport,f90src/Transport/Nonsalt/InitNoSaltTransportMod.F90,/Users/jinyuntang/work/github/ecosim_workspace/main/f90src/Transport/Nonsalt/InitNoSaltTransportMod.F90,43,63,"subroutine InitTranspNoSaltModel(I,J,NHW,NHE,NVN,NVS)",False,True,1,6,
initnosalttransportmod::zerotracerfluxes@f90src/transport/nonsalt/initnosalttransportmod.f90:67,zerotracerfluxes,initnosalttransportmod::zerotracerfluxes,subroutine,initnosalttransportmod,Transport,f90src/Transport/Nonsalt/InitNoSaltTransportMod.F90,/Users/jinyuntang/work/github/ecosim_workspace/main/f90src/Transport/Nonsalt/InitNoSaltTransportMod.F90,67,86,"subroutine ZeroTracerFluxes(I,J,NHW,NHE,NVN,NVS)",False,True,1,0,
initnosalttransportmod::solutewetdeposition@f90src/transport/nonsalt/initnosalttransportmod.f90:89,solutewetdeposition,initnosalttransportmod::solutewetdeposition,subroutine,initnosalttransportmod,Transport,f90src/Transport/Nonsalt/InitNoSaltTransportMod.F90,/Users/jinyuntang/work/github/ecosim_workspace/main/f90src/Transport/Nonsalt/InitNoSaltTransportMod.F90,89,128,"subroutine SoluteWetDeposition(I,J,NHW,NHE,NVN,NVS)",False,True,1,3,
initnosalttransportmod::stagesurfacefluxes@f90src/transport/nonsalt/initnosalttransportmod.f90:132,stagesurfacefluxes,initnosalttransportmod::stagesurfacefluxes,subroutine,initnosalttransportmod,Transport,f90src/Transport/Nonsalt/InitNoSaltTransportMod.F90,/Users/jinyuntang/work/github/ecosim_workspace/main/f90src/Transport/Nonsalt/InitNoSaltTransportMod.F90,132,238,"subroutine StageSurfaceFluxes(I,J,NY,NX,NHW,NHE,NVN,NVS)",False,True,1,1,
initnosalttransportmod::copytracerstates@f90src/transport/nonsalt/initnosalttransportmod.f90:243,copytracerstates,initnosalttransportmod::copytracerstates,subroutine,initnosalttransportmod,Transport,f90src/Transport/Nonsalt/InitNoSaltTransportMod.F90,/Users/jinyuntang/work/github/ecosim_workspace/main/f90src/Transport/Nonsalt/InitNoSaltTransportMod.F90,243,315,"subroutine CopyTracerStates(I,J,NHW,NHE,NVN,NVS)",False,True,1,3,
initnosalttransportmod::backcopystatevars@f90src/transport/nonsalt/initnosalttransportmod.f90:318,backcopystatevars,initnosalttransportmod::backcopystatevars,subroutine,initnosalttransportmod,Transport,f90src/Transport/Nonsalt/InitNoSaltTransportMod.F90,/Users/jinyuntang/work/github/ecosim_workspace/main/f90src/Transport/Nonsalt/InitNoSaltTransportMod.F90,318,371,"subroutine BackCopyStateVars(I,J,NHE,NHW,NVS,NVN)",False,True,1,1,
initnosalttransportmod::stagesoilfluxes@f90src/transport/nonsalt/initnosalttransportmod.f90:374,stagesoilfluxes,initnosalttransportmod::stagesoilfluxes,subroutine,initnosalttransportmod,Transport,f90src/Transport/Nonsalt/InitNoSaltTransportMod.F90,/Users/jinyuntang/work/github/ecosim_workspace/main/f90src/Transport/Nonsalt/InitNoSaltTransportMod.F90,374,514,"subroutine StageSoilFluxes(I,J,NHW,NHE,NVN,NVS)",False,True,1,2,
initnosalttransportmod::tracerfall2snowpack@f90src/transport/nonsalt/initnosalttransportmod.f90:518,tracerfall2snowpack,initnosalttransportmod::tracerfall2snowpack,subroutine,initnosalttransportmod,Transport,f90src/Transport/Nonsalt/InitNoSaltTransportMod.F90,/Users/jinyuntang/work/github/ecosim_workspace/main/f90src/Transport/Nonsalt/InitNoSaltTransportMod.F90,518,543,"subroutine TracerFall2Snowpack(I,J,NY,NX)",False,True,1,1,
initnosalttransportmod::tracerfall2grnd@f90src/transport/nonsalt/initnosalttransportmod.f90:546,tracerfall2grnd,initnosalttransportmod::tracerfall2grnd,subroutine,initnosalttransportmod,Transport,f90src/Transport/Nonsalt/InitNoSaltTransportMod.F90,/Users/jinyuntang/work/github/ecosim_workspace/main/f90src/Transport/Nonsalt/InitNoSaltTransportMod.F90,546,613,"subroutine TracerFall2Grnd(I,J,NY,NX)",False,True,1,1,
transpnosaltdatamod::inittransfrdata@f90src/transport/nonsalt/transpnosaltdatamod.f90:158,inittransfrdata,transpnosaltdatamod::inittransfrdata,subroutine,transpnosaltdatamod,Transport,f90src/Transport/Nonsalt/TranspNoSaltDataMod.F90,/Users/jinyuntang/work/github/ecosim_workspace/main/f90src/Transport/Nonsalt/TranspNoSaltDataMod.F90,158,317,subroutine InitTransfrData,False,True,1,0,
transpnosaltdatamod::destructtransfrdata@f90src/transport/nonsalt/transpnosaltdatamod.f90:320,destructtransfrdata,transpnosaltdatamod::destructtransfrdata,subroutine,transpnosaltdatamod,Transport,f90src/Transport/Nonsalt/TranspNoSaltDataMod.F90,/Users/jinyuntang/work/github/ecosim_workspace/main/f90src/Transport/Nonsalt/TranspNoSaltDataMod.F90,320,466,subroutine DestructTransfrData,False,True,1,1,
transpnosaltfastmod::transptfastnosaltmm@f90src/transport/nonsalt/transpnosaltfastmod.f90:35,transptfastnosaltmm,transpnosaltfastmod::transptfastnosaltmm,subroutine,transpnosaltfastmod,Transport,f90src/Transport/Nonsalt/TranspNoSaltFastMod.F90,/Users/jinyuntang/work/github/ecosim_workspace/main/f90src/Transport/Nonsalt/TranspNoSaltFastMod.F90,35,91,"subroutine TransptFastNoSaltMM(I,J,M,MM,NHE,NHW,NVS,NVN)",False,True,1,12,
transpnosaltfastmod::applyfastsourcesink@f90src/transport/nonsalt/transpnosaltfastmod.f90:93,applyfastsourcesink,transpnosaltfastmod::applyfastsourcesink,subroutine,transpnosaltfastmod,Transport,f90src/Transport/Nonsalt/TranspNoSaltFastMod.F90,/Users/jinyuntang/work/github/ecosim_workspace/main/f90src/Transport/Nonsalt/TranspNoSaltFastMod.F90,93,130,"subroutine ApplyFastSourceSink(I,J,M,NHE,NHW,NVS,NVN,MM)",False,True,1,1,
transpnosaltfastmod::entermasscheck@f90src/transport/nonsalt/transpnosaltfastmod.f90:133,entermasscheck,transpnosaltfastmod::entermasscheck,subroutine,transpnosaltfastmod,Transport,f90src/Transport/Nonsalt/TranspNoSaltFastMod.F90,/Users/jinyuntang/work/github/ecosim_workspace/main/f90src/Transport/Nonsalt/TranspNoSaltFastMod.F90,133,169,"subroutine EnterMassCheck(I,J,NHE,NHW,NVS,NVN)",False,True,1,0,
transpnosaltfastmod::exitmasscheck@f90src/transport/nonsalt/transpnosaltfastmod.f90:173,exitmasscheck,transpnosaltfastmod::exitmasscheck,subroutine,transpnosaltfastmod,Transport,f90src/Transport/Nonsalt/TranspNoSaltFastMod.F90,/Users/jinyuntang/work/github/ecosim_workspace/main/f90src/Transport/Nonsalt/TranspNoSaltFastMod.F90,173,246,"subroutine ExitMassCheck(I,J,M,NHE,NHW,NVS,NVN,iterm)",False,True,1,1,
transpnosaltfastmod::copystatevars@f90src/transport/nonsalt/transpnosaltfastmod.f90:248,copystatevars,transpnosaltfastmod::copystatevars,subroutine,transpnosaltfastmod,Transport,f90src/Transport/Nonsalt/TranspNoSaltFastMod.F90,/Users/jinyuntang/work/github/ecosim_workspace/main/f90src/Transport/Nonsalt/TranspNoSaltFastMod.F90,248,270,"subroutine copyStateVars(NHE,NHW,NVS,NVN)",False,False,0,1,
transpnosaltfastmod::gathertranspfluxmm@f90src/transport/nonsalt/transpnosaltfastmod.f90:273,gathertranspfluxmm,transpnosaltfastmod::gathertranspfluxmm,subroutine,transpnosaltfastmod,Transport,f90src/Transport/Nonsalt/TranspNoSaltFastMod.F90,/Users/jinyuntang/work/github/ecosim_workspace/main/f90src/Transport/Nonsalt/TranspNoSaltFastMod.F90,273,321,"subroutine GatherTranspFluxMM(I,J,M,NHW,NHE,NVN,NVS)",False,True,1,2,
transpnosaltfastmod::accumfastfluxesmm@f90src/transport/nonsalt/transpnosaltfastmod.f90:324,accumfastfluxesmm,transpnosaltfastmod::accumfastfluxesmm,subroutine,transpnosaltfastmod,Transport,f90src/Transport/Nonsalt/TranspNoSaltFastMod.F90,/Users/jinyuntang/work/github/ecosim_workspace/main/f90src/Transport/Nonsalt/TranspNoSaltFastMod.F90,324,389,"subroutine AccumFastFluxesMM(I,J,M,NHE,NHW,NVS,NVN,dpscal,pscal,iterm)",False,True,1,2,
transpnosaltfastmod::zerotracerfluxmm@f90src/transport/nonsalt/transpnosaltfastmod.f90:392,zerotracerfluxmm,transpnosaltfastmod::zerotracerfluxmm,subroutine,transpnosaltfastmod,Transport,f90src/Transport/Nonsalt/TranspNoSaltFastMod.F90,/Users/jinyuntang/work/github/ecosim_workspace/main/f90src/Transport/Nonsalt/TranspNoSaltFastMod.F90,392,400,"subroutine ZeroTracerFluxMM(I,J,NHE,NHW,NVS,NVN)",False,True,1,0,
transpnosaltfastmod::littergasvolatildissolmm@f90src/transport/nonsalt/transpnosaltfastmod.f90:404,littergasvolatildissolmm,transpnosaltfastmod::littergasvolatildissolmm,subroutine,transpnosaltfastmod,Transport,f90src/Transport/Nonsalt/TranspNoSaltFastMod.F90,/Users/jinyuntang/work/github/ecosim_workspace/main/f90src/Transport/Nonsalt/TranspNoSaltFastMod.F90,404,439,"subroutine LitterGasVolatilDissolMM(I,J,M,NHE,NHW,NVS,NVN)",False,True,1,0,
transpnosaltfastmod::surfsoilfluxgasdifadvmm@f90src/transport/nonsalt/transpnosaltfastmod.f90:443,surfsoilfluxgasdifadvmm,transpnosaltfastmod::surfsoilfluxgasdifadvmm,subroutine,transpnosaltfastmod,Transport,f90src/Transport/Nonsalt/TranspNoSaltFastMod.F90,/Users/jinyuntang/work/github/ecosim_workspace/main/f90src/Transport/Nonsalt/TranspNoSaltFastMod.F90,443,473,"subroutine SurfSoilFluxGasDifAdvMM(M,NHE,NHW,NVS,NVN)",False,True,1,3,
transpnosaltfastmod::atm2topsoilgasadvectionmm@f90src/transport/nonsalt/transpnosaltfastmod.f90:476,atm2topsoilgasadvectionmm,transpnosaltfastmod::atm2topsoilgasadvectionmm,subroutine,transpnosaltfastmod,Transport,f90src/Transport/Nonsalt/TranspNoSaltFastMod.F90,/Users/jinyuntang/work/github/ecosim_workspace/main/f90src/Transport/Nonsalt/TranspNoSaltFastMod.F90,476,510,"subroutine Atm2TopSoilGasAdvectionMM(M,NY,NX)",False,True,1,0,
transpnosaltfastmod::gastransportmm@f90src/transport/nonsalt/transpnosaltfastmod.f90:513,gastransportmm,transpnosaltfastmod::gastransportmm,subroutine,transpnosaltfastmod,Transport,f90src/Transport/Nonsalt/TranspNoSaltFastMod.F90,/Users/jinyuntang/work/github/ecosim_workspace/main/f90src/Transport/Nonsalt/TranspNoSaltFastMod.F90,513,542,"subroutine GasTransportMM(M,N,N1,N2,N3,N4,N5,N6)",False,True,1,3,
transpnosaltfastmod::gasdissolutionmm@f90src/transport/nonsalt/transpnosaltfastmod.f90:545,gasdissolutionmm,transpnosaltfastmod::gasdissolutionmm,subroutine,transpnosaltfastmod,Transport,f90src/Transport/Nonsalt/TranspNoSaltFastMod.F90,/Users/jinyuntang/work/github/ecosim_workspace/main/f90src/Transport/Nonsalt/TranspNoSaltFastMod.F90,545,585,"subroutine GasDissolutionMM(I,J,M,N,N4,N5,N6)",False,True,1,1,
transpnosaltfastmod::upstreamgasadvectionmm@f90src/transport/nonsalt/transpnosaltfastmod.f90:588,upstreamgasadvectionmm,transpnosaltfastmod::upstreamgasadvectionmm,subroutine,transpnosaltfastmod,Transport,f90src/Transport/Nonsalt/TranspNoSaltFastMod.F90,/Users/jinyuntang/work/github/ecosim_workspace/main/f90src/Transport/Nonsalt/TranspNoSaltFastMod.F90,588,633,"subroutine UpstreamGasAdvectionMM(M,N,N1,N2,N3,N4,N5,N6)",False,True,1,1,
transpnosaltfastmod::xboundaryfluxmm@f90src/transport/nonsalt/transpnosaltfastmod.f90:637,xboundaryfluxmm,transpnosaltfastmod::xboundaryfluxmm,subroutine,transpnosaltfastmod,Transport,f90src/Transport/Nonsalt/TranspNoSaltFastMod.F90,/Users/jinyuntang/work/github/ecosim_workspace/main/f90src/Transport/Nonsalt/TranspNoSaltFastMod.F90,637,712,"subroutine XBoundaryFluxMM(I,J,M,NHW,NHE,NVN,NVS)",False,True,1,2,
transpnosaltfastmod::xboundarytracerflowmm@f90src/transport/nonsalt/transpnosaltfastmod.f90:715,xboundarytracerflowmm,transpnosaltfastmod::xboundarytracerflowmm,subroutine,transpnosaltfastmod,Transport,f90src/Transport/Nonsalt/TranspNoSaltFastMod.F90,/Users/jinyuntang/work/github/ecosim_workspace/main/f90src/Transport/Nonsalt/TranspNoSaltFastMod.F90,715,750,"subroutine XBoundaryTracerFlowMM(N,NN,M,M1,M2,M3,M4,M5,M6)",False,True,1,1,
transpnosaltfastmod::nettracerflowxsoilporesmm@f90src/transport/nonsalt/transpnosaltfastmod.f90:753,nettracerflowxsoilporesmm,transpnosaltfastmod::nettracerflowxsoilporesmm,subroutine,transpnosaltfastmod,Transport,f90src/Transport/Nonsalt/TranspNoSaltFastMod.F90,/Users/jinyuntang/work/github/ecosim_workspace/main/f90src/Transport/Nonsalt/TranspNoSaltFastMod.F90,753,775,"subroutine NetTracerFlowXSoilPoresMM(N,M,N1,N2,N3,N4,N5,N6)",False,True,1,0,
transpnosaltfastmod::gasdiffusionmm@f90src/transport/nonsalt/transpnosaltfastmod.f90:779,gasdiffusionmm,transpnosaltfastmod::gasdiffusionmm,subroutine,transpnosaltfastmod,Transport,f90src/Transport/Nonsalt/TranspNoSaltFastMod.F90,/Users/jinyuntang/work/github/ecosim_workspace/main/f90src/Transport/Nonsalt/TranspNoSaltFastMod.F90,779,812,"subroutine GasDiffusionMM(M,N,N1,N2,N3,N4,N5,N6)",False,True,1,1,
transpnosaltfastmod::atm2topsoilgasdifussionmm@f90src/transport/nonsalt/transpnosaltfastmod.f90:814,atm2topsoilgasdifussionmm,transpnosaltfastmod::atm2topsoilgasdifussionmm,subroutine,transpnosaltfastmod,Transport,f90src/Transport/Nonsalt/TranspNoSaltFastMod.F90,/Users/jinyuntang/work/github/ecosim_workspace/main/f90src/Transport/Nonsalt/TranspNoSaltFastMod.F90,814,851,"subroutine Atm2TopSoilGasDifussionMM(M,NY,NX)",False,True,1,1,
transpnosaltfastmod::fastupdatestatevarsmm@f90src/transport/nonsalt/transpnosaltfastmod.f90:854,fastupdatestatevarsmm,transpnosaltfastmod::fastupdatestatevarsmm,subroutine,transpnosaltfastmod,Transport,f90src/Transport/Nonsalt/TranspNoSaltFastMod.F90,/Users/jinyuntang/work/github/ecosim_workspace/main/f90src/Transport/Nonsalt/TranspNoSaltFastMod.F90,854,867,"subroutine FastUpdateStateVarsMM(I,J,M,NHW, NHE, NVN, NVS,dpscal,pscal)",False,True,2,1,
transpnosaltfastmod::updatestatevarsmm@f90src/transport/nonsalt/transpnosaltfastmod.f90:869,updatestatevarsmm,transpnosaltfastmod::updatestatevarsmm,subroutine,transpnosaltfastmod,Transport,f90src/Transport/Nonsalt/TranspNoSaltFastMod.F90,/Users/jinyuntang/work/github/ecosim_workspace/main/f90src/Transport/Nonsalt/TranspNoSaltFastMod.F90,869,976,"subroutine UpdateStateVarsMM(I,J,M,NHW, NHE, NVN, NVS,dpscal,pscal1)",False,True,1,3,
transpnosaltfastmod::tracerflowxgridsmm@f90src/transport/nonsalt/transpnosaltfastmod.f90:979,tracerflowxgridsmm,transpnosaltfastmod::tracerflowxgridsmm,subroutine,transpnosaltfastmod,Transport,f90src/Transport/Nonsalt/TranspNoSaltFastMod.F90,/Users/jinyuntang/work/github/ecosim_workspace/main/f90src/Transport/Nonsalt/TranspNoSaltFastMod.F90,979,1057,"subroutine TracerFlowXGridsMM(I,J,M,MM,NHE,NHW,NVS,NVN)",False,True,1,3,
transpnosaltmod::inittranspnosalt@f90src/transport/nonsalt/transpnosaltmod.f90:50,inittranspnosalt,transpnosaltmod::inittranspnosalt,subroutine,transpnosaltmod,Transport,f90src/Transport/Nonsalt/TranspNoSaltMod.F90,/Users/jinyuntang/work/github/ecosim_workspace/main/f90src/Transport/Nonsalt/TranspNoSaltMod.F90,50,55,subroutine InitTranspNoSalt(),False,True,1,1,
transpnosaltmod::destructtranspnosalt@f90src/transport/nonsalt/transpnosaltmod.f90:57,destructtranspnosalt,transpnosaltmod::destructtranspnosalt,subroutine,transpnosaltmod,Transport,f90src/Transport/Nonsalt/TranspNoSaltMod.F90,/Users/jinyuntang/work/github/ecosim_workspace/main/f90src/Transport/Nonsalt/TranspNoSaltMod.F90,57,62,subroutine DestructTranspNoSalt,False,True,1,1,
transpnosaltmod::entermasscheck@f90src/transport/nonsalt/transpnosaltmod.f90:65,entermasscheck,transpnosaltmod::entermasscheck,subroutine,transpnosaltmod,Transport,f90src/Transport/Nonsalt/TranspNoSaltMod.F90,/Users/jinyuntang/work/github/ecosim_workspace/main/f90src/Transport/Nonsalt/TranspNoSaltMod.F90,65,120,"subroutine EnterMassCheck(NHW,NHE,NVN,NVS)",False,True,1,0,
transpnosaltmod::exitmasscheck@f90src/transport/nonsalt/transpnosaltmod.f90:123,exitmasscheck,transpnosaltmod::exitmasscheck,subroutine,transpnosaltmod,Transport,f90src/Transport/Nonsalt/TranspNoSaltMod.F90,/Users/jinyuntang/work/github/ecosim_workspace/main/f90src/Transport/Nonsalt/TranspNoSaltMod.F90,123,292,"subroutine ExitMassCheck(I,J,NHW,NHE,NVN,NVS,M)",False,True,1,2,
transpnosaltmod::transpnosalt@f90src/transport/nonsalt/transpnosaltmod.f90:296,transpnosalt,transpnosaltmod::transpnosalt,subroutine,transpnosaltmod,Transport,f90src/Transport/Nonsalt/TranspNoSaltMod.F90,/Users/jinyuntang/work/github/ecosim_workspace/main/f90src/Transport/Nonsalt/TranspNoSaltMod.F90,296,348,"SUBROUTINE TranspNoSalt(I,J,NHW,NHE,NVN,NVS)",False,True,1,10,
transpnosaltmod::summaryfluxes@f90src/transport/nonsalt/transpnosaltmod.f90:351,summaryfluxes,transpnosaltmod::summaryfluxes,subroutine,transpnosaltmod,Transport,f90src/Transport/Nonsalt/TranspNoSaltMod.F90,/Users/jinyuntang/work/github/ecosim_workspace/main/f90src/Transport/Nonsalt/TranspNoSaltMod.F90,351,375,"subroutine SummaryFluxes(I,J,NHE,NHW,NVS,NVN)",False,True,1,0,
transpnosaltmod::passslow2fastiterationm@f90src/transport/nonsalt/transpnosaltmod.f90:377,passslow2fastiterationm,transpnosaltmod::passslow2fastiterationm,subroutine,transpnosaltmod,Transport,f90src/Transport/Nonsalt/TranspNoSaltMod.F90,/Users/jinyuntang/work/github/ecosim_workspace/main/f90src/Transport/Nonsalt/TranspNoSaltMod.F90,377,438,"subroutine PassSlow2FastIterationM(I,J,M,NHE,NHW,NVS,NVN)",False,True,1,1,
transpnosaltslowmod::transptslownosaltm@f90src/transport/nonsalt/transpnosaltslowmod.f90:42,transptslownosaltm,transpnosaltslowmod::transptslownosaltm,subroutine,transpnosaltslowmod,Transport,f90src/Transport/Nonsalt/TranspNoSaltSlowMod.F90,/Users/jinyuntang/work/github/ecosim_workspace/main/f90src/Transport/Nonsalt/TranspNoSaltSlowMod.F90,42,102,"subroutine TransptSlowNoSaltM(I,J,M,NHE,NHW,NVS,NVN)",False,True,1,13,
transpnosaltslowmod::applyslowsourcesink@f90src/transport/nonsalt/transpnosaltslowmod.f90:104,applyslowsourcesink,transpnosaltslowmod::applyslowsourcesink,subroutine,transpnosaltslowmod,Transport,f90src/Transport/Nonsalt/TranspNoSaltSlowMod.F90,/Users/jinyuntang/work/github/ecosim_workspace/main/f90src/Transport/Nonsalt/TranspNoSaltSlowMod.F90,104,163,"subroutine ApplySlowSourceSink(I,J,M,NHE,NHW,NVS,NVN,iterm)",False,True,1,1,
transpnosaltslowmod::entermasscheck@f90src/transport/nonsalt/transpnosaltslowmod.f90:165,entermasscheck,transpnosaltslowmod::entermasscheck,subroutine,transpnosaltslowmod,Transport,f90src/Transport/Nonsalt/TranspNoSaltSlowMod.F90,/Users/jinyuntang/work/github/ecosim_workspace/main/f90src/Transport/Nonsalt/TranspNoSaltSlowMod.F90,165,259,"subroutine EnterMassCheck(I,J,NHE,NHW,NVS,NVN)",False,True,1,0,
transpnosaltslowmod::exitmasscheck@f90src/transport/nonsalt/transpnosaltslowmod.f90:263,exitmasscheck,transpnosaltslowmod::exitmasscheck,subroutine,transpnosaltslowmod,Transport,f90src/Transport/Nonsalt/TranspNoSaltSlowMod.F90,/Users/jinyuntang/work/github/ecosim_workspace/main/f90src/Transport/Nonsalt/TranspNoSaltSlowMod.F90,263,465,"subroutine ExitMassCheck(I,J,M,NHE,NHW,NVS,NVN,iterm)",False,True,1,2,
transpnosaltslowmod::slowupdatestatevarsm@f90src/transport/nonsalt/transpnosaltslowmod.f90:467,slowupdatestatevarsm,transpnosaltslowmod::slowupdatestatevarsm,subroutine,transpnosaltslowmod,Transport,f90src/Transport/Nonsalt/TranspNoSaltSlowMod.F90,/Users/jinyuntang/work/github/ecosim_workspace/main/f90src/Transport/Nonsalt/TranspNoSaltSlowMod.F90,467,495,"subroutine SlowUpdateStateVarsM(I,J,M,NHW,NHE,NVN,NVS,dpscal,dpscal_dom,pscal1,pscal1_dom)",False,True,2,3,
transpnosaltslowmod::copystatevars@f90src/transport/nonsalt/transpnosaltslowmod.f90:498,copystatevars,transpnosaltslowmod::copystatevars,subroutine,transpnosaltslowmod,Transport,f90src/Transport/Nonsalt/TranspNoSaltSlowMod.F90,/Users/jinyuntang/work/github/ecosim_workspace/main/f90src/Transport/Nonsalt/TranspNoSaltSlowMod.F90,498,549,"subroutine copyStateVars(I,J,M,NHE,NHW,NVS,NVN,iterm)",False,False,0,3,
transpnosaltslowmod::updatesubsurftracerm@f90src/transport/nonsalt/transpnosaltslowmod.f90:552,updatesubsurftracerm,transpnosaltslowmod::updatesubsurftracerm,subroutine,transpnosaltslowmod,Transport,f90src/Transport/Nonsalt/TranspNoSaltSlowMod.F90,/Users/jinyuntang/work/github/ecosim_workspace/main/f90src/Transport/Nonsalt/TranspNoSaltSlowMod.F90,552,669,"subroutine UpdateSubSurfTracerM(I,J,M,NHW,NHE,NVN,NVS,dpscal,dpscal_dom,pscal1,pscal1_dom)",False,True,1,4,
transpnosaltslowmod::accumslowfluxesm@f90src/transport/nonsalt/transpnosaltslowmod.f90:671,accumslowfluxesm,transpnosaltslowmod::accumslowfluxesm,subroutine,transpnosaltslowmod,Transport,f90src/Transport/Nonsalt/TranspNoSaltSlowMod.F90,/Users/jinyuntang/work/github/ecosim_workspace/main/f90src/Transport/Nonsalt/TranspNoSaltSlowMod.F90,671,988,"subroutine AccumSlowFluxesM(I,J,M,NHE,NHW,NVS,NVN,dpscal,dpcsal_dom,pscal1,pscal1_dom)",False,True,1,2,
transpnosaltslowmod::stageslowtranspiterationm@f90src/transport/nonsalt/transpnosaltslowmod.f90:990,stageslowtranspiterationm,transpnosaltslowmod::stageslowtranspiterationm,subroutine,transpnosaltslowmod,Transport,f90src/Transport/Nonsalt/TranspNoSaltSlowMod.F90,/Users/jinyuntang/work/github/ecosim_workspace/main/f90src/Transport/Nonsalt/TranspNoSaltSlowMod.F90,990,1013,"subroutine StageSlowTranspIterationM(I,J,M,NHE,NHW,NVS,NVN)",False,True,1,1,
transpnosaltslowmod::zerofluxesm@f90src/transport/nonsalt/transpnosaltslowmod.f90:1015,zerofluxesm,transpnosaltslowmod::zerofluxesm,subroutine,transpnosaltslowmod,Transport,f90src/Transport/Nonsalt/TranspNoSaltSlowMod.F90,/Users/jinyuntang/work/github/ecosim_workspace/main/f90src/Transport/Nonsalt/TranspNoSaltSlowMod.F90,1015,1083,"subroutine ZeroFluxesM(I,J,M,NHE,NHW,NVS,NVN)",False,True,1,1,
transpnosaltslowmod::tracerxintergridsm@f90src/transport/nonsalt/transpnosaltslowmod.f90:1085,tracerxintergridsm,transpnosaltslowmod::tracerxintergridsm,subroutine,transpnosaltslowmod,Transport,f90src/Transport/Nonsalt/TranspNoSaltSlowMod.F90,/Users/jinyuntang/work/github/ecosim_workspace/main/f90src/Transport/Nonsalt/TranspNoSaltSlowMod.F90,1085,1138,"subroutine TracerXInterGridsM(I,J,M,NHE,NHW,NVS,NVN)",False,True,1,3,
transpnosaltslowmod::gathertranspfluxm@f90src/transport/nonsalt/transpnosaltslowmod.f90:1142,gathertranspfluxm,transpnosaltslowmod::gathertranspfluxm,subroutine,transpnosaltslowmod,Transport,f90src/Transport/Nonsalt/TranspNoSaltSlowMod.F90,/Users/jinyuntang/work/github/ecosim_workspace/main/f90src/Transport/Nonsalt/TranspNoSaltSlowMod.F90,1142,1182,"subroutine GatherTranspFluxM(I,J,M,NHW,NHE,NVN,NVS)",False,True,1,2,
transpnosaltslowmod::surfacesolutefluxm@f90src/transport/nonsalt/transpnosaltslowmod.f90:1185,surfacesolutefluxm,transpnosaltslowmod::surfacesolutefluxm,subroutine,transpnosaltslowmod,Transport,f90src/Transport/Nonsalt/TranspNoSaltSlowMod.F90,/Users/jinyuntang/work/github/ecosim_workspace/main/f90src/Transport/Nonsalt/TranspNoSaltSlowMod.F90,1185,1229,"subroutine SurfaceSoluteFluxM(I,J,M,NHE,NHW,NVS,NVN)",False,True,1,8,
transpnosaltslowmod::atmoslitterexchangem@f90src/transport/nonsalt/transpnosaltslowmod.f90:1233,atmoslitterexchangem,transpnosaltslowmod::atmoslitterexchangem,subroutine,transpnosaltslowmod,Transport,f90src/Transport/Nonsalt/TranspNoSaltSlowMod.F90,/Users/jinyuntang/work/github/ecosim_workspace/main/f90src/Transport/Nonsalt/TranspNoSaltSlowMod.F90,1233,1276,"subroutine AtmosLitterExchangeM(I,J,M,NY,NX,trcs_cl_litr)",False,True,1,1,
transpnosaltslowmod::atmossoilexchangem@f90src/transport/nonsalt/transpnosaltslowmod.f90:1279,atmossoilexchangem,transpnosaltslowmod::atmossoilexchangem,subroutine,transpnosaltslowmod,Transport,f90src/Transport/Nonsalt/TranspNoSaltSlowMod.F90,/Users/jinyuntang/work/github/ecosim_workspace/main/f90src/Transport/Nonsalt/TranspNoSaltSlowMod.F90,1279,1379,"subroutine AtmosSoilExchangeM(I,J,M,NY,NX,trcs_cl_soil)",False,True,1,1,
transpnosaltslowmod::lit2soiltraceradvectm@f90src/transport/nonsalt/transpnosaltslowmod.f90:1383,lit2soiltraceradvectm,transpnosaltslowmod::lit2soiltraceradvectm,subroutine,transpnosaltslowmod,Transport,f90src/Transport/Nonsalt/TranspNoSaltSlowMod.F90,/Users/jinyuntang/work/github/ecosim_workspace/main/f90src/Transport/Nonsalt/TranspNoSaltSlowMod.F90,1383,1454,"subroutine Lit2SoilTracerAdvectM(I,J,M,NY,NX,FLWRM1,solute_adv_Lit2Soil_flxM,DOM_Adv_Litr2Soil_flxM)",False,True,1,1,
transpnosaltslowmod::littersoiltracerdiffusionm@f90src/transport/nonsalt/transpnosaltslowmod.f90:1457,littersoiltracerdiffusionm,transpnosaltslowmod::littersoiltracerdiffusionm,subroutine,transpnosaltslowmod,Transport,f90src/Transport/Nonsalt/TranspNoSaltSlowMod.F90,/Users/jinyuntang/work/github/ecosim_workspace/main/f90src/Transport/Nonsalt/TranspNoSaltSlowMod.F90,1457,1545,"subroutine LitterSoilTracerDiffusionM(I,J,M,NY,NX,FLWRM1,trcs_cl_litr,trcs_cl_soil, trcs_Dif_Litr2Soil_flxM,DOM_Difus_Litr2Soil_flxM)",False,True,1,1,
transpnosaltslowmod::surflayernettracerfluxm@f90src/transport/nonsalt/transpnosaltslowmod.f90:1548,surflayernettracerfluxm,transpnosaltslowmod::surflayernettracerfluxm,subroutine,transpnosaltslowmod,Transport,f90src/Transport/Nonsalt/TranspNoSaltSlowMod.F90,/Users/jinyuntang/work/github/ecosim_workspace/main/f90src/Transport/Nonsalt/TranspNoSaltSlowMod.F90,1548,1613,"subroutine SurfLayerNetTracerFluxM(I,J,M,NY,NX,trcs_Dif_Litr2Soil_flxM,solute_adv_Lit2Soil_flxM, DOM_Adv_Litr2Soil_flxM,DOM_Difus_Litr2Soil_flxM)",False,True,1,1,
transpnosaltslowmod::tracerflowthrusurrofm@f90src/transport/nonsalt/transpnosaltslowmod.f90:1617,tracerflowthrusurrofm,transpnosaltslowmod::tracerflowthrusurrofm,subroutine,transpnosaltslowmod,Transport,f90src/Transport/Nonsalt/TranspNoSaltSlowMod.F90,/Users/jinyuntang/work/github/ecosim_workspace/main/f90src/Transport/Nonsalt/TranspNoSaltSlowMod.F90,1617,1739,"subroutine TracerFlowThruSurRofM(I,J,M,NHE,NHW,NVS,NVN)",False,True,1,1,
transpnosaltslowmod::tracerflowthrusnowredist@f90src/transport/nonsalt/transpnosaltslowmod.f90:1742,tracerflowthrusnowredist,transpnosaltslowmod::tracerflowthrusnowredist,subroutine,transpnosaltslowmod,Transport,f90src/Transport/Nonsalt/TranspNoSaltSlowMod.F90,/Users/jinyuntang/work/github/ecosim_workspace/main/f90src/Transport/Nonsalt/TranspNoSaltSlowMod.F90,1742,1818,"subroutine TracerFlowThruSnowRedist(I,J,M,NHE,NHW,NVS,NVN)",False,True,1,0,
transpnosaltslowmod::snowsolutevertdrainm@f90src/transport/nonsalt/transpnosaltslowmod.f90:1820,snowsolutevertdrainm,transpnosaltslowmod::snowsolutevertdrainm,subroutine,transpnosaltslowmod,Transport,f90src/Transport/Nonsalt/TranspNoSaltSlowMod.F90,/Users/jinyuntang/work/github/ecosim_workspace/main/f90src/Transport/Nonsalt/TranspNoSaltSlowMod.F90,1820,1928,"subroutine SnowSoluteVertDrainM(I,J,M,NHE,NHW,NVS,NVN)",False,True,1,1,
transpnosaltslowmod::soluteadvdifustranspm@f90src/transport/nonsalt/transpnosaltslowmod.f90:1931,soluteadvdifustranspm,transpnosaltslowmod::soluteadvdifustranspm,subroutine,transpnosaltslowmod,Transport,f90src/Transport/Nonsalt/TranspNoSaltSlowMod.F90,/Users/jinyuntang/work/github/ecosim_workspace/main/f90src/Transport/Nonsalt/TranspNoSaltSlowMod.F90,1931,1957,"subroutine SoluteAdvDifusTranspM(I,J,M,N,N1,N2,N3,N4,N5,N6)",False,True,1,5,
transpnosaltslowmod::microporesolutediffusionm@f90src/transport/nonsalt/transpnosaltslowmod.f90:1960,microporesolutediffusionm,transpnosaltslowmod::microporesolutediffusionm,subroutine,transpnosaltslowmod,Transport,f90src/Transport/Nonsalt/TranspNoSaltSlowMod.F90,/Users/jinyuntang/work/github/ecosim_workspace/main/f90src/Transport/Nonsalt/TranspNoSaltSlowMod.F90,1960,2166,"subroutine MicroporeSoluteDiffusionM(I,J,M,N,N1,N2,N3,N4,N5,N6)",False,True,1,3,
transpnosaltslowmod::macroporesoluteadvectionm@f90src/transport/nonsalt/transpnosaltslowmod.f90:2169,macroporesoluteadvectionm,transpnosaltslowmod::macroporesoluteadvectionm,subroutine,transpnosaltslowmod,Transport,f90src/Transport/Nonsalt/TranspNoSaltSlowMod.F90,/Users/jinyuntang/work/github/ecosim_workspace/main/f90src/Transport/Nonsalt/TranspNoSaltSlowMod.F90,2169,2277,"subroutine MacroporeSoluteAdvectionM(M,N,N1,N2,N3,N4,N5,N6)",False,True,1,1,
transpnosaltslowmod::macroporesolutedispersionm@f90src/transport/nonsalt/transpnosaltslowmod.f90:2280,macroporesolutedispersionm,transpnosaltslowmod::macroporesolutedispersionm,subroutine,transpnosaltslowmod,Transport,f90src/Transport/Nonsalt/TranspNoSaltSlowMod.F90,/Users/jinyuntang/work/github/ecosim_workspace/main/f90src/Transport/Nonsalt/TranspNoSaltSlowMod.F90,2280,2483,"subroutine MacroporeSoluteDispersionM(M,N,N1,N2,N3,N4,N5,N6)",False,True,1,1,
transpnosaltslowmod::microporesoluteadvectionm@f90src/transport/nonsalt/transpnosaltslowmod.f90:2487,microporesoluteadvectionm,transpnosaltslowmod::microporesoluteadvectionm,subroutine,transpnosaltslowmod,Transport,f90src/Transport/Nonsalt/TranspNoSaltSlowMod.F90,/Users/jinyuntang/work/github/ecosim_workspace/main/f90src/Transport/Nonsalt/TranspNoSaltSlowMod.F90,2487,2548,"subroutine MicroporeSoluteAdvectionM(I,J,M,N,N1,N2,N3,N4,N5,N6)",False,True,1,2,
transpnosaltslowmod::micmacporessoluteexchm@f90src/transport/nonsalt/transpnosaltslowmod.f90:2551,micmacporessoluteexchm,transpnosaltslowmod::micmacporessoluteexchm,subroutine,transpnosaltslowmod,Transport,f90src/Transport/Nonsalt/TranspNoSaltSlowMod.F90,/Users/jinyuntang/work/github/ecosim_workspace/main/f90src/Transport/Nonsalt/TranspNoSaltSlowMod.F90,2551,2576,"subroutine MicMacPoresSoluteExchM(M,N1,N2,N3)",False,True,1,3,
transpnosaltslowmod::micmacporessoluteadvexchm@f90src/transport/nonsalt/transpnosaltslowmod.f90:2579,micmacporessoluteadvexchm,transpnosaltslowmod::micmacporessoluteadvexchm,subroutine,transpnosaltslowmod,Transport,f90src/Transport/Nonsalt/TranspNoSaltSlowMod.F90,/Users/jinyuntang/work/github/ecosim_workspace/main/f90src/Transport/Nonsalt/TranspNoSaltSlowMod.F90,2579,2663,"subroutine MicMacPoresSoluteAdvExchM(M,N4,N5,N6)",False,True,1,1,
transpnosaltslowmod::micmacporessolutedifexchm@f90src/transport/nonsalt/transpnosaltslowmod.f90:2667,micmacporessolutedifexchm,transpnosaltslowmod::micmacporessolutedifexchm,subroutine,transpnosaltslowmod,Transport,f90src/Transport/Nonsalt/TranspNoSaltSlowMod.F90,/Users/jinyuntang/work/github/ecosim_workspace/main/f90src/Transport/Nonsalt/TranspNoSaltSlowMod.F90,2667,2722,"subroutine MicMacPoresSoluteDifExchM(M,N4,N5,N6)",False,True,1,1,
transpnosaltslowmod::bubbleeffluxm@f90src/transport/nonsalt/transpnosaltslowmod.f90:2725,bubbleeffluxm,transpnosaltslowmod::bubbleeffluxm,subroutine,transpnosaltslowmod,Transport,f90src/Transport/Nonsalt/TranspNoSaltSlowMod.F90,/Users/jinyuntang/work/github/ecosim_workspace/main/f90src/Transport/Nonsalt/TranspNoSaltSlowMod.F90,2725,2850,"subroutine BubbleEffluxM(I,J,M,NHE,NHW,NVS,NVN)",False,True,1,5,
transpnosaltslowmod::tracerthrurofsnowxym@f90src/transport/nonsalt/transpnosaltslowmod.f90:2852,tracerthrurofsnowxym,transpnosaltslowmod::tracerthrurofsnowxym,subroutine,transpnosaltslowmod,Transport,f90src/Transport/Nonsalt/TranspNoSaltSlowMod.F90,/Users/jinyuntang/work/github/ecosim_workspace/main/f90src/Transport/Nonsalt/TranspNoSaltSlowMod.F90,2852,2942,"subroutine TracerThruRofSnowXYM(M,N,N1,N2,N4,N5,N4B,N5B)",False,True,1,1,
transpnosaltslowmod::tracerfluxthrusnowzm@f90src/transport/nonsalt/transpnosaltslowmod.f90:2946,tracerfluxthrusnowzm,transpnosaltslowmod::tracerfluxthrusnowzm,subroutine,transpnosaltslowmod,Transport,f90src/Transport/Nonsalt/TranspNoSaltSlowMod.F90,/Users/jinyuntang/work/github/ecosim_workspace/main/f90src/Transport/Nonsalt/TranspNoSaltSlowMod.F90,2946,3004,"subroutine TracerFluxThruSnowZM(I,J,M,N1,N2)",False,True,1,1,
transpnosaltslowmod::xboundarytracertranspxyzm@f90src/transport/nonsalt/transpnosaltslowmod.f90:3007,xboundarytracertranspxyzm,transpnosaltslowmod::xboundarytracertranspxyzm,subroutine,transpnosaltslowmod,Transport,f90src/Transport/Nonsalt/TranspNoSaltSlowMod.F90,/Users/jinyuntang/work/github/ecosim_workspace/main/f90src/Transport/Nonsalt/TranspNoSaltSlowMod.F90,3007,3100,"subroutine XBoundaryTracerTranspXYZM(M,N,NN,M1,M2,M3,M4,M5,M6)",False,True,1,2,
transpnosaltslowmod::xsurfboundarytracerrunoffxym@f90src/transport/nonsalt/transpnosaltslowmod.f90:3103,xsurfboundarytracerrunoffxym,transpnosaltslowmod::xsurfboundarytracerrunoffxym,subroutine,transpnosaltslowmod,Transport,f90src/Transport/Nonsalt/TranspNoSaltSlowMod.F90,/Users/jinyuntang/work/github/ecosim_workspace/main/f90src/Transport/Nonsalt/TranspNoSaltSlowMod.F90,3103,3162,"subroutine XSurfBoundaryTracerRunoffXYM(M,N,NN,N1,N2,M4,M5,RCHQF)",False,True,1,3,
transpnosaltslowmod::tracerxboundariesm@f90src/transport/nonsalt/transpnosaltslowmod.f90:3165,tracerxboundariesm,transpnosaltslowmod::tracerxboundariesm,subroutine,transpnosaltslowmod,Transport,f90src/Transport/Nonsalt/TranspNoSaltSlowMod.F90,/Users/jinyuntang/work/github/ecosim_workspace/main/f90src/Transport/Nonsalt/TranspNoSaltSlowMod.F90,3165,3261,"subroutine TracerXBoundariesM(I,J,M,NHW,NHE,NVN,NVS)",False,True,1,4,
transpnosaltslowmod::xboundarytracerflowm@f90src/transport/nonsalt/transpnosaltslowmod.f90:3264,xboundarytracerflowm,transpnosaltslowmod::xboundarytracerflowm,subroutine,transpnosaltslowmod,Transport,f90src/Transport/Nonsalt/TranspNoSaltSlowMod.F90,/Users/jinyuntang/work/github/ecosim_workspace/main/f90src/Transport/Nonsalt/TranspNoSaltSlowMod.F90,3264,3292,"subroutine XBoundaryTracerFlowM(L,N,NN,M,N1,N2,N3,M1,M2,M3,M4,M5,M6,RCHQF)",False,True,1,3,
transpnosaltslowmod::nettracerflowxsoilporesm@f90src/transport/nonsalt/transpnosaltslowmod.f90:3296,nettracerflowxsoilporesm,transpnosaltslowmod::nettracerflowxsoilporesm,subroutine,transpnosaltslowmod,Transport,f90src/Transport/Nonsalt/TranspNoSaltSlowMod.F90,/Users/jinyuntang/work/github/ecosim_workspace/main/f90src/Transport/Nonsalt/TranspNoSaltSlowMod.F90,3296,3351,"subroutine NetTracerFlowXSoilPoresM(I,J,M,N,N1,N2,N3,N4,N5,N6)",False,True,1,2,
transpnosaltslowmod::updatesurftracerm@f90src/transport/nonsalt/transpnosaltslowmod.f90:3355,updatesurftracerm,transpnosaltslowmod::updatesurftracerm,subroutine,transpnosaltslowmod,Transport,f90src/Transport/Nonsalt/TranspNoSaltSlowMod.F90,/Users/jinyuntang/work/github/ecosim_workspace/main/f90src/Transport/Nonsalt/TranspNoSaltSlowMod.F90,3355,3534,"subroutine UpdateSurfTracerM(I,J,M,NHW,NHE,NVN,NVS,dpscal,dpscal_dom,pscal1,pscal1_dom)",False,True,1,4,
transpnosaltslowmod::updatesnowtracersm@f90src/transport/nonsalt/transpnosaltslowmod.f90:3538,updatesnowtracersm,transpnosaltslowmod::updatesnowtracersm,subroutine,transpnosaltslowmod,Transport,f90src/Transport/Nonsalt/TranspNoSaltSlowMod.F90,/Users/jinyuntang/work/github/ecosim_workspace/main/f90src/Transport/Nonsalt/TranspNoSaltSlowMod.F90,3538,3618,"subroutine UpdateSnowTracersM(I,J,M,NHW,NHE,NVN,NVS,dpscal,pscal1)",False,True,1,3,
ingridtranspmod::getsalttranspflxm@f90src/transport/salt/ingridtranspmod.f90:28,getsalttranspflxm,ingridtranspmod::getsalttranspflxm,subroutine,ingridtranspmod,Transport,f90src/Transport/Salt/IngridTranspMod.F90,/Users/jinyuntang/work/github/ecosim_workspace/main/f90src/Transport/Salt/IngridTranspMod.F90,28,47,"subroutine GetSaltTranspFlxM(I,M,NHW,NHE,NVN,NVS)",False,True,1,5,
ingridtranspmod::surfacesaltfluxm@f90src/transport/salt/ingridtranspmod.f90:50,surfacesaltfluxm,ingridtranspmod::surfacesaltfluxm,subroutine,ingridtranspmod,Transport,f90src/Transport/Salt/IngridTranspMod.F90,/Users/jinyuntang/work/github/ecosim_workspace/main/f90src/Transport/Salt/IngridTranspMod.F90,50,92,"subroutine SurfaceSaltFluxM(M,NHW,NHE,NVN,NVS)",False,True,1,8,
ingridtranspmod::soillitrsaltadvexchange@f90src/transport/salt/ingridtranspmod.f90:95,soillitrsaltadvexchange,ingridtranspmod::soillitrsaltadvexchange,subroutine,ingridtranspmod,Transport,f90src/Transport/Salt/IngridTranspMod.F90,/Users/jinyuntang/work/github/ecosim_workspace/main/f90src/Transport/Salt/IngridTranspMod.F90,95,133,"subroutine SoilLitrSaltAdvExchange(M,NY,NX,trcSalt_Adv2MicP_flx)",False,True,1,0,
ingridtranspmod::saltxgridboundtransptm@f90src/transport/salt/ingridtranspmod.f90:136,saltxgridboundtransptm,ingridtranspmod::saltxgridboundtransptm,subroutine,ingridtranspmod,Transport,f90src/Transport/Salt/IngridTranspMod.F90,/Users/jinyuntang/work/github/ecosim_workspace/main/f90src/Transport/Salt/IngridTranspMod.F90,136,290,"subroutine SaltXGridBoundTransptM(M,NHW,NHE,NVN,NVS)",False,True,1,8,
ingridtranspmod::accumsoilporesalttranspm@f90src/transport/salt/ingridtranspmod.f90:294,accumsoilporesalttranspm,ingridtranspmod::accumsoilporesalttranspm,subroutine,ingridtranspmod,Transport,f90src/Transport/Salt/IngridTranspMod.F90,/Users/jinyuntang/work/github/ecosim_workspace/main/f90src/Transport/Salt/IngridTranspMod.F90,294,328,"subroutine AccumSoilPoreSaltTranspM(N,N1,N2,N3,N4,N5,N6)",False,True,1,0,
ingridtranspmod::solutemacporelossxboundarym@f90src/transport/salt/ingridtranspmod.f90:333,solutemacporelossxboundarym,ingridtranspmod::solutemacporelossxboundarym,subroutine,ingridtranspmod,Transport,f90src/Transport/Salt/IngridTranspMod.F90,/Users/jinyuntang/work/github/ecosim_workspace/main/f90src/Transport/Salt/IngridTranspMod.F90,333,362,"subroutine SoluteMacporeLossXBoundaryM(M,N,M1,M2,M3,M4,M5,M6)",False,True,1,0,
ingridtranspmod::solutemicporegainxboundarym@f90src/transport/salt/ingridtranspmod.f90:367,solutemicporegainxboundarym,ingridtranspmod::solutemicporegainxboundarym,subroutine,ingridtranspmod,Transport,f90src/Transport/Salt/IngridTranspMod.F90,/Users/jinyuntang/work/github/ecosim_workspace/main/f90src/Transport/Salt/IngridTranspMod.F90,367,390,"subroutine SoluteMicporeGainXBoundaryM(M,N,M1,M2,M3,M4,M5,M6)",False,True,1,0,
ingridtranspmod::accumsnowdriftsaltflxm@f90src/transport/salt/ingridtranspmod.f90:393,accumsnowdriftsaltflxm,ingridtranspmod::accumsnowdriftsaltflxm,subroutine,ingridtranspmod,Transport,f90src/Transport/Salt/IngridTranspMod.F90,/Users/jinyuntang/work/github/ecosim_workspace/main/f90src/Transport/Salt/IngridTranspMod.F90,393,425,"subroutine AccumSnowDriftSaltFlxM(N,N1,N2,N4,N5,N4B,N5B,trcSalt_SnowDrift_flxM_col)",False,True,1,0,
ingridtranspmod::solutemicporelossxboundarym@f90src/transport/salt/ingridtranspmod.f90:428,solutemicporelossxboundarym,ingridtranspmod::solutemicporelossxboundarym,subroutine,ingridtranspmod,Transport,f90src/Transport/Salt/IngridTranspMod.F90,/Users/jinyuntang/work/github/ecosim_workspace/main/f90src/Transport/Salt/IngridTranspMod.F90,428,455,"subroutine SoluteMicporeLossXBoundaryM(M,N,M1,M2,M3,M4,M5,M6)",False,True,1,0,
ingridtranspmod::accumrofsaltflxm@f90src/transport/salt/ingridtranspmod.f90:458,accumrofsaltflxm,ingridtranspmod::accumrofsaltflxm,subroutine,ingridtranspmod,Transport,f90src/Transport/Salt/IngridTranspMod.F90,/Users/jinyuntang/work/github/ecosim_workspace/main/f90src/Transport/Salt/IngridTranspMod.F90,458,486,"subroutine AccumRofSaltFlxM(M,N,N1,N2,N4,N5,N4B,N5B,trcSalt_FloXSurRof_flxM_col)",False,True,1,0,
ingridtranspmod::accumsalttranspinsnowm@f90src/transport/salt/ingridtranspmod.f90:489,accumsalttranspinsnowm,ingridtranspmod::accumsalttranspinsnowm,subroutine,ingridtranspmod,Transport,f90src/Transport/Salt/IngridTranspMod.F90,/Users/jinyuntang/work/github/ecosim_workspace/main/f90src/Transport/Salt/IngridTranspMod.F90,489,520,"subroutine AccumSaltTranspInSnowM(M,NY,NX)",False,True,1,0,
ingridtranspmod::snowsalttranptm@f90src/transport/salt/ingridtranspmod.f90:524,snowsalttranptm,ingridtranspmod::snowsalttranptm,subroutine,ingridtranspmod,Transport,f90src/Transport/Salt/IngridTranspMod.F90,/Users/jinyuntang/work/github/ecosim_workspace/main/f90src/Transport/Salt/IngridTranspMod.F90,524,604,"subroutine SnowSaltTranptM(M,NY,NX)",False,True,1,1,
ingridtranspmod::litr2soildifustransptm@f90src/transport/salt/ingridtranspmod.f90:608,litr2soildifustransptm,ingridtranspmod::litr2soildifustransptm,subroutine,ingridtranspmod,Transport,f90src/Transport/Salt/IngridTranspMod.F90,/Users/jinyuntang/work/github/ecosim_workspace/main/f90src/Transport/Salt/IngridTranspMod.F90,608,720,"subroutine Litr2SoilDifusTransptM(M,NY,NX,trcSalt_flx_diffusM)",False,True,1,1,
ingridtranspmod::litrsoiladvdifustransptm@f90src/transport/salt/ingridtranspmod.f90:723,litrsoiladvdifustransptm,ingridtranspmod::litrsoiladvdifustransptm,subroutine,ingridtranspmod,Transport,f90src/Transport/Salt/IngridTranspMod.F90,/Users/jinyuntang/work/github/ecosim_workspace/main/f90src/Transport/Salt/IngridTranspMod.F90,723,746,"subroutine LitrSoilAdvDifusTransptM(NY,NX,trcSalt_Adv2MicP_flx,trcSalt_flx_diffusM)",False,True,1,0,
ingridtranspmod::accumlitrsoilsalttranspfluxm@f90src/transport/salt/ingridtranspmod.f90:749,accumlitrsoilsalttranspfluxm,ingridtranspmod::accumlitrsoilsalttranspfluxm,subroutine,ingridtranspmod,Transport,f90src/Transport/Salt/IngridTranspMod.F90,/Users/jinyuntang/work/github/ecosim_workspace/main/f90src/Transport/Salt/IngridTranspMod.F90,749,772,"subroutine AccumLitrSoilSaltTranspFluxM(NY,NX,trcSalt_Adv2MicP_flx,trcSalt_flx_diffusM)",False,False,0,0,
ingridtranspmod::macporesaltadvexm@f90src/transport/salt/ingridtranspmod.f90:775,macporesaltadvexm,ingridtranspmod::macporesaltadvexm,subroutine,ingridtranspmod,Transport,f90src/Transport/Salt/IngridTranspMod.F90,/Users/jinyuntang/work/github/ecosim_workspace/main/f90src/Transport/Salt/IngridTranspMod.F90,775,809,"subroutine MacPoreSaltAdvExM(M,NY,NX)",False,True,1,0,
ingridtranspmod::micporesaltadvexm@f90src/transport/salt/ingridtranspmod.f90:812,micporesaltadvexm,ingridtranspmod::micporesaltadvexm,subroutine,ingridtranspmod,Transport,f90src/Transport/Salt/IngridTranspMod.F90,/Users/jinyuntang/work/github/ecosim_workspace/main/f90src/Transport/Salt/IngridTranspMod.F90,812,846,"subroutine MicPoreSaltAdvExM(M,NY,NX)",False,True,1,0,
ingridtranspmod::macmicporesaltdifusexm@f90src/transport/salt/ingridtranspmod.f90:850,macmicporesaltdifusexm,ingridtranspmod::macmicporesaltdifusexm,subroutine,ingridtranspmod,Transport,f90src/Transport/Salt/IngridTranspMod.F90,/Users/jinyuntang/work/github/ecosim_workspace/main/f90src/Transport/Salt/IngridTranspMod.F90,850,888,"subroutine MacMicPoreSaltDifusExM(M,NY,NX)",False,True,1,0,
ingridtranspmod::saltflowthrulitrrofm@f90src/transport/salt/ingridtranspmod.f90:892,saltflowthrulitrrofm,ingridtranspmod::saltflowthrulitrrofm,subroutine,ingridtranspmod,Transport,f90src/Transport/Salt/IngridTranspMod.F90,/Users/jinyuntang/work/github/ecosim_workspace/main/f90src/Transport/Salt/IngridTranspMod.F90,892,916,"subroutine SaltFlowThruLitrRofM(M,N1,N2)",False,True,1,0,
ingridtranspmod::saltsurfrofm@f90src/transport/salt/ingridtranspmod.f90:920,saltsurfrofm,ingridtranspmod::saltsurfrofm,subroutine,ingridtranspmod,Transport,f90src/Transport/Salt/IngridTranspMod.F90,/Users/jinyuntang/work/github/ecosim_workspace/main/f90src/Transport/Salt/IngridTranspMod.F90,920,979,"subroutine SaltSurfRofM(M,NHW,NHE,NVN,NVS)",False,True,1,1,
ingridtranspmod::saltflowthrusnowdriftm@f90src/transport/salt/ingridtranspmod.f90:982,saltflowthrusnowdriftm,ingridtranspmod::saltflowthrusnowdriftm,subroutine,ingridtranspmod,Transport,f90src/Transport/Salt/IngridTranspMod.F90,/Users/jinyuntang/work/github/ecosim_workspace/main/f90src/Transport/Salt/IngridTranspMod.F90,982,1049,"subroutine SaltFlowThruSnowDriftM(M,NHW,NHE,NVN,NVS)",False,True,1,1,
ingridtranspmod::soluteadvmicroporem@f90src/transport/salt/ingridtranspmod.f90:1051,soluteadvmicroporem,ingridtranspmod::soluteadvmicroporem,subroutine,ingridtranspmod,Transport,f90src/Transport/Salt/IngridTranspMod.F90,/Users/jinyuntang/work/github/ecosim_workspace/main/f90src/Transport/Salt/IngridTranspMod.F90,1051,1106,"subroutine SoluteAdvMicroporeM(M,N,N1,N2,N3,N4,N5,N6)",False,True,1,1,
ingridtranspmod::solutedifsmicroporem@f90src/transport/salt/ingridtranspmod.f90:1108,solutedifsmicroporem,ingridtranspmod::solutedifsmicroporem,subroutine,ingridtranspmod,Transport,f90src/Transport/Salt/IngridTranspMod.F90,/Users/jinyuntang/work/github/ecosim_workspace/main/f90src/Transport/Salt/IngridTranspMod.F90,1108,1235,"subroutine SoluteDifsMicroporeM(M,N,N1,N2,N3,N4,N5,N6,THETW1)",False,True,1,0,
ingridtranspmod::soluteadvmacroporem@f90src/transport/salt/ingridtranspmod.f90:1237,soluteadvmacroporem,ingridtranspmod::soluteadvmacroporem,subroutine,ingridtranspmod,Transport,f90src/Transport/Salt/IngridTranspMod.F90,/Users/jinyuntang/work/github/ecosim_workspace/main/f90src/Transport/Salt/IngridTranspMod.F90,1237,1325,"subroutine SoluteAdvMacroporeM(M,N,N1,N2,N3,N4,N5,N6)",False,True,1,1,
ingridtranspmod::solutedifsmacroporem@f90src/transport/salt/ingridtranspmod.f90:1328,solutedifsmacroporem,ingridtranspmod::solutedifsmacroporem,subroutine,ingridtranspmod,Transport,f90src/Transport/Salt/IngridTranspMod.F90,/Users/jinyuntang/work/github/ecosim_workspace/main/f90src/Transport/Salt/IngridTranspMod.F90,1328,1409,"subroutine SoluteDifsMacroporeM(M,N,N1,N2,N3,N4,N5,N6)",False,True,1,1,
ingridtranspmod::soluteadvdifsmicmacporem@f90src/transport/salt/ingridtranspmod.f90:1412,soluteadvdifsmicmacporem,ingridtranspmod::soluteadvdifsmicmacporem,subroutine,ingridtranspmod,Transport,f90src/Transport/Salt/IngridTranspMod.F90,/Users/jinyuntang/work/github/ecosim_workspace/main/f90src/Transport/Salt/IngridTranspMod.F90,1412,1430,"subroutine SoluteAdvDifsMicMacporeM(M,N,N1,N2,N3,N4,N5,N6,THETW1)",False,True,1,4,
ingridtranspmod::saltadvdifuxmicmacporesm@f90src/transport/salt/ingridtranspmod.f90:1432,saltadvdifuxmicmacporesm,ingridtranspmod::saltadvdifuxmicmacporesm,subroutine,ingridtranspmod,Transport,f90src/Transport/Salt/IngridTranspMod.F90,/Users/jinyuntang/work/github/ecosim_workspace/main/f90src/Transport/Salt/IngridTranspMod.F90,1432,1528,"subroutine SaltAdvDifuXMicMacporesM(M,N4,N5,N6)",False,True,1,0,
ingridtranspmod::salttranspxintergridsm@f90src/transport/salt/ingridtranspmod.f90:1530,salttranspxintergridsm,ingridtranspmod::salttranspxintergridsm,subroutine,ingridtranspmod,Transport,f90src/Transport/Salt/IngridTranspMod.F90,/Users/jinyuntang/work/github/ecosim_workspace/main/f90src/Transport/Salt/IngridTranspMod.F90,1530,1608,"subroutine SaltTranspXInterGridsM(M,NHW,NHE,NVN,NVS)",False,True,1,3,
ingridtranspmod::saltfall2snowpack@f90src/transport/salt/ingridtranspmod.f90:1611,saltfall2snowpack,ingridtranspmod::saltfall2snowpack,subroutine,ingridtranspmod,Transport,f90src/Transport/Salt/IngridTranspMod.F90,/Users/jinyuntang/work/github/ecosim_workspace/main/f90src/Transport/Salt/IngridTranspMod.F90,1611,1624,"subroutine SaltFall2Snowpack(I,NY,NX)",False,True,1,0,
transpsaltdatamod::inittranspsaltdata@f90src/transport/salt/transpsaltdatamod.f90:41,inittranspsaltdata,transpsaltdatamod::inittranspsaltdata,subroutine,transpsaltdatamod,Transport,f90src/Transport/Salt/TranspSaltDataMod.F90,/Users/jinyuntang/work/github/ecosim_workspace/main/f90src/Transport/Salt/TranspSaltDataMod.F90,41,69,subroutine InitTranspSaltData,False,False,0,0,
transpsaltdatamod::destructtranspsaltdata@f90src/transport/salt/transpsaltdatamod.f90:72,destructtranspsaltdata,transpsaltdatamod::destructtranspsaltdata,subroutine,transpsaltdatamod,Transport,f90src/Transport/Salt/TranspSaltDataMod.F90,/Users/jinyuntang/work/github/ecosim_workspace/main/f90src/Transport/Salt/TranspSaltDataMod.F90,72,96,subroutine DestructTranspSaltData,False,False,0,1,
transpsaltmod::transpsalt@f90src/transport/salt/transpsaltmod.f90:41,transpsalt,transpsaltmod::transpsalt,subroutine,transpsaltmod,Transport,f90src/Transport/Salt/TranspSaltMod.F90,/Users/jinyuntang/work/github/ecosim_workspace/main/f90src/Transport/Salt/TranspSaltMod.F90,41,91,"SUBROUTINE TranspSalt(I,J,NHW,NHE,NVN,NVS)",False,True,1,6,
transpsaltmod::accumsaltfluxesm@f90src/transport/salt/transpsaltmod.f90:94,accumsaltfluxesm,transpsaltmod::accumsaltfluxesm,subroutine,transpsaltmod,Transport,f90src/Transport/Salt/TranspSaltMod.F90,/Users/jinyuntang/work/github/ecosim_workspace/main/f90src/Transport/Salt/TranspSaltMod.F90,94,133,"subroutine AccumSaltFluxesM(M,NHW,NHE,NVN,NVS,dpscal,pscal)",False,True,1,1,
transpsaltmod::zeroatmossoluteflux@f90src/transport/salt/transpsaltmod.f90:136,zeroatmossoluteflux,transpsaltmod::zeroatmossoluteflux,subroutine,transpsaltmod,Transport,f90src/Transport/Salt/TranspSaltMod.F90,/Users/jinyuntang/work/github/ecosim_workspace/main/f90src/Transport/Salt/TranspSaltMod.F90,136,148,"subroutine ZeroAtmosSoluteFlux(NY,NX)",False,True,1,0,
transpsaltmod::atmossolutefluxtotopsoil@f90src/transport/salt/transpsaltmod.f90:152,atmossolutefluxtotopsoil,transpsaltmod::atmossolutefluxtotopsoil,subroutine,transpsaltmod,Transport,f90src/Transport/Salt/TranspSaltMod.F90,/Users/jinyuntang/work/github/ecosim_workspace/main/f90src/Transport/Salt/TranspSaltMod.F90,152,186,"subroutine AtmosSoluteFluxToTopsoil(I,NY,NX)",False,True,1,1,
transpsaltmod::getsubhourflux@f90src/transport/salt/transpsaltmod.f90:190,getsubhourflux,transpsaltmod::getsubhourflux,subroutine,transpsaltmod,Transport,f90src/Transport/Salt/TranspSaltMod.F90,/Users/jinyuntang/work/github/ecosim_workspace/main/f90src/Transport/Salt/TranspSaltMod.F90,190,238,"subroutine GetSubHourFlux(I,NY,NX)",False,True,1,0,
transpsaltmod::copysaltstates@f90src/transport/salt/transpsaltmod.f90:241,copysaltstates,transpsaltmod::copysaltstates,subroutine,transpsaltmod,Transport,f90src/Transport/Salt/TranspSaltMod.F90,/Users/jinyuntang/work/github/ecosim_workspace/main/f90src/Transport/Salt/TranspSaltMod.F90,241,268,"subroutine copySaltStates(NHW,NHE,NVN,NVS)",False,True,2,0,
transpsaltmod::initsalttransportmodel@f90src/transport/salt/transpsaltmod.f90:271,initsalttransportmodel,transpsaltmod::initsalttransportmodel,subroutine,transpsaltmod,Transport,f90src/Transport/Salt/TranspSaltMod.F90,/Users/jinyuntang/work/github/ecosim_workspace/main/f90src/Transport/Salt/TranspSaltMod.F90,271,317,"subroutine InitSaltTransportModel(I,NHW,NHE,NVN,NVS)",False,True,1,6,
transpsaltmod::updatesalttranspm@f90src/transport/salt/transpsaltmod.f90:322,updatesalttranspm,transpsaltmod::updatesalttranspm,subroutine,transpsaltmod,Transport,f90src/Transport/Salt/TranspSaltMod.F90,/Users/jinyuntang/work/github/ecosim_workspace/main/f90src/Transport/Salt/TranspSaltMod.F90,322,383,"subroutine UpdateSaltTranspM(M,NHW,NHE,NVN,NVS,dpscal,pscal)",False,True,2,2,
transpsaltmod::zerofluxarraysm@f90src/transport/salt/transpsaltmod.f90:387,zerofluxarraysm,transpsaltmod::zerofluxarraysm,subroutine,transpsaltmod,Transport,f90src/Transport/Salt/TranspSaltMod.F90,/Users/jinyuntang/work/github/ecosim_workspace/main/f90src/Transport/Salt/TranspSaltMod.F90,387,416,"subroutine ZeroFluxArraysM(NHW,NHE,NVN,NVS)",False,True,1,0,
modelstatustype::create_model_status_type@f90src/utils/modelstatustype.f90:24,create_model_status_type,modelstatustype::create_model_status_type,function,modelstatustype,Utils,f90src/Utils/ModelStatusType.F90,/Users/jinyuntang/work/github/ecosim_workspace/main/f90src/Utils/ModelStatusType.F90,24,34,function create_model_status_type(),False,False,0,0,
modelstatustype::reset@f90src/utils/modelstatustype.f90:36,reset,modelstatustype::reset,subroutine,modelstatustype,Utils,f90src/Utils/ModelStatusType.F90,/Users/jinyuntang/work/github/ecosim_workspace/main/f90src/Utils/ModelStatusType.F90,36,42,subroutine reset(this),False,False,0,0,
modelstatustype::set_msg@f90src/utils/modelstatustype.f90:44,set_msg,modelstatustype::set_msg,subroutine,modelstatustype,Utils,f90src/Utils/ModelStatusType.F90,/Users/jinyuntang/work/github/ecosim_workspace/main/f90src/Utils/ModelStatusType.F90,44,57,"subroutine set_msg(this, msg, err, c)",False,False,0,0,
modelstatustype::check_status@f90src/utils/modelstatustype.f90:59,check_status,modelstatustype::check_status,function,modelstatustype,Utils,f90src/Utils/ModelStatusType.F90,/Users/jinyuntang/work/github/ecosim_workspace/main/f90src/Utils/ModelStatusType.F90,59,68,function check_status(this)result(ans),False,False,0,0,
modelstatustype::print_msg@f90src/utils/modelstatustype.f90:70,print_msg,modelstatustype::print_msg,function,modelstatustype,Utils,f90src/Utils/ModelStatusType.F90,/Users/jinyuntang/work/github/ecosim_workspace/main/f90src/Utils/ModelStatusType.F90,70,76,function print_msg(this),False,False,0,0,
modelstatustype::print_err@f90src/utils/modelstatustype.f90:79,print_err,modelstatustype::print_err,function,modelstatustype,Utils,f90src/Utils/ModelStatusType.F90,/Users/jinyuntang/work/github/ecosim_workspace/main/f90src/Utils/ModelStatusType.F90,79,85,function print_err(this),False,False,0,0,
strtoolsmod::parse_var_val_string@f90src/utils/strtoolsmod.f90:16,parse_var_val_string,strtoolsmod::parse_var_val_string,subroutine,strtoolsmod,Utils,f90src/Utils/StrToolsMod.F90,/Users/jinyuntang/work/github/ecosim_workspace/main/f90src/Utils/StrToolsMod.F90,16,112,"SUBROUTINE parse_var_val_string(input_string, var_array, val_array, num_pairs_found)",False,True,1,0,
strtoolsmod::are_strings_equal_icase@f90src/utils/strtoolsmod.f90:117,are_strings_equal_icase,strtoolsmod::are_strings_equal_icase,function,strtoolsmod,Utils,f90src/Utils/StrToolsMod.F90,/Users/jinyuntang/work/github/ecosim_workspace/main/f90src/Utils/StrToolsMod.F90,117,161,"LOGICAL FUNCTION are_strings_equal_icase(str1, str2)",False,True,1,1,
strtoolsmod::to_lower_char@f90src/utils/strtoolsmod.f90:166,to_lower_char,strtoolsmod::to_lower_char,function,strtoolsmod,Utils,f90src/Utils/StrToolsMod.F90,/Users/jinyuntang/work/github/ecosim_workspace/main/f90src/Utils/StrToolsMod.F90,166,193,CHARACTER(LEN=1) FUNCTION to_lower_char(c),False,True,2,0,
strtoolsmod::extract_number_and_unit@f90src/utils/strtoolsmod.f90:197,extract_number_and_unit,strtoolsmod::extract_number_and_unit,function,strtoolsmod,Utils,f90src/Utils/StrToolsMod.F90,/Users/jinyuntang/work/github/ecosim_workspace/main/f90src/Utils/StrToolsMod.F90,197,286,"FUNCTION extract_number_and_unit(input_string, number_out, unit_out)result(success_out)",False,True,3,0,
strtoolsmod::to_lower_string@f90src/utils/strtoolsmod.f90:288,to_lower_string,strtoolsmod::to_lower_string,function,strtoolsmod,Utils,f90src/Utils/StrToolsMod.F90,/Users/jinyuntang/work/github/ecosim_workspace/main/f90src/Utils/StrToolsMod.F90,288,306,FUNCTION to_lower_string(input_str),False,True,2,2,
strtoolsmod::is_substring_present@f90src/utils/strtoolsmod.f90:308,is_substring_present,strtoolsmod::is_substring_present,function,strtoolsmod,Utils,f90src/Utils/StrToolsMod.F90,/Users/jinyuntang/work/github/ecosim_workspace/main/f90src/Utils/StrToolsMod.F90,308,345,"LOGICAL FUNCTION is_substring_present(x, y, ignore_case)",False,True,1,1,
testmod::init@f90src/utils/testmod.f90:60,init,testmod::init,subroutine,testmod,Utils,f90src/Utils/TestMod.F90,/Users/jinyuntang/work/github/ecosim_workspace/main/f90src/Utils/TestMod.F90,60,77,"subroutine Init(this, namelist_file, case_name)",False,False,0,4,
testmod::readnamelist@f90src/utils/testmod.f90:81,readnamelist,testmod::readnamelist,subroutine,testmod,Utils,f90src/Utils/TestMod.F90,/Users/jinyuntang/work/github/ecosim_workspace/main/f90src/Utils/TestMod.F90,81,142,"subroutine ReadNamelist(this, namelist_file, err_status)",False,False,0,4,
testmod::checkinput@f90src/utils/testmod.f90:146,checkinput,testmod::checkinput,subroutine,testmod,Utils,f90src/Utils/TestMod.F90,/Users/jinyuntang/work/github/ecosim_workspace/main/f90src/Utils/TestMod.F90,146,162,"subroutine CheckInput(this, err_status)",False,False,1,2,
testmod::openoutput@f90src/utils/testmod.f90:166,openoutput,testmod::openoutput,subroutine,testmod,Utils,f90src/Utils/TestMod.F90,/Users/jinyuntang/work/github/ecosim_workspace/main/f90src/Utils/TestMod.F90,166,179,subroutine OpenOutput(this),False,True,1,0,
testmod::closeoutput@f90src/utils/testmod.f90:184,closeoutput,testmod::closeoutput,subroutine,testmod,Utils,f90src/Utils/TestMod.F90,/Users/jinyuntang/work/github/ecosim_workspace/main/f90src/Utils/TestMod.F90,184,193,subroutine CloseOutput(this),False,True,1,0,
testmod::writedata@f90src/utils/testmod.f90:198,writedata,testmod::writedata,subroutine,testmod,Utils,f90src/Utils/TestMod.F90,/Users/jinyuntang/work/github/ecosim_workspace/main/f90src/Utils/TestMod.F90,198,254,"subroutine WriteData(this, category, name, data)",False,True,1,0,
testmod::create_error_status_type@f90src/utils/testmod.f90:259,create_error_status_type,testmod::create_error_status_type,function,testmod,Utils,f90src/Utils/TestMod.F90,/Users/jinyuntang/work/github/ecosim_workspace/main/f90src/Utils/TestMod.F90,259,269,function create_error_status_type(),False,False,0,0,
testmod::reset@f90src/utils/testmod.f90:271,reset,testmod::reset,subroutine,testmod,Utils,f90src/Utils/TestMod.F90,/Users/jinyuntang/work/github/ecosim_workspace/main/f90src/Utils/TestMod.F90,271,277,subroutine reset(this),False,False,0,0,
testmod::set_msg@f90src/utils/testmod.f90:279,set_msg,testmod::set_msg,subroutine,testmod,Utils,f90src/Utils/TestMod.F90,/Users/jinyuntang/work/github/ecosim_workspace/main/f90src/Utils/TestMod.F90,279,292,"subroutine set_msg(this, msg, err, c)",False,False,0,0,
testmod::check_status@f90src/utils/testmod.f90:294,check_status,testmod::check_status,function,testmod,Utils,f90src/Utils/TestMod.F90,/Users/jinyuntang/work/github/ecosim_workspace/main/f90src/Utils/TestMod.F90,294,303,function check_status(this)result(ans),False,False,0,0,
testmod::print_msg@f90src/utils/testmod.f90:305,print_msg,testmod::print_msg,function,testmod,Utils,f90src/Utils/TestMod.F90,/Users/jinyuntang/work/github/ecosim_workspace/main/f90src/Utils/TestMod.F90,305,311,function print_msg(this),False,False,0,0,
testmod::print_err@f90src/utils/testmod.f90:314,print_err,testmod::print_err,function,testmod,Utils,f90src/Utils/TestMod.F90,/Users/jinyuntang/work/github/ecosim_workspace/main/f90src/Utils/TestMod.F90,314,320,function print_err(this),False,False,0,0,
testmod::errmsg@f90src/utils/testmod.f90:324,errmsg,testmod::errmsg,function,testmod,Utils,f90src/Utils/TestMod.F90,/Users/jinyuntang/work/github/ecosim_workspace/main/f90src/Utils/TestMod.F90,324,338,"function errMsg(file, line)",False,True,16,0,
unitmod::init@f90src/utils/unitmod.f90:44,init,unitmod::init,subroutine,unitmod,Utils,f90src/Utils/UnitMod.F90,/Users/jinyuntang/work/github/ecosim_workspace/main/f90src/Utils/UnitMod.F90,44,67,subroutine Init(this),False,False,0,0,
unitmod::celcius2kelvin@f90src/utils/unitmod.f90:70,celcius2kelvin,unitmod::celcius2kelvin,function,unitmod,Utils,f90src/Utils/UnitMod.F90,/Users/jinyuntang/work/github/ecosim_workspace/main/f90src/Utils/UnitMod.F90,70,82,"elemental function Celcius2Kelvin(this,TC)result(TK)",False,True,8,0,
unitmod::get_secondsperday@f90src/utils/unitmod.f90:84,get_secondsperday,unitmod::get_secondsperday,function,unitmod,Utils,f90src/Utils/UnitMod.F90,/Users/jinyuntang/work/github/ecosim_workspace/main/f90src/Utils/UnitMod.F90,84,91,elemental function get_SecondsPerDay(this)result(ans),False,False,0,0,
unitmod::kelvin2celcius@f90src/utils/unitmod.f90:93,kelvin2celcius,unitmod::kelvin2celcius,function,unitmod,Utils,f90src/Utils/UnitMod.F90,/Users/jinyuntang/work/github/ecosim_workspace/main/f90src/Utils/UnitMod.F90,93,105,"elemental function Kelvin2Celcius(this,TK)result(TC)",False,True,13,0,
unitmod::fahrenheit2celcius@f90src/utils/unitmod.f90:108,fahrenheit2celcius,unitmod::fahrenheit2celcius,function,unitmod,Utils,f90src/Utils/UnitMod.F90,/Users/jinyuntang/work/github/ecosim_workspace/main/f90src/Utils/UnitMod.F90,108,117,"elemental function Fahrenheit2Celcius(this,F)result(C)",False,False,0,0,
unitmod::celcius2fahrenheit@f90src/utils/unitmod.f90:120,celcius2fahrenheit,unitmod::celcius2fahrenheit,function,unitmod,Utils,f90src/Utils/UnitMod.F90,/Users/jinyuntang/work/github/ecosim_workspace/main/f90src/Utils/UnitMod.F90,120,129,"elemental function Celcius2Fahrenheit(this,C)result(F)",False,False,0,0,
abortutils::endrun_vanilla@f90src/utils/abortutils.f90:80,endrun_vanilla,abortutils::endrun_vanilla,subroutine,abortutils,Utils,f90src/Utils/abortutils.F90,/Users/jinyuntang/work/github/ecosim_workspace/main/f90src/Utils/abortutils.F90,80,101,subroutine endrun_vanilla(msg),False,False,0,0,
abortutils::endrun_line@f90src/utils/abortutils.f90:104,endrun_line,abortutils::endrun_line,subroutine,abortutils,Utils,f90src/Utils/abortutils.F90,/Users/jinyuntang/work/github/ecosim_workspace/main/f90src/Utils/abortutils.F90,104,121,"subroutine endrun_line(msg,line)",False,False,0,0,
abortutils::endrun_globalindex@f90src/utils/abortutils.f90:124,endrun_globalindex,abortutils::endrun_globalindex,subroutine,abortutils,Utils,f90src/Utils/abortutils.F90,/Users/jinyuntang/work/github/ecosim_workspace/main/f90src/Utils/abortutils.F90,124,153,"subroutine endrun_globalindex(decomp_index, elmlevel, msg)",False,False,0,0,
abortutils::padl@f90src/utils/abortutils.f90:157,padl,abortutils::padl,function,abortutils,Utils,f90src/Utils/abortutils.F90,/Users/jinyuntang/work/github/ecosim_workspace/main/f90src/Utils/abortutils.F90,157,193,"function padl(str,width,symbol) result(padded_str)",False,False,0,0,
abortutils::padr@f90src/utils/abortutils.f90:197,padr,abortutils::padr,function,abortutils,Utils,f90src/Utils/abortutils.F90,/Users/jinyuntang/work/github/ecosim_workspace/main/f90src/Utils/abortutils.F90,197,233,"function padr(str,width,symbol) result(padded_str)",False,False,0,0,
abortutils::print_info_arr@f90src/utils/abortutils.f90:237,print_info_arr,abortutils::print_info_arr,subroutine,abortutils,Utils,f90src/Utils/abortutils.F90,/Users/jinyuntang/work/github/ecosim_workspace/main/f90src/Utils/abortutils.F90,237,258,"subroutine print_info_arr(msg,strarr,valarr)",False,False,0,0,
abortutils::print_info_msg@f90src/utils/abortutils.f90:261,print_info_msg,abortutils::print_info_msg,subroutine,abortutils,Utils,f90src/Utils/abortutils.F90,/Users/jinyuntang/work/github/ecosim_workspace/main/f90src/Utils/abortutils.F90,261,270,"subroutine print_info_msg(msg,lineno)",False,False,0,0,
abortutils::check_bool@f90src/utils/abortutils.f90:273,check_bool,abortutils::check_bool,subroutine,abortutils,Utils,f90src/Utils/abortutils.F90,/Users/jinyuntang/work/github/ecosim_workspace/main/f90src/Utils/abortutils.F90,273,284,"subroutine check_bool(bool_expr, msg, lineno, modfile)",False,True,1,1,
abortutils::destroy_1d_r@f90src/utils/abortutils.f90:287,destroy_1d_r,abortutils::destroy_1d_r,subroutine,abortutils,Utils,f90src/Utils/abortutils.F90,/Users/jinyuntang/work/github/ecosim_workspace/main/f90src/Utils/abortutils.F90,287,293,subroutine destroy_1d_r(arr),False,False,0,0,
abortutils::destroy_2d_r@f90src/utils/abortutils.f90:295,destroy_2d_r,abortutils::destroy_2d_r,subroutine,abortutils,Utils,f90src/Utils/abortutils.F90,/Users/jinyuntang/work/github/ecosim_workspace/main/f90src/Utils/abortutils.F90,295,301,subroutine destroy_2d_r(arr),False,False,0,0,
abortutils::destroy_3d_r@f90src/utils/abortutils.f90:303,destroy_3d_r,abortutils::destroy_3d_r,subroutine,abortutils,Utils,f90src/Utils/abortutils.F90,/Users/jinyuntang/work/github/ecosim_workspace/main/f90src/Utils/abortutils.F90,303,309,subroutine destroy_3d_r(arr),False,False,0,0,
abortutils::destroy_4d_r@f90src/utils/abortutils.f90:311,destroy_4d_r,abortutils::destroy_4d_r,subroutine,abortutils,Utils,f90src/Utils/abortutils.F90,/Users/jinyuntang/work/github/ecosim_workspace/main/f90src/Utils/abortutils.F90,311,317,subroutine destroy_4d_r(arr),False,False,0,0,
abortutils::destroy_5d_r@f90src/utils/abortutils.f90:319,destroy_5d_r,abortutils::destroy_5d_r,subroutine,abortutils,Utils,f90src/Utils/abortutils.F90,/Users/jinyuntang/work/github/ecosim_workspace/main/f90src/Utils/abortutils.F90,319,325,subroutine destroy_5d_r(arr),False,False,0,0,
abortutils::destroy_6d_r@f90src/utils/abortutils.f90:327,destroy_6d_r,abortutils::destroy_6d_r,subroutine,abortutils,Utils,f90src/Utils/abortutils.F90,/Users/jinyuntang/work/github/ecosim_workspace/main/f90src/Utils/abortutils.F90,327,333,subroutine destroy_6d_r(arr),False,False,0,0,
abortutils::destroy_7d_r@f90src/utils/abortutils.f90:335,destroy_7d_r,abortutils::destroy_7d_r,subroutine,abortutils,Utils,f90src/Utils/abortutils.F90,/Users/jinyuntang/work/github/ecosim_workspace/main/f90src/Utils/abortutils.F90,335,341,subroutine destroy_7d_r(arr),False,False,0,0,
abortutils::destroy_1d_i@f90src/utils/abortutils.f90:343,destroy_1d_i,abortutils::destroy_1d_i,subroutine,abortutils,Utils,f90src/Utils/abortutils.F90,/Users/jinyuntang/work/github/ecosim_workspace/main/f90src/Utils/abortutils.F90,343,349,subroutine destroy_1d_i(arr),False,False,0,0,
abortutils::destroy_2d_i@f90src/utils/abortutils.f90:351,destroy_2d_i,abortutils::destroy_2d_i,subroutine,abortutils,Utils,f90src/Utils/abortutils.F90,/Users/jinyuntang/work/github/ecosim_workspace/main/f90src/Utils/abortutils.F90,351,357,subroutine destroy_2d_i(arr),False,False,0,0,
abortutils::destroy_3d_i@f90src/utils/abortutils.f90:359,destroy_3d_i,abortutils::destroy_3d_i,subroutine,abortutils,Utils,f90src/Utils/abortutils.F90,/Users/jinyuntang/work/github/ecosim_workspace/main/f90src/Utils/abortutils.F90,359,365,subroutine destroy_3d_i(arr),False,False,0,0,
abortutils::destroy_4d_i@f90src/utils/abortutils.f90:367,destroy_4d_i,abortutils::destroy_4d_i,subroutine,abortutils,Utils,f90src/Utils/abortutils.F90,/Users/jinyuntang/work/github/ecosim_workspace/main/f90src/Utils/abortutils.F90,367,373,subroutine destroy_4d_i(arr),False,False,0,0,
abortutils::destroy_5d_i@f90src/utils/abortutils.f90:375,destroy_5d_i,abortutils::destroy_5d_i,subroutine,abortutils,Utils,f90src/Utils/abortutils.F90,/Users/jinyuntang/work/github/ecosim_workspace/main/f90src/Utils/abortutils.F90,375,381,subroutine destroy_5d_i(arr),False,False,0,0,
abortutils::destroy_6d_i@f90src/utils/abortutils.f90:383,destroy_6d_i,abortutils::destroy_6d_i,subroutine,abortutils,Utils,f90src/Utils/abortutils.F90,/Users/jinyuntang/work/github/ecosim_workspace/main/f90src/Utils/abortutils.F90,383,389,subroutine destroy_6d_i(arr),False,False,0,0,
abortutils::destroy_7d_i@f90src/utils/abortutils.f90:391,destroy_7d_i,abortutils::destroy_7d_i,subroutine,abortutils,Utils,f90src/Utils/abortutils.F90,/Users/jinyuntang/work/github/ecosim_workspace/main/f90src/Utils/abortutils.F90,391,397,subroutine destroy_7d_i(arr),False,False,0,0,
abortutils::destroy_1d_l@f90src/utils/abortutils.f90:399,destroy_1d_l,abortutils::destroy_1d_l,subroutine,abortutils,Utils,f90src/Utils/abortutils.F90,/Users/jinyuntang/work/github/ecosim_workspace/main/f90src/Utils/abortutils.F90,399,405,subroutine destroy_1d_l(arr),False,False,0,0,
abortutils::destroy_2d_l@f90src/utils/abortutils.f90:407,destroy_2d_l,abortutils::destroy_2d_l,subroutine,abortutils,Utils,f90src/Utils/abortutils.F90,/Users/jinyuntang/work/github/ecosim_workspace/main/f90src/Utils/abortutils.F90,407,413,subroutine destroy_2d_l(arr),False,False,0,0,
abortutils::destroy_3d_l@f90src/utils/abortutils.f90:415,destroy_3d_l,abortutils::destroy_3d_l,subroutine,abortutils,Utils,f90src/Utils/abortutils.F90,/Users/jinyuntang/work/github/ecosim_workspace/main/f90src/Utils/abortutils.F90,415,421,subroutine destroy_3d_l(arr),False,False,0,0,
abortutils::destroy_4d_l@f90src/utils/abortutils.f90:423,destroy_4d_l,abortutils::destroy_4d_l,subroutine,abortutils,Utils,f90src/Utils/abortutils.F90,/Users/jinyuntang/work/github/ecosim_workspace/main/f90src/Utils/abortutils.F90,423,429,subroutine destroy_4d_l(arr),False,False,0,0,
abortutils::destroy_1d_char@f90src/utils/abortutils.f90:433,destroy_1d_char,abortutils::destroy_1d_char,subroutine,abortutils,Utils,f90src/Utils/abortutils.F90,/Users/jinyuntang/work/github/ecosim_workspace/main/f90src/Utils/abortutils.F90,433,439,subroutine destroy_1d_char(arr),False,False,0,0,
abortutils::destroy_2d_char@f90src/utils/abortutils.f90:442,destroy_2d_char,abortutils::destroy_2d_char,subroutine,abortutils,Utils,f90src/Utils/abortutils.F90,/Users/jinyuntang/work/github/ecosim_workspace/main/f90src/Utils/abortutils.F90,442,448,subroutine destroy_2d_char(arr),False,False,0,0,
abortutils::destroy_3d_char@f90src/utils/abortutils.f90:450,destroy_3d_char,abortutils::destroy_3d_char,subroutine,abortutils,Utils,f90src/Utils/abortutils.F90,/Users/jinyuntang/work/github/ecosim_workspace/main/f90src/Utils/abortutils.F90,450,456,subroutine destroy_3d_char(arr),False,False,0,0,
abortutils::destroy_4d_char@f90src/utils/abortutils.f90:459,destroy_4d_char,abortutils::destroy_4d_char,subroutine,abortutils,Utils,f90src/Utils/abortutils.F90,/Users/jinyuntang/work/github/ecosim_workspace/main/f90src/Utils/abortutils.F90,459,465,subroutine destroy_4d_char(arr),False,False,0,0,
abortutils::destroy_1d_rpt@f90src/utils/abortutils.f90:469,destroy_1d_rpt,abortutils::destroy_1d_rpt,subroutine,abortutils,Utils,f90src/Utils/abortutils.F90,/Users/jinyuntang/work/github/ecosim_workspace/main/f90src/Utils/abortutils.F90,469,475,subroutine destroy_1d_rpt(arr),False,False,0,0,
abortutils::destroy_2d_rpt@f90src/utils/abortutils.f90:477,destroy_2d_rpt,abortutils::destroy_2d_rpt,subroutine,abortutils,Utils,f90src/Utils/abortutils.F90,/Users/jinyuntang/work/github/ecosim_workspace/main/f90src/Utils/abortutils.F90,477,483,subroutine destroy_2d_rpt(arr),False,False,0,0,
abortutils::destroy_3d_rpt@f90src/utils/abortutils.f90:485,destroy_3d_rpt,abortutils::destroy_3d_rpt,subroutine,abortutils,Utils,f90src/Utils/abortutils.F90,/Users/jinyuntang/work/github/ecosim_workspace/main/f90src/Utils/abortutils.F90,485,491,subroutine destroy_3d_rpt(arr),False,False,0,0,
abortutils::destroy_4d_rpt@f90src/utils/abortutils.f90:493,destroy_4d_rpt,abortutils::destroy_4d_rpt,subroutine,abortutils,Utils,f90src/Utils/abortutils.F90,/Users/jinyuntang/work/github/ecosim_workspace/main/f90src/Utils/abortutils.F90,493,499,subroutine destroy_4d_rpt(arr),False,False,0,0,
abortutils::destroy_5d_rpt@f90src/utils/abortutils.f90:501,destroy_5d_rpt,abortutils::destroy_5d_rpt,subroutine,abortutils,Utils,f90src/Utils/abortutils.F90,/Users/jinyuntang/work/github/ecosim_workspace/main/f90src/Utils/abortutils.F90,501,507,subroutine destroy_5d_rpt(arr),False,False,0,0,
abortutils::destroy_6d_rpt@f90src/utils/abortutils.f90:509,destroy_6d_rpt,abortutils::destroy_6d_rpt,subroutine,abortutils,Utils,f90src/Utils/abortutils.F90,/Users/jinyuntang/work/github/ecosim_workspace/main/f90src/Utils/abortutils.F90,509,515,subroutine destroy_6d_rpt(arr),False,False,0,0,
abortutils::destroy_7d_rpt@f90src/utils/abortutils.f90:517,destroy_7d_rpt,abortutils::destroy_7d_rpt,subroutine,abortutils,Utils,f90src/Utils/abortutils.F90,/Users/jinyuntang/work/github/ecosim_workspace/main/f90src/Utils/abortutils.F90,517,523,subroutine destroy_7d_rpt(arr),False,False,0,0,
abortutils::destroy_1d_ipt@f90src/utils/abortutils.f90:525,destroy_1d_ipt,abortutils::destroy_1d_ipt,subroutine,abortutils,Utils,f90src/Utils/abortutils.F90,/Users/jinyuntang/work/github/ecosim_workspace/main/f90src/Utils/abortutils.F90,525,531,subroutine destroy_1d_ipt(arr),False,False,0,0,
abortutils::destroy_2d_ipt@f90src/utils/abortutils.f90:533,destroy_2d_ipt,abortutils::destroy_2d_ipt,subroutine,abortutils,Utils,f90src/Utils/abortutils.F90,/Users/jinyuntang/work/github/ecosim_workspace/main/f90src/Utils/abortutils.F90,533,539,subroutine destroy_2d_ipt(arr),False,False,0,0,
abortutils::destroy_3d_ipt@f90src/utils/abortutils.f90:541,destroy_3d_ipt,abortutils::destroy_3d_ipt,subroutine,abortutils,Utils,f90src/Utils/abortutils.F90,/Users/jinyuntang/work/github/ecosim_workspace/main/f90src/Utils/abortutils.F90,541,547,subroutine destroy_3d_ipt(arr),False,False,0,0,
abortutils::destroy_4d_ipt@f90src/utils/abortutils.f90:549,destroy_4d_ipt,abortutils::destroy_4d_ipt,subroutine,abortutils,Utils,f90src/Utils/abortutils.F90,/Users/jinyuntang/work/github/ecosim_workspace/main/f90src/Utils/abortutils.F90,549,555,subroutine destroy_4d_ipt(arr),False,False,0,0,
abortutils::destroy_5d_ipt@f90src/utils/abortutils.f90:557,destroy_5d_ipt,abortutils::destroy_5d_ipt,subroutine,abortutils,Utils,f90src/Utils/abortutils.F90,/Users/jinyuntang/work/github/ecosim_workspace/main/f90src/Utils/abortutils.F90,557,563,subroutine destroy_5d_ipt(arr),False,False,0,0,
abortutils::destroy_6d_ipt@f90src/utils/abortutils.f90:565,destroy_6d_ipt,abortutils::destroy_6d_ipt,subroutine,abortutils,Utils,f90src/Utils/abortutils.F90,/Users/jinyuntang/work/github/ecosim_workspace/main/f90src/Utils/abortutils.F90,565,571,subroutine destroy_6d_ipt(arr),False,False,0,0,
abortutils::destroy_7d_ipt@f90src/utils/abortutils.f90:573,destroy_7d_ipt,abortutils::destroy_7d_ipt,subroutine,abortutils,Utils,f90src/Utils/abortutils.F90,/Users/jinyuntang/work/github/ecosim_workspace/main/f90src/Utils/abortutils.F90,573,579,subroutine destroy_7d_ipt(arr),False,False,0,0,
abortutils::destroy_1d_lpt@f90src/utils/abortutils.f90:581,destroy_1d_lpt,abortutils::destroy_1d_lpt,subroutine,abortutils,Utils,f90src/Utils/abortutils.F90,/Users/jinyuntang/work/github/ecosim_workspace/main/f90src/Utils/abortutils.F90,581,587,subroutine destroy_1d_lpt(arr),False,False,0,0,
abortutils::destroy_1d_charpt@f90src/utils/abortutils.f90:591,destroy_1d_charpt,abortutils::destroy_1d_charpt,subroutine,abortutils,Utils,f90src/Utils/abortutils.F90,/Users/jinyuntang/work/github/ecosim_workspace/main/f90src/Utils/abortutils.F90,591,597,subroutine destroy_1d_charpt(arr),False,False,0,0,
abortutils::destroy_2d_charpt@f90src/utils/abortutils.f90:600,destroy_2d_charpt,abortutils::destroy_2d_charpt,subroutine,abortutils,Utils,f90src/Utils/abortutils.F90,/Users/jinyuntang/work/github/ecosim_workspace/main/f90src/Utils/abortutils.F90,600,606,subroutine destroy_2d_charpt(arr),False,False,0,0,
abortutils::destroy_3d_charpt@f90src/utils/abortutils.f90:608,destroy_3d_charpt,abortutils::destroy_3d_charpt,subroutine,abortutils,Utils,f90src/Utils/abortutils.F90,/Users/jinyuntang/work/github/ecosim_workspace/main/f90src/Utils/abortutils.F90,608,614,subroutine destroy_3d_charpt(arr),False,False,0,0,
abortutils::destroy_4d_charpt@f90src/utils/abortutils.f90:617,destroy_4d_charpt,abortutils::destroy_4d_charpt,subroutine,abortutils,Utils,f90src/Utils/abortutils.F90,/Users/jinyuntang/work/github/ecosim_workspace/main/f90src/Utils/abortutils.F90,617,623,subroutine destroy_4d_charpt(arr),False,False,0,0,
ecosim_log_mod::shr_log_errmsg@f90src/utils/ecosim_log_mod.f90:62,shr_log_errmsg,ecosim_log_mod::shr_log_errmsg,function,ecosim_log_mod,Utils,f90src/Utils/ecosim_log_mod.F90,/Users/jinyuntang/work/github/ecosim_workspace/main/f90src/Utils/ecosim_log_mod.F90,62,76,"function shr_log_errMsg(file, line)",False,True,6,0,
ecosim_time_mod::setclock@f90src/utils/ecosim_time_mod.f90:102,setclock,ecosim_time_mod::setclock,subroutine,ecosim_time_mod,Utils,f90src/Utils/ecosim_time_mod.F90,/Users/jinyuntang/work/github/ecosim_workspace/main/f90src/Utils/ecosim_time_mod.F90,102,119,"subroutine setClock(this, dtime, nelapstep)",False,False,0,1,
ecosim_time_mod::get_curr_time@f90src/utils/ecosim_time_mod.f90:121,get_curr_time,ecosim_time_mod::get_curr_time,function,ecosim_time_mod,Utils,f90src/Utils/ecosim_time_mod.F90,/Users/jinyuntang/work/github/ecosim_workspace/main/f90src/Utils/ecosim_time_mod.F90,121,128,function get_curr_time(this)result(ans),False,True,2,0,
ecosim_time_mod::get_curr_timeful@f90src/utils/ecosim_time_mod.f90:130,get_curr_timeful,ecosim_time_mod::get_curr_timeful,function,ecosim_time_mod,Utils,f90src/Utils/ecosim_time_mod.F90,/Users/jinyuntang/work/github/ecosim_workspace/main/f90src/Utils/ecosim_time_mod.F90,130,137,function get_curr_timeful(this)result(ans),False,False,0,0,
ecosim_time_mod::init@f90src/utils/ecosim_time_mod.f90:139,init,ecosim_time_mod::init,subroutine,ecosim_time_mod,Utils,f90src/Utils/ecosim_time_mod.F90,/Users/jinyuntang/work/github/ecosim_workspace/main/f90src/Utils/ecosim_time_mod.F90,139,182,"subroutine Init(this, namelist_buffer, masterproc, year0, nyears)",False,False,0,2,
ecosim_time_mod::config_diag@f90src/utils/ecosim_time_mod.f90:185,config_diag,ecosim_time_mod::config_diag,subroutine,ecosim_time_mod,Utils,f90src/Utils/ecosim_time_mod.F90,/Users/jinyuntang/work/github/ecosim_workspace/main/f90src/Utils/ecosim_time_mod.F90,185,194,"subroutine config_diag(this,diag_frq,diag_opt)",False,False,0,0,
ecosim_time_mod::config_restart@f90src/utils/ecosim_time_mod.f90:196,config_restart,ecosim_time_mod::config_restart,subroutine,ecosim_time_mod,Utils,f90src/Utils/ecosim_time_mod.F90,/Users/jinyuntang/work/github/ecosim_workspace/main/f90src/Utils/ecosim_time_mod.F90,196,206,"subroutine config_restart(this,rest_frq,rest_opt)",False,False,0,0,
ecosim_time_mod::readnamelist@f90src/utils/ecosim_time_mod.f90:209,readnamelist,ecosim_time_mod::readnamelist,subroutine,ecosim_time_mod,Utils,f90src/Utils/ecosim_time_mod.F90,/Users/jinyuntang/work/github/ecosim_workspace/main/f90src/Utils/ecosim_time_mod.F90,209,304,"subroutine ReadNamelist(this, namelist_buffer, masterproc)",False,False,0,2,
ecosim_time_mod::its_time_to_write_restart@f90src/utils/ecosim_time_mod.f90:307,its_time_to_write_restart,ecosim_time_mod::its_time_to_write_restart,function,ecosim_time_mod,Utils,f90src/Utils/ecosim_time_mod.F90,/Users/jinyuntang/work/github/ecosim_workspace/main/f90src/Utils/ecosim_time_mod.F90,307,354,"function its_time_to_write_restart(this,nlend)result(ans)",False,True,1,5,
ecosim_time_mod::its_time_to_diag@f90src/utils/ecosim_time_mod.f90:356,its_time_to_diag,ecosim_time_mod::its_time_to_diag,function,ecosim_time_mod,Utils,f90src/Utils/ecosim_time_mod.F90,/Users/jinyuntang/work/github/ecosim_workspace/main/f90src/Utils/ecosim_time_mod.F90,356,401,function its_time_to_diag(this)result(ans),False,False,0,5,
ecosim_time_mod::its_time_to_exit@f90src/utils/ecosim_time_mod.f90:403,its_time_to_exit,ecosim_time_mod::its_time_to_exit,function,ecosim_time_mod,Utils,f90src/Utils/ecosim_time_mod.F90,/Users/jinyuntang/work/github/ecosim_workspace/main/f90src/Utils/ecosim_time_mod.F90,403,417,function its_time_to_exit(this) result(ans),False,True,2,0,
ecosim_time_mod::update_time_stamp@f90src/utils/ecosim_time_mod.f90:420,update_time_stamp,ecosim_time_mod::update_time_stamp,subroutine,ecosim_time_mod,Utils,f90src/Utils/ecosim_time_mod.F90,/Users/jinyuntang/work/github/ecosim_workspace/main/f90src/Utils/ecosim_time_mod.F90,420,493,subroutine update_time_stamp(this),False,True,1,5,
ecosim_time_mod::get_step_size@f90src/utils/ecosim_time_mod.f90:496,get_step_size,ecosim_time_mod::get_step_size,function,ecosim_time_mod,Utils,f90src/Utils/ecosim_time_mod.F90,/Users/jinyuntang/work/github/ecosim_workspace/main/f90src/Utils/ecosim_time_mod.F90,496,507,real(r8) function get_step_size(this) result(rc),False,True,2,0,
ecosim_time_mod::get_nstep@f90src/utils/ecosim_time_mod.f90:510,get_nstep,ecosim_time_mod::get_nstep,function,ecosim_time_mod,Utils,f90src/Utils/ecosim_time_mod.F90,/Users/jinyuntang/work/github/ecosim_workspace/main/f90src/Utils/ecosim_time_mod.F90,510,521,integer function get_nstep(this),False,True,5,0,
ecosim_time_mod::set_nstep@f90src/utils/ecosim_time_mod.f90:525,set_nstep,ecosim_time_mod::set_nstep,subroutine,ecosim_time_mod,Utils,f90src/Utils/ecosim_time_mod.F90,/Users/jinyuntang/work/github/ecosim_workspace/main/f90src/Utils/ecosim_time_mod.F90,525,540,"subroutine set_nstep(this, nstep)",False,False,0,1,
ecosim_time_mod::set_time_offset@f90src/utils/ecosim_time_mod.f90:544,set_time_offset,ecosim_time_mod::set_time_offset,subroutine,ecosim_time_mod,Utils,f90src/Utils/ecosim_time_mod.F90,/Users/jinyuntang/work/github/ecosim_workspace/main/f90src/Utils/ecosim_time_mod.F90,544,613,"subroutine set_time_offset(this, nstep, tstep, continue_run)",False,False,0,3,
ecosim_time_mod::proc_nextstep@f90src/utils/ecosim_time_mod.f90:616,proc_nextstep,ecosim_time_mod::proc_nextstep,subroutine,ecosim_time_mod,Utils,f90src/Utils/ecosim_time_mod.F90,/Users/jinyuntang/work/github/ecosim_workspace/main/f90src/Utils/ecosim_time_mod.F90,616,623,subroutine proc_nextstep(this),False,True,1,0,
ecosim_time_mod::proc_initstep@f90src/utils/ecosim_time_mod.f90:626,proc_initstep,ecosim_time_mod::proc_initstep,subroutine,ecosim_time_mod,Utils,f90src/Utils/ecosim_time_mod.F90,/Users/jinyuntang/work/github/ecosim_workspace/main/f90src/Utils/ecosim_time_mod.F90,626,632,subroutine proc_initstep(this),False,False,0,0,
ecosim_time_mod::get_days_per_year@f90src/utils/ecosim_time_mod.f90:635,get_days_per_year,ecosim_time_mod::get_days_per_year,function,ecosim_time_mod,Utils,f90src/Utils/ecosim_time_mod.F90,/Users/jinyuntang/work/github/ecosim_workspace/main/f90src/Utils/ecosim_time_mod.F90,635,649,integer function get_days_per_year(this),False,False,0,0,
ecosim_time_mod::get_days_cur_year@f90src/utils/ecosim_time_mod.f90:652,get_days_cur_year,ecosim_time_mod::get_days_cur_year,function,ecosim_time_mod,Utils,f90src/Utils/ecosim_time_mod.F90,/Users/jinyuntang/work/github/ecosim_workspace/main/f90src/Utils/ecosim_time_mod.F90,652,659,integer function get_days_cur_year(this),False,True,1,2,
ecosim_time_mod::get_curr_mon_days@f90src/utils/ecosim_time_mod.f90:661,get_curr_mon_days,ecosim_time_mod::get_curr_mon_days,function,ecosim_time_mod,Utils,f90src/Utils/ecosim_time_mod.F90,/Users/jinyuntang/work/github/ecosim_workspace/main/f90src/Utils/ecosim_time_mod.F90,661,668,integer function get_curr_mon_days(this),False,False,0,0,
ecosim_time_mod::print_curr_time@f90src/utils/ecosim_time_mod.f90:671,print_curr_time,ecosim_time_mod::print_curr_time,subroutine,ecosim_time_mod,Utils,f90src/Utils/ecosim_time_mod.F90,/Users/jinyuntang/work/github/ecosim_workspace/main/f90src/Utils/ecosim_time_mod.F90,671,683,subroutine print_curr_time(this),False,False,0,0,
ecosim_time_mod::get_ymdhs@f90src/utils/ecosim_time_mod.f90:687,get_ymdhs,ecosim_time_mod::get_ymdhs,subroutine,ecosim_time_mod,Utils,f90src/Utils/ecosim_time_mod.F90,/Users/jinyuntang/work/github/ecosim_workspace/main/f90src/Utils/ecosim_time_mod.F90,687,695,"subroutine get_ymdhs(this, ymdhs)",False,True,3,0,
ecosim_time_mod::its_a_new_hour@f90src/utils/ecosim_time_mod.f90:697,its_a_new_hour,ecosim_time_mod::its_a_new_hour,function,ecosim_time_mod,Utils,f90src/Utils/ecosim_time_mod.F90,/Users/jinyuntang/work/github/ecosim_workspace/main/f90src/Utils/ecosim_time_mod.F90,697,705,function its_a_new_hour(this)result(yesno),False,True,3,0,
ecosim_time_mod::its_a_new_day@f90src/utils/ecosim_time_mod.f90:709,its_a_new_day,ecosim_time_mod::its_a_new_day,function,ecosim_time_mod,Utils,f90src/Utils/ecosim_time_mod.F90,/Users/jinyuntang/work/github/ecosim_workspace/main/f90src/Utils/ecosim_time_mod.F90,709,717,function its_a_new_day(this)result(yesno),False,True,6,0,
ecosim_time_mod::its_a_new_week@f90src/utils/ecosim_time_mod.f90:721,its_a_new_week,ecosim_time_mod::its_a_new_week,function,ecosim_time_mod,Utils,f90src/Utils/ecosim_time_mod.F90,/Users/jinyuntang/work/github/ecosim_workspace/main/f90src/Utils/ecosim_time_mod.F90,721,729,function its_a_new_week(this)result(yesno),False,True,3,0,
ecosim_time_mod::its_a_new_month@f90src/utils/ecosim_time_mod.f90:733,its_a_new_month,ecosim_time_mod::its_a_new_month,function,ecosim_time_mod,Utils,f90src/Utils/ecosim_time_mod.F90,/Users/jinyuntang/work/github/ecosim_workspace/main/f90src/Utils/ecosim_time_mod.F90,733,745,function its_a_new_month(this)result(yesno),False,True,5,0,
ecosim_time_mod::its_a_new_year@f90src/utils/ecosim_time_mod.f90:748,its_a_new_year,ecosim_time_mod::its_a_new_year,function,ecosim_time_mod,Utils,f90src/Utils/ecosim_time_mod.F90,/Users/jinyuntang/work/github/ecosim_workspace/main/f90src/Utils/ecosim_time_mod.F90,748,755,function its_a_new_year(this)result(yesno),False,True,9,0,
ecosim_time_mod::its_time_to_histflush@f90src/utils/ecosim_time_mod.f90:758,its_time_to_histflush,ecosim_time_mod::its_time_to_histflush,function,ecosim_time_mod,Utils,f90src/Utils/ecosim_time_mod.F90,/Users/jinyuntang/work/github/ecosim_workspace/main/f90src/Utils/ecosim_time_mod.F90,758,782,function its_time_to_histflush(this)result(yesno),False,False,0,4,
ecosim_time_mod::get_curr_year@f90src/utils/ecosim_time_mod.f90:784,get_curr_year,ecosim_time_mod::get_curr_year,function,ecosim_time_mod,Utils,f90src/Utils/ecosim_time_mod.F90,/Users/jinyuntang/work/github/ecosim_workspace/main/f90src/Utils/ecosim_time_mod.F90,784,789,function get_curr_year(this)result(ans),False,False,1,0,
ecosim_time_mod::get_curr_yearad@f90src/utils/ecosim_time_mod.f90:791,get_curr_yearad,ecosim_time_mod::get_curr_yearad,function,ecosim_time_mod,Utils,f90src/Utils/ecosim_time_mod.F90,/Users/jinyuntang/work/github/ecosim_workspace/main/f90src/Utils/ecosim_time_mod.F90,791,796,function get_curr_yearAD(this)result(ans),False,True,4,0,
ecosim_time_mod::get_curr_mon@f90src/utils/ecosim_time_mod.f90:798,get_curr_mon,ecosim_time_mod::get_curr_mon,function,ecosim_time_mod,Utils,f90src/Utils/ecosim_time_mod.F90,/Users/jinyuntang/work/github/ecosim_workspace/main/f90src/Utils/ecosim_time_mod.F90,798,805,function get_curr_mon(this)result(ans),False,True,2,0,
ecosim_time_mod::get_curr_day@f90src/utils/ecosim_time_mod.f90:808,get_curr_day,ecosim_time_mod::get_curr_day,function,ecosim_time_mod,Utils,f90src/Utils/ecosim_time_mod.F90,/Users/jinyuntang/work/github/ecosim_workspace/main/f90src/Utils/ecosim_time_mod.F90,808,813,function get_curr_day(this)result(ans),False,False,1,0,
ecosim_time_mod::is_first_step@f90src/utils/ecosim_time_mod.f90:815,is_first_step,ecosim_time_mod::is_first_step,function,ecosim_time_mod,Utils,f90src/Utils/ecosim_time_mod.F90,/Users/jinyuntang/work/github/ecosim_workspace/main/f90src/Utils/ecosim_time_mod.F90,815,822,function is_first_step(this)result(ans),False,False,0,0,
ecosim_time_mod::print_model_time_stamp@f90src/utils/ecosim_time_mod.f90:825,print_model_time_stamp,ecosim_time_mod::print_model_time_stamp,subroutine,ecosim_time_mod,Utils,f90src/Utils/ecosim_time_mod.F90,/Users/jinyuntang/work/github/ecosim_workspace/main/f90src/Utils/ecosim_time_mod.F90,825,848,"subroutine print_model_time_stamp(this, iulog)",False,False,0,6,
ecosim_time_mod::isleap@f90src/utils/ecosim_time_mod.f90:852,isleap,ecosim_time_mod::isleap,function,ecosim_time_mod,Utils,f90src/Utils/ecosim_time_mod.F90,/Users/jinyuntang/work/github/ecosim_workspace/main/f90src/Utils/ecosim_time_mod.F90,852,862,function isLeap(year)result(ans),False,True,6,0,
ecosim_time_mod::isleapi@f90src/utils/ecosim_time_mod.f90:864,isleapi,ecosim_time_mod::isleapi,function,ecosim_time_mod,Utils,f90src/Utils/ecosim_time_mod.F90,/Users/jinyuntang/work/github/ecosim_workspace/main/f90src/Utils/ecosim_time_mod.F90,864,877,function isLeapi(year)result(ans),False,False,2,1,
ecosim_time_mod::getdow@f90src/utils/ecosim_time_mod.f90:880,getdow,ecosim_time_mod::getdow,function,ecosim_time_mod,Utils,f90src/Utils/ecosim_time_mod.F90,/Users/jinyuntang/work/github/ecosim_workspace/main/f90src/Utils/ecosim_time_mod.F90,880,915,"function getdow(year,doy)result(ans)",False,False,1,1,
ecosim_time_mod::get_steps_from_ymdhs@f90src/utils/ecosim_time_mod.f90:918,get_steps_from_ymdhs,ecosim_time_mod::get_steps_from_ymdhs,subroutine,ecosim_time_mod,Utils,f90src/Utils/ecosim_time_mod.F90,/Users/jinyuntang/work/github/ecosim_workspace/main/f90src/Utils/ecosim_time_mod.F90,918,947,"subroutine get_steps_from_ymdhs(ymdhs,dtime_sec,etime_dat,year0)",False,False,0,1,
ecosim_time_mod::get_prev_time@f90src/utils/ecosim_time_mod.f90:949,get_prev_time,ecosim_time_mod::get_prev_time,subroutine,ecosim_time_mod,Utils,f90src/Utils/ecosim_time_mod.F90,/Users/jinyuntang/work/github/ecosim_workspace/main/f90src/Utils/ecosim_time_mod.F90,949,965,"subroutine get_prev_time(this,days, seconds)",False,True,1,0,
ecosim_time_mod::get_prev_date@f90src/utils/ecosim_time_mod.f90:967,get_prev_date,ecosim_time_mod::get_prev_date,subroutine,ecosim_time_mod,Utils,f90src/Utils/ecosim_time_mod.F90,/Users/jinyuntang/work/github/ecosim_workspace/main/f90src/Utils/ecosim_time_mod.F90,967,981,"subroutine get_prev_date(this,yr, mon, day, tod)",False,True,3,0,
ecosim_time_mod::get_curr_date@f90src/utils/ecosim_time_mod.f90:983,get_curr_date,ecosim_time_mod::get_curr_date,subroutine,ecosim_time_mod,Utils,f90src/Utils/ecosim_time_mod.F90,/Users/jinyuntang/work/github/ecosim_workspace/main/f90src/Utils/ecosim_time_mod.F90,983,997,"subroutine get_curr_date(this,yr,mon,day,tod)",False,True,4,0,
ecosim_time_mod::get_curr_doy@f90src/utils/ecosim_time_mod.f90:1000,get_curr_doy,ecosim_time_mod::get_curr_doy,function,ecosim_time_mod,Utils,f90src/Utils/ecosim_time_mod.F90,/Users/jinyuntang/work/github/ecosim_workspace/main/f90src/Utils/ecosim_time_mod.F90,1000,1007,integer function get_curr_doy(this),False,True,1,0,
ecosim_time_mod::get_curr_dom@f90src/utils/ecosim_time_mod.f90:1010,get_curr_dom,ecosim_time_mod::get_curr_dom,function,ecosim_time_mod,Utils,f90src/Utils/ecosim_time_mod.F90,/Users/jinyuntang/work/github/ecosim_workspace/main/f90src/Utils/ecosim_time_mod.F90,1010,1015,integer function get_curr_dom(this),False,False,0,0,
ecosim_time_mod::get_calendar@f90src/utils/ecosim_time_mod.f90:1017,get_calendar,ecosim_time_mod::get_calendar,function,ecosim_time_mod,Utils,f90src/Utils/ecosim_time_mod.F90,/Users/jinyuntang/work/github/ecosim_workspace/main/f90src/Utils/ecosim_time_mod.F90,1017,1039,"function get_calendar(this,prev)",False,True,2,2,
ecosim_time_mod::getdatetime@f90src/utils/ecosim_time_mod.f90:1042,getdatetime,ecosim_time_mod::getdatetime,subroutine,ecosim_time_mod,Utils,f90src/Utils/ecosim_time_mod.F90,/Users/jinyuntang/work/github/ecosim_workspace/main/f90src/Utils/ecosim_time_mod.F90,1042,1084,"subroutine getdatetime (this, cdate, ctime)",False,False,0,1,
ecosim_time_mod::update_sim_len@f90src/utils/ecosim_time_mod.f90:1086,update_sim_len,ecosim_time_mod::update_sim_len,subroutine,ecosim_time_mod,Utils,f90src/Utils/ecosim_time_mod.F90,/Users/jinyuntang/work/github/ecosim_workspace/main/f90src/Utils/ecosim_time_mod.F90,1086,1093,"subroutine update_sim_len(this, nstopyr)",False,True,1,0,
fileutil::file_exists@f90src/utils/fileutil.f90:35,file_exists,fileutil::file_exists,function,fileutil,Utils,f90src/Utils/fileUtil.F90,/Users/jinyuntang/work/github/ecosim_workspace/main/f90src/Utils/fileUtil.F90,35,45,function file_exists(filename) result(res),False,True,4,0,
fileutil::open_safe@f90src/utils/fileutil.f90:48,open_safe,fileutil::open_safe,subroutine,fileutil,Utils,f90src/Utils/fileUtil.F90,/Users/jinyuntang/work/github/ecosim_workspace/main/f90src/Utils/fileUtil.F90,48,78,"subroutine open_safe(lun,prefix,fname,status,location,lineno,lverb)",False,False,1,3,
fileutil::check_read@f90src/utils/fileutil.f90:82,check_read,fileutil::check_read,subroutine,fileutil,Utils,f90src/Utils/fileUtil.F90,/Users/jinyuntang/work/github/ecosim_workspace/main/f90src/Utils/fileUtil.F90,82,97,"subroutine check_read(ios,nelm,ifile,lineno,modfile)",False,False,0,1,
fileutil::remove_filename_extension@f90src/utils/fileutil.f90:101,remove_filename_extension,fileutil::remove_filename_extension,function,fileutil,Utils,f90src/Utils/fileUtil.F90,/Users/jinyuntang/work/github/ecosim_workspace/main/f90src/Utils/fileUtil.F90,101,121,function remove_filename_extension(filename) result(basename),False,False,0,0,
fileutil::namelist_to_buffer@f90src/utils/fileutil.f90:125,namelist_to_buffer,fileutil::namelist_to_buffer,subroutine,fileutil,Utils,f90src/Utils/fileUtil.F90,/Users/jinyuntang/work/github/ecosim_workspace/main/f90src/Utils/fileUtil.F90,125,176,"subroutine namelist_to_buffer(namelist_filename, namelist_buffer)",False,True,1,1,
fileutil::getfilenamef@f90src/utils/fileutil.f90:179,getfilenamef,fileutil::getfilenamef,subroutine,fileutil,Utils,f90src/Utils/fileUtil.F90,/Users/jinyuntang/work/github/ecosim_workspace/main/f90src/Utils/fileUtil.F90,179,212,"subroutine getfilenamef(s1,s2,s3)",False,False,1,1,
fileutil::isprtablesymb@f90src/utils/fileutil.f90:216,isprtablesymb,fileutil::isprtablesymb,function,fileutil,Utils,f90src/Utils/fileUtil.F90,/Users/jinyuntang/work/github/ecosim_workspace/main/f90src/Utils/fileUtil.F90,216,221,logical function isprtablesymb(c),False,False,0,0,
fileutil::getfil@f90src/utils/fileutil.f90:224,getfil,fileutil::getfil,subroutine,fileutil,Utils,f90src/Utils/fileUtil.F90,/Users/jinyuntang/work/github/ecosim_workspace/main/f90src/Utils/fileUtil.F90,224,281,"subroutine getfil (fulpath, locfn, iflag)",False,True,2,2,
fileutil::get_filename@f90src/utils/fileutil.f90:284,get_filename,fileutil::get_filename,function,fileutil,Utils,f90src/Utils/fileUtil.F90,/Users/jinyuntang/work/github/ecosim_workspace/main/f90src/Utils/fileUtil.F90,284,306,character(len=512) function get_filename (fulpath),False,True,1,0,
fileutil::strip_null@f90src/utils/fileutil.f90:309,strip_null,fileutil::strip_null,subroutine,fileutil,Utils,f90src/Utils/fileUtil.F90,/Users/jinyuntang/work/github/ecosim_workspace/main/f90src/Utils/fileUtil.F90,309,316,subroutine strip_null(str),False,True,2,0,
fileutil::getavu@f90src/utils/fileutil.f90:319,getavu,fileutil::getavu,function,fileutil,Utils,f90src/Utils/fileUtil.F90,/Users/jinyuntang/work/github/ecosim_workspace/main/f90src/Utils/fileUtil.F90,319,330,integer function getavu(),False,True,5,1,
fileutil::relavu@f90src/utils/fileutil.f90:332,relavu,fileutil::relavu,subroutine,fileutil,Utils,f90src/Utils/fileUtil.F90,/Users/jinyuntang/work/github/ecosim_workspace/main/f90src/Utils/fileUtil.F90,332,347,subroutine relavu (iunit),False,True,5,1,
fileutil::file_getunit@f90src/utils/fileutil.f90:349,file_getunit,fileutil::file_getunit,function,fileutil,Utils,f90src/Utils/fileUtil.F90,/Users/jinyuntang/work/github/ecosim_workspace/main/f90src/Utils/fileUtil.F90,349,403,INTEGER FUNCTION file_getUnit ( unit ),False,True,1,1,
fileutil::file_freeunit@f90src/utils/fileutil.f90:418,file_freeunit,fileutil::file_freeunit,subroutine,fileutil,Utils,f90src/Utils/fileUtil.F90,/Users/jinyuntang/work/github/ecosim_workspace/main/f90src/Utils/fileUtil.F90,418,450,SUBROUTINE file_freeUnit ( unit),False,True,1,1,
fileutil::opnfil@f90src/utils/fileutil.f90:453,opnfil,fileutil::opnfil,subroutine,fileutil,Utils,f90src/Utils/fileUtil.F90,/Users/jinyuntang/work/github/ecosim_workspace/main/f90src/Utils/fileUtil.F90,453,486,"subroutine opnfil (locfn, iun, form)",False,True,5,1,
fileutil::print_ichar@f90src/utils/fileutil.f90:489,print_ichar,fileutil::print_ichar,subroutine,fileutil,Utils,f90src/Utils/fileUtil.F90,/Users/jinyuntang/work/github/ecosim_workspace/main/f90src/Utils/fileUtil.F90,489,496,subroutine print_ichar(instr),False,False,0,0,
fileutil::strip_space@f90src/utils/fileutil.f90:498,strip_space,fileutil::strip_space,subroutine,fileutil,Utils,f90src/Utils/fileUtil.F90,/Users/jinyuntang/work/github/ecosim_workspace/main/f90src/Utils/fileUtil.F90,498,512,subroutine strip_space(instr),False,True,1,0,
fileutil::int2str@f90src/utils/fileutil.f90:515,int2str,fileutil::int2str,function,fileutil,Utils,f90src/Utils/fileUtil.F90,/Users/jinyuntang/work/github/ecosim_workspace/main/f90src/Utils/fileUtil.F90,515,521,function int2str(num),False,True,6,0,
ncdio_pio::ncd_init@f90src/utils/ncdio_pio.f90:250,ncd_init,ncdio_pio::ncd_init,subroutine,ncdio_pio,Utils,f90src/Utils/ncdio_pio.F90,/Users/jinyuntang/work/github/ecosim_workspace/main/f90src/Utils/ncdio_pio.F90,250,260,"subroutine ncd_init(single_col, biulog)",False,False,0,0,
ncdio_pio::check_dim@f90src/utils/ncdio_pio.f90:269,check_dim,ncdio_pio::check_dim,subroutine,ncdio_pio,Utils,f90src/Utils/ncdio_pio.F90,/Users/jinyuntang/work/github/ecosim_workspace/main/f90src/Utils/ncdio_pio.F90,269,302,"subroutine check_dim(ncid, dimname, value)",False,True,1,3,
ncdio_pio::check_var@f90src/utils/ncdio_pio.f90:310,check_var,ncdio_pio::check_var,subroutine,ncdio_pio,Utils,f90src/Utils/ncdio_pio.F90,/Users/jinyuntang/work/github/ecosim_workspace/main/f90src/Utils/ncdio_pio.F90,310,355,"subroutine check_var(ncid, varname, vardesc, readvar, print_err)",False,True,66,0,
ncdio_pio::check_att@f90src/utils/ncdio_pio.f90:357,check_att,ncdio_pio::check_att,subroutine,ncdio_pio,Utils,f90src/Utils/ncdio_pio.F90,/Users/jinyuntang/work/github/ecosim_workspace/main/f90src/Utils/ncdio_pio.F90,357,385,"subroutine check_att(ncid, varid, attrib, att_found)",False,False,0,0,
ncdio_pio::check_ret@f90src/utils/ncdio_pio.f90:393,check_ret,ncdio_pio::check_ret,subroutine,ncdio_pio,Utils,f90src/Utils/ncdio_pio.F90,/Users/jinyuntang/work/github/ecosim_workspace/main/f90src/Utils/ncdio_pio.F90,393,418,"subroutine check_ret(ret, calling)",False,True,86,1,
ncdio_pio::ncd_defvar@f90src/utils/ncdio_pio.f90:426,ncd_defvar,ncdio_pio::ncd_defvar,subroutine,ncdio_pio,Utils,f90src/Utils/ncdio_pio.F90,/Users/jinyuntang/work/github/ecosim_workspace/main/f90src/Utils/ncdio_pio.F90,426,598,"subroutine ncd_defvar(ncid, varname, xtype, dim1name, dim2name, dim3name, dim4name, dim5name, long_name, standard_name, units, cell_method, missing_value, fill_value, imissing_value, ifill_value, comment,flag_meanings,flag_values,nvalid_range)",False,True,18,3,
ncdio_pio::ncd_putvar_int@f90src/utils/ncdio_pio.f90:600,ncd_putvar_int,ncdio_pio::ncd_putvar_int,subroutine,ncdio_pio,Utils,f90src/Utils/ncdio_pio.F90,/Users/jinyuntang/work/github/ecosim_workspace/main/f90src/Utils/ncdio_pio.F90,600,621,"subroutine ncd_putvar_int(ncid, varname, rec, data)",False,False,0,2,
ncdio_pio::ncd_putvar_real_sp@f90src/utils/ncdio_pio.f90:624,ncd_putvar_real_sp,ncdio_pio::ncd_putvar_real_sp,subroutine,ncdio_pio,Utils,f90src/Utils/ncdio_pio.F90,/Users/jinyuntang/work/github/ecosim_workspace/main/f90src/Utils/ncdio_pio.F90,624,645,"subroutine ncd_putvar_real_sp(ncid, varname, rec, data)",False,False,1,2,
ncdio_pio::ncd_putvar_real_sp_scalar@f90src/utils/ncdio_pio.f90:648,ncd_putvar_real_sp_scalar,ncdio_pio::ncd_putvar_real_sp_scalar,subroutine,ncdio_pio,Utils,f90src/Utils/ncdio_pio.F90,/Users/jinyuntang/work/github/ecosim_workspace/main/f90src/Utils/ncdio_pio.F90,648,668,"subroutine ncd_putvar_real_sp_scalar(ncid, varname,  data)",False,False,1,2,
ncdio_pio::ncd_putvar_int_1d@f90src/utils/ncdio_pio.f90:670,ncd_putvar_int_1d,ncdio_pio::ncd_putvar_int_1d,subroutine,ncdio_pio,Utils,f90src/Utils/ncdio_pio.F90,/Users/jinyuntang/work/github/ecosim_workspace/main/f90src/Utils/ncdio_pio.F90,670,690,"subroutine ncd_putvar_int_1d(ncid, varname, rec, data)",False,False,2,2,
ncdio_pio::ncd_putvar_logical@f90src/utils/ncdio_pio.f90:692,ncd_putvar_logical,ncdio_pio::ncd_putvar_logical,subroutine,ncdio_pio,Utils,f90src/Utils/ncdio_pio.F90,/Users/jinyuntang/work/github/ecosim_workspace/main/f90src/Utils/ncdio_pio.F90,692,715,"subroutine ncd_putvar_logical(ncid, varname, data)",False,False,1,2,
ncdio_pio::ncd_putvar_logical_1d@f90src/utils/ncdio_pio.f90:717,ncd_putvar_logical_1d,ncdio_pio::ncd_putvar_logical_1d,subroutine,ncdio_pio,Utils,f90src/Utils/ncdio_pio.F90,/Users/jinyuntang/work/github/ecosim_workspace/main/f90src/Utils/ncdio_pio.F90,717,741,"subroutine ncd_putvar_logical_1d(ncid, varname, rec, data)",False,False,1,2,
ncdio_pio::ncd_putvar_int_all_1d@f90src/utils/ncdio_pio.f90:743,ncd_putvar_int_all_1d,ncdio_pio::ncd_putvar_int_all_1d,subroutine,ncdio_pio,Utils,f90src/Utils/ncdio_pio.F90,/Users/jinyuntang/work/github/ecosim_workspace/main/f90src/Utils/ncdio_pio.F90,743,762,"subroutine ncd_putvar_int_all_1d(ncid, varname, data)",False,False,2,2,
ncdio_pio::ncd_putvar_real_sp_1d@f90src/utils/ncdio_pio.f90:765,ncd_putvar_real_sp_1d,ncdio_pio::ncd_putvar_real_sp_1d,subroutine,ncdio_pio,Utils,f90src/Utils/ncdio_pio.F90,/Users/jinyuntang/work/github/ecosim_workspace/main/f90src/Utils/ncdio_pio.F90,765,788,"subroutine ncd_putvar_real_sp_1d(ncid, varname, rec, data)",False,False,2,2,
ncdio_pio::ncd_putvar_string@f90src/utils/ncdio_pio.f90:791,ncd_putvar_string,ncdio_pio::ncd_putvar_string,subroutine,ncdio_pio,Utils,f90src/Utils/ncdio_pio.F90,/Users/jinyuntang/work/github/ecosim_workspace/main/f90src/Utils/ncdio_pio.F90,791,806,"subroutine ncd_putvar_string(ncid,varname,data)",False,False,0,2,
ncdio_pio::ncd_putvar_string_1d@f90src/utils/ncdio_pio.f90:808,ncd_putvar_string_1d,ncdio_pio::ncd_putvar_string_1d,subroutine,ncdio_pio,Utils,f90src/Utils/ncdio_pio.F90,/Users/jinyuntang/work/github/ecosim_workspace/main/f90src/Utils/ncdio_pio.F90,808,825,"subroutine ncd_putvar_string_1d(ncid,varname,rec,data)",False,False,0,2,
ncdio_pio::ncd_getvar_string_1d@f90src/utils/ncdio_pio.f90:827,ncd_getvar_string_1d,ncdio_pio::ncd_getvar_string_1d,subroutine,ncdio_pio,Utils,f90src/Utils/ncdio_pio.F90,/Users/jinyuntang/work/github/ecosim_workspace/main/f90src/Utils/ncdio_pio.F90,827,846,"subroutine ncd_getvar_string_1d(ncid,varname,rec,data)",False,False,0,2,
ncdio_pio::ncd_putvar_real_sp_all_1d@f90src/utils/ncdio_pio.f90:849,ncd_putvar_real_sp_all_1d,ncdio_pio::ncd_putvar_real_sp_all_1d,subroutine,ncdio_pio,Utils,f90src/Utils/ncdio_pio.F90,/Users/jinyuntang/work/github/ecosim_workspace/main/f90src/Utils/ncdio_pio.F90,849,869,"subroutine ncd_putvar_real_sp_all_1d(ncid, varname,  data)",False,False,2,2,
ncdio_pio::ncd_putvar_logical_all_1d@f90src/utils/ncdio_pio.f90:871,ncd_putvar_logical_all_1d,ncdio_pio::ncd_putvar_logical_all_1d,subroutine,ncdio_pio,Utils,f90src/Utils/ncdio_pio.F90,/Users/jinyuntang/work/github/ecosim_workspace/main/f90src/Utils/ncdio_pio.F90,871,898,"subroutine ncd_putvar_logical_all_1d(ncid, varname,  data)",False,False,1,2,
ncdio_pio::ncd_putvar_real_sp_all_2d@f90src/utils/ncdio_pio.f90:901,ncd_putvar_real_sp_all_2d,ncdio_pio::ncd_putvar_real_sp_all_2d,subroutine,ncdio_pio,Utils,f90src/Utils/ncdio_pio.F90,/Users/jinyuntang/work/github/ecosim_workspace/main/f90src/Utils/ncdio_pio.F90,901,922,"subroutine ncd_putvar_real_sp_all_2d(ncid, varname,  data)",False,False,2,2,
ncdio_pio::ncd_putvar_int_2d@f90src/utils/ncdio_pio.f90:924,ncd_putvar_int_2d,ncdio_pio::ncd_putvar_int_2d,subroutine,ncdio_pio,Utils,f90src/Utils/ncdio_pio.F90,/Users/jinyuntang/work/github/ecosim_workspace/main/f90src/Utils/ncdio_pio.F90,924,944,"subroutine ncd_putvar_int_2d(ncid, varname, rec, data)",False,False,2,2,
ncdio_pio::ncd_putvar_int_all_2d@f90src/utils/ncdio_pio.f90:947,ncd_putvar_int_all_2d,ncdio_pio::ncd_putvar_int_all_2d,subroutine,ncdio_pio,Utils,f90src/Utils/ncdio_pio.F90,/Users/jinyuntang/work/github/ecosim_workspace/main/f90src/Utils/ncdio_pio.F90,947,965,"subroutine ncd_putvar_int_all_2d(ncid, varname, data)",False,False,2,2,
ncdio_pio::ncd_putvar_real_sp_2d@f90src/utils/ncdio_pio.f90:967,ncd_putvar_real_sp_2d,ncdio_pio::ncd_putvar_real_sp_2d,subroutine,ncdio_pio,Utils,f90src/Utils/ncdio_pio.F90,/Users/jinyuntang/work/github/ecosim_workspace/main/f90src/Utils/ncdio_pio.F90,967,990,"subroutine ncd_putvar_real_sp_2d(ncid, varname, rec, data)",False,False,2,2,
ncdio_pio::ncd_putvar_int_3d@f90src/utils/ncdio_pio.f90:993,ncd_putvar_int_3d,ncdio_pio::ncd_putvar_int_3d,subroutine,ncdio_pio,Utils,f90src/Utils/ncdio_pio.F90,/Users/jinyuntang/work/github/ecosim_workspace/main/f90src/Utils/ncdio_pio.F90,993,1014,"subroutine ncd_putvar_int_3d(ncid, varname, rec, data)",False,False,2,2,
ncdio_pio::ncd_putvar_int_all_3d@f90src/utils/ncdio_pio.f90:1017,ncd_putvar_int_all_3d,ncdio_pio::ncd_putvar_int_all_3d,subroutine,ncdio_pio,Utils,f90src/Utils/ncdio_pio.F90,/Users/jinyuntang/work/github/ecosim_workspace/main/f90src/Utils/ncdio_pio.F90,1017,1036,"subroutine ncd_putvar_int_all_3d(ncid, varname, data)",False,False,2,2,
ncdio_pio::ncd_putvar_real_sp_all_3d@f90src/utils/ncdio_pio.f90:1038,ncd_putvar_real_sp_all_3d,ncdio_pio::ncd_putvar_real_sp_all_3d,subroutine,ncdio_pio,Utils,f90src/Utils/ncdio_pio.F90,/Users/jinyuntang/work/github/ecosim_workspace/main/f90src/Utils/ncdio_pio.F90,1038,1054,"subroutine ncd_putvar_real_sp_all_3d(ncid,varname,data)",False,False,2,2,
ncdio_pio::ncd_putvar_real_sp_all_4d@f90src/utils/ncdio_pio.f90:1057,ncd_putvar_real_sp_all_4d,ncdio_pio::ncd_putvar_real_sp_all_4d,subroutine,ncdio_pio,Utils,f90src/Utils/ncdio_pio.F90,/Users/jinyuntang/work/github/ecosim_workspace/main/f90src/Utils/ncdio_pio.F90,1057,1073,"subroutine ncd_putvar_real_sp_all_4d(ncid,varname,data)",False,False,2,2,
ncdio_pio::ncd_putvar_real_sp_all_5d@f90src/utils/ncdio_pio.f90:1075,ncd_putvar_real_sp_all_5d,ncdio_pio::ncd_putvar_real_sp_all_5d,subroutine,ncdio_pio,Utils,f90src/Utils/ncdio_pio.F90,/Users/jinyuntang/work/github/ecosim_workspace/main/f90src/Utils/ncdio_pio.F90,1075,1092,"subroutine ncd_putvar_real_sp_all_5d(ncid,varname,data)",False,False,1,2,
ncdio_pio::ncd_putvar_real_sp_3d@f90src/utils/ncdio_pio.f90:1094,ncd_putvar_real_sp_3d,ncdio_pio::ncd_putvar_real_sp_3d,subroutine,ncdio_pio,Utils,f90src/Utils/ncdio_pio.F90,/Users/jinyuntang/work/github/ecosim_workspace/main/f90src/Utils/ncdio_pio.F90,1094,1116,"subroutine ncd_putvar_real_sp_3d(ncid, varname, rec, data)",False,False,2,2,
ncdio_pio::ncd_putvar_real_sp_4d@f90src/utils/ncdio_pio.f90:1118,ncd_putvar_real_sp_4d,ncdio_pio::ncd_putvar_real_sp_4d,subroutine,ncdio_pio,Utils,f90src/Utils/ncdio_pio.F90,/Users/jinyuntang/work/github/ecosim_workspace/main/f90src/Utils/ncdio_pio.F90,1118,1140,"subroutine ncd_putvar_real_sp_4d(ncid, varname, rec, data)",False,False,1,2,
ncdio_pio::ncd_putvar_real_sp_5d@f90src/utils/ncdio_pio.f90:1142,ncd_putvar_real_sp_5d,ncdio_pio::ncd_putvar_real_sp_5d,subroutine,ncdio_pio,Utils,f90src/Utils/ncdio_pio.F90,/Users/jinyuntang/work/github/ecosim_workspace/main/f90src/Utils/ncdio_pio.F90,1142,1164,"subroutine ncd_putvar_real_sp_5d(ncid, varname, rec, data)",False,False,1,2,
ncdio_pio::ncd_getvint@f90src/utils/ncdio_pio.f90:1167,ncd_getvint,ncdio_pio::ncd_getvint,subroutine,ncdio_pio,Utils,f90src/Utils/ncdio_pio.F90,/Users/jinyuntang/work/github/ecosim_workspace/main/f90src/Utils/ncdio_pio.F90,1167,1188,"subroutine ncd_getvint(ncid, varname,  data)",False,False,0,2,
ncdio_pio::ncd_getvar_int@f90src/utils/ncdio_pio.f90:1191,ncd_getvar_int,ncdio_pio::ncd_getvar_int,subroutine,ncdio_pio,Utils,f90src/Utils/ncdio_pio.F90,/Users/jinyuntang/work/github/ecosim_workspace/main/f90src/Utils/ncdio_pio.F90,1191,1213,"subroutine ncd_getvar_int(ncid, varname, rec, data)",False,False,0,2,
ncdio_pio::ncd_getvar_real_sp_all_1d@f90src/utils/ncdio_pio.f90:1216,ncd_getvar_real_sp_all_1d,ncdio_pio::ncd_getvar_real_sp_all_1d,subroutine,ncdio_pio,Utils,f90src/Utils/ncdio_pio.F90,/Users/jinyuntang/work/github/ecosim_workspace/main/f90src/Utils/ncdio_pio.F90,1216,1236,"subroutine ncd_getvar_real_sp_all_1d(ncid, varname, data)",False,False,2,2,
ncdio_pio::ncd_getvar_logical_all_1d@f90src/utils/ncdio_pio.f90:1239,ncd_getvar_logical_all_1d,ncdio_pio::ncd_getvar_logical_all_1d,subroutine,ncdio_pio,Utils,f90src/Utils/ncdio_pio.F90,/Users/jinyuntang/work/github/ecosim_workspace/main/f90src/Utils/ncdio_pio.F90,1239,1265,"subroutine ncd_getvar_logical_all_1d(ncid, varname, data)",False,False,1,2,
ncdio_pio::ncd_getvar_real_sp_all_2d@f90src/utils/ncdio_pio.f90:1269,ncd_getvar_real_sp_all_2d,ncdio_pio::ncd_getvar_real_sp_all_2d,subroutine,ncdio_pio,Utils,f90src/Utils/ncdio_pio.F90,/Users/jinyuntang/work/github/ecosim_workspace/main/f90src/Utils/ncdio_pio.F90,1269,1289,"subroutine ncd_getvar_real_sp_all_2d(ncid, varname, data)",False,False,2,2,
ncdio_pio::ncd_getvar_real_sp_all_3d@f90src/utils/ncdio_pio.f90:1292,ncd_getvar_real_sp_all_3d,ncdio_pio::ncd_getvar_real_sp_all_3d,subroutine,ncdio_pio,Utils,f90src/Utils/ncdio_pio.F90,/Users/jinyuntang/work/github/ecosim_workspace/main/f90src/Utils/ncdio_pio.F90,1292,1312,"subroutine ncd_getvar_real_sp_all_3d(ncid, varname, data)",False,False,2,2,
ncdio_pio::ncd_getvar_real_sp_all_4d@f90src/utils/ncdio_pio.f90:1315,ncd_getvar_real_sp_all_4d,ncdio_pio::ncd_getvar_real_sp_all_4d,subroutine,ncdio_pio,Utils,f90src/Utils/ncdio_pio.F90,/Users/jinyuntang/work/github/ecosim_workspace/main/f90src/Utils/ncdio_pio.F90,1315,1335,"subroutine ncd_getvar_real_sp_all_4d(ncid, varname, data)",False,False,2,2,
ncdio_pio::ncd_getvar_real_sp_all_5d@f90src/utils/ncdio_pio.f90:1338,ncd_getvar_real_sp_all_5d,ncdio_pio::ncd_getvar_real_sp_all_5d,subroutine,ncdio_pio,Utils,f90src/Utils/ncdio_pio.F90,/Users/jinyuntang/work/github/ecosim_workspace/main/f90src/Utils/ncdio_pio.F90,1338,1358,"subroutine ncd_getvar_real_sp_all_5d(ncid, varname, data)",False,False,1,2,
ncdio_pio::ncd_getvar_real_sp@f90src/utils/ncdio_pio.f90:1362,ncd_getvar_real_sp,ncdio_pio::ncd_getvar_real_sp,subroutine,ncdio_pio,Utils,f90src/Utils/ncdio_pio.F90,/Users/jinyuntang/work/github/ecosim_workspace/main/f90src/Utils/ncdio_pio.F90,1362,1387,"subroutine ncd_getvar_real_sp(ncid, varname, rec, data,readvar)",False,False,1,2,
ncdio_pio::ncd_getvar_str_1ds@f90src/utils/ncdio_pio.f90:1390,ncd_getvar_str_1ds,ncdio_pio::ncd_getvar_str_1ds,subroutine,ncdio_pio,Utils,f90src/Utils/ncdio_pio.F90,/Users/jinyuntang/work/github/ecosim_workspace/main/f90src/Utils/ncdio_pio.F90,1390,1406,"subroutine ncd_getvar_str_1ds(ncid, varname, data)",False,False,0,2,
ncdio_pio::ncd_getvar_str1d@f90src/utils/ncdio_pio.f90:1410,ncd_getvar_str1d,ncdio_pio::ncd_getvar_str1d,subroutine,ncdio_pio,Utils,f90src/Utils/ncdio_pio.F90,/Users/jinyuntang/work/github/ecosim_workspace/main/f90src/Utils/ncdio_pio.F90,1410,1426,"subroutine ncd_getvar_str1d(ncid, varname, rec1, rec2,data)",False,False,0,2,
ncdio_pio::ncd_getvar_real_sp_scalar@f90src/utils/ncdio_pio.f90:1429,ncd_getvar_real_sp_scalar,ncdio_pio::ncd_getvar_real_sp_scalar,subroutine,ncdio_pio,Utils,f90src/Utils/ncdio_pio.F90,/Users/jinyuntang/work/github/ecosim_workspace/main/f90src/Utils/ncdio_pio.F90,1429,1450,"subroutine ncd_getvar_real_sp_scalar(ncid, varname,  data, readvar)",False,False,1,2,
ncdio_pio::ncd_getvar_int_1d@f90src/utils/ncdio_pio.f90:1452,ncd_getvar_int_1d,ncdio_pio::ncd_getvar_int_1d,subroutine,ncdio_pio,Utils,f90src/Utils/ncdio_pio.F90,/Users/jinyuntang/work/github/ecosim_workspace/main/f90src/Utils/ncdio_pio.F90,1452,1473,"subroutine ncd_getvar_int_1d(ncid, varname, rec, data)",False,False,2,2,
ncdio_pio::ncd_getvar_logical@f90src/utils/ncdio_pio.f90:1475,ncd_getvar_logical,ncdio_pio::ncd_getvar_logical,subroutine,ncdio_pio,Utils,f90src/Utils/ncdio_pio.F90,/Users/jinyuntang/work/github/ecosim_workspace/main/f90src/Utils/ncdio_pio.F90,1475,1499,"subroutine ncd_getvar_logical(ncid, varname, data)",False,False,1,2,
ncdio_pio::ncd_getvar_logical_1d@f90src/utils/ncdio_pio.f90:1501,ncd_getvar_logical_1d,ncdio_pio::ncd_getvar_logical_1d,subroutine,ncdio_pio,Utils,f90src/Utils/ncdio_pio.F90,/Users/jinyuntang/work/github/ecosim_workspace/main/f90src/Utils/ncdio_pio.F90,1501,1528,"subroutine ncd_getvar_logical_1d(ncid, varname, rec, data)",False,False,1,2,
ncdio_pio::ncd_getvar_int_all_1d@f90src/utils/ncdio_pio.f90:1530,ncd_getvar_int_all_1d,ncdio_pio::ncd_getvar_int_all_1d,subroutine,ncdio_pio,Utils,f90src/Utils/ncdio_pio.F90,/Users/jinyuntang/work/github/ecosim_workspace/main/f90src/Utils/ncdio_pio.F90,1530,1550,"subroutine ncd_getvar_int_all_1d(ncid, varname, data)",False,False,2,2,
ncdio_pio::ncd_getvar_real_sp_1d@f90src/utils/ncdio_pio.f90:1552,ncd_getvar_real_sp_1d,ncdio_pio::ncd_getvar_real_sp_1d,subroutine,ncdio_pio,Utils,f90src/Utils/ncdio_pio.F90,/Users/jinyuntang/work/github/ecosim_workspace/main/f90src/Utils/ncdio_pio.F90,1552,1574,"subroutine ncd_getvar_real_sp_1d(ncid, varname, rec, data)",False,False,2,2,
ncdio_pio::ncd_getvar_int_2d@f90src/utils/ncdio_pio.f90:1578,ncd_getvar_int_2d,ncdio_pio::ncd_getvar_int_2d,subroutine,ncdio_pio,Utils,f90src/Utils/ncdio_pio.F90,/Users/jinyuntang/work/github/ecosim_workspace/main/f90src/Utils/ncdio_pio.F90,1578,1600,"subroutine ncd_getvar_int_2d(ncid, varname, rec, data)",False,False,2,2,
ncdio_pio::ncd_getvar_int_all_2d@f90src/utils/ncdio_pio.f90:1602,ncd_getvar_int_all_2d,ncdio_pio::ncd_getvar_int_all_2d,subroutine,ncdio_pio,Utils,f90src/Utils/ncdio_pio.F90,/Users/jinyuntang/work/github/ecosim_workspace/main/f90src/Utils/ncdio_pio.F90,1602,1623,"subroutine ncd_getvar_int_all_2d(ncid, varname, data)",False,False,2,2,
ncdio_pio::ncd_getvar_real_sp_2d@f90src/utils/ncdio_pio.f90:1626,ncd_getvar_real_sp_2d,ncdio_pio::ncd_getvar_real_sp_2d,subroutine,ncdio_pio,Utils,f90src/Utils/ncdio_pio.F90,/Users/jinyuntang/work/github/ecosim_workspace/main/f90src/Utils/ncdio_pio.F90,1626,1648,"subroutine ncd_getvar_real_sp_2d(ncid, varname, rec, data)",False,False,2,2,
ncdio_pio::ncd_getvar_int_3d@f90src/utils/ncdio_pio.f90:1650,ncd_getvar_int_3d,ncdio_pio::ncd_getvar_int_3d,subroutine,ncdio_pio,Utils,f90src/Utils/ncdio_pio.F90,/Users/jinyuntang/work/github/ecosim_workspace/main/f90src/Utils/ncdio_pio.F90,1650,1671,"subroutine ncd_getvar_int_3d(ncid, varname, rec, data)",False,False,2,2,
ncdio_pio::ncd_getvar_int_all_3d@f90src/utils/ncdio_pio.f90:1673,ncd_getvar_int_all_3d,ncdio_pio::ncd_getvar_int_all_3d,subroutine,ncdio_pio,Utils,f90src/Utils/ncdio_pio.F90,/Users/jinyuntang/work/github/ecosim_workspace/main/f90src/Utils/ncdio_pio.F90,1673,1693,"subroutine ncd_getvar_int_all_3d(ncid, varname, data)",False,False,2,2,
ncdio_pio::ncd_getvar_real_sp_3d@f90src/utils/ncdio_pio.f90:1696,ncd_getvar_real_sp_3d,ncdio_pio::ncd_getvar_real_sp_3d,subroutine,ncdio_pio,Utils,f90src/Utils/ncdio_pio.F90,/Users/jinyuntang/work/github/ecosim_workspace/main/f90src/Utils/ncdio_pio.F90,1696,1718,"subroutine ncd_getvar_real_sp_3d(ncid, varname, rec, data)",False,False,2,2,
ncdio_pio::ncd_getvar_real_sp_4d@f90src/utils/ncdio_pio.f90:1720,ncd_getvar_real_sp_4d,ncdio_pio::ncd_getvar_real_sp_4d,subroutine,ncdio_pio,Utils,f90src/Utils/ncdio_pio.F90,/Users/jinyuntang/work/github/ecosim_workspace/main/f90src/Utils/ncdio_pio.F90,1720,1742,"subroutine ncd_getvar_real_sp_4d(ncid, varname, rec, data)",False,False,1,2,
ncdio_pio::ncd_getvar_real_sp_5d@f90src/utils/ncdio_pio.f90:1744,ncd_getvar_real_sp_5d,ncdio_pio::ncd_getvar_real_sp_5d,subroutine,ncdio_pio,Utils,f90src/Utils/ncdio_pio.F90,/Users/jinyuntang/work/github/ecosim_workspace/main/f90src/Utils/ncdio_pio.F90,1744,1766,"subroutine ncd_getvar_real_sp_5d(ncid, varname, rec, data)",False,False,1,2,
ncdio_pio::get_dim_len_idn@f90src/utils/ncdio_pio.f90:1769,get_dim_len_idn,ncdio_pio::get_dim_len_idn,function,ncdio_pio,Utils,f90src/Utils/ncdio_pio.F90,/Users/jinyuntang/work/github/ecosim_workspace/main/f90src/Utils/ncdio_pio.F90,1769,1795,"function get_dim_len_idn(ncid, dimname ) result(dimlen)",False,False,1,1,
ncdio_pio::get_dim_len_fl@f90src/utils/ncdio_pio.f90:1799,get_dim_len_fl,ncdio_pio::get_dim_len_fl,function,ncdio_pio,Utils,f90src/Utils/ncdio_pio.F90,/Users/jinyuntang/work/github/ecosim_workspace/main/f90src/Utils/ncdio_pio.F90,1799,1815,"function get_dim_len_fl(fname, dim_name)result(ans)",False,False,0,2,
ncdio_pio::ncd_pio_createfile@f90src/utils/ncdio_pio.f90:1818,ncd_pio_createfile,ncdio_pio::ncd_pio_createfile,subroutine,ncdio_pio,Utils,f90src/Utils/ncdio_pio.F90,/Users/jinyuntang/work/github/ecosim_workspace/main/f90src/Utils/ncdio_pio.F90,1818,1835,"subroutine ncd_pio_createfile(file, fname)",False,True,5,1,
ncdio_pio::ncd_pio_closefile@f90src/utils/ncdio_pio.f90:1837,ncd_pio_closefile,ncdio_pio::ncd_pio_closefile,subroutine,ncdio_pio,Utils,f90src/Utils/ncdio_pio.F90,/Users/jinyuntang/work/github/ecosim_workspace/main/f90src/Utils/ncdio_pio.F90,1837,1847,subroutine ncd_pio_closefile(file),False,True,20,1,
ncdio_pio::ncd_pio_openfile@f90src/utils/ncdio_pio.f90:1850,ncd_pio_openfile,ncdio_pio::ncd_pio_openfile,subroutine,ncdio_pio,Utils,f90src/Utils/ncdio_pio.F90,/Users/jinyuntang/work/github/ecosim_workspace/main/f90src/Utils/ncdio_pio.F90,1850,1867,"subroutine ncd_pio_openfile(file, fname, mode)",False,True,17,1,
ncdio_pio::ncd_pio_openfile_for_write@f90src/utils/ncdio_pio.f90:1870,ncd_pio_openfile_for_write,ncdio_pio::ncd_pio_openfile_for_write,subroutine,ncdio_pio,Utils,f90src/Utils/ncdio_pio.F90,/Users/jinyuntang/work/github/ecosim_workspace/main/f90src/Utils/ncdio_pio.F90,1870,1886,"subroutine ncd_pio_openfile_for_write(file, fname)",False,False,1,1,
ncdio_pio::ncd_enddef@f90src/utils/ncdio_pio.f90:1889,ncd_enddef,ncdio_pio::ncd_enddef,subroutine,ncdio_pio,Utils,f90src/Utils/ncdio_pio.F90,/Users/jinyuntang/work/github/ecosim_workspace/main/f90src/Utils/ncdio_pio.F90,1889,1904,subroutine ncd_enddef(ncid),False,True,6,1,
ncdio_pio::ncd_putatt_int@f90src/utils/ncdio_pio.f90:1908,ncd_putatt_int,ncdio_pio::ncd_putatt_int,function,ncdio_pio,Utils,f90src/Utils/ncdio_pio.F90,/Users/jinyuntang/work/github/ecosim_workspace/main/f90src/Utils/ncdio_pio.F90,1908,1926,"function ncd_putatt_int(ncid,varid,attrib,value)result(status)",False,False,0,0,
ncdio_pio::ncd_putatt_int_1d@f90src/utils/ncdio_pio.f90:1929,ncd_putatt_int_1d,ncdio_pio::ncd_putatt_int_1d,function,ncdio_pio,Utils,f90src/Utils/ncdio_pio.F90,/Users/jinyuntang/work/github/ecosim_workspace/main/f90src/Utils/ncdio_pio.F90,1929,1940,"function ncd_putatt_int_1d(ncid,varid,attrib,value)result(status)",False,False,0,0,
ncdio_pio::ncd_putatt_real@f90src/utils/ncdio_pio.f90:1943,ncd_putatt_real,ncdio_pio::ncd_putatt_real,function,ncdio_pio,Utils,f90src/Utils/ncdio_pio.F90,/Users/jinyuntang/work/github/ecosim_workspace/main/f90src/Utils/ncdio_pio.F90,1943,1968,"function ncd_putatt_real(ncid,varid,attrib,value,xtype)result(status)",False,False,0,0,
ncdio_pio::ncd_putatt_char@f90src/utils/ncdio_pio.f90:1970,ncd_putatt_char,ncdio_pio::ncd_putatt_char,function,ncdio_pio,Utils,f90src/Utils/ncdio_pio.F90,/Users/jinyuntang/work/github/ecosim_workspace/main/f90src/Utils/ncdio_pio.F90,1970,1987,"function ncd_putatt_char(ncid,varid,attrib,value)result(status)",False,False,0,0,
ncdio_pio::ncd_getatt_char@f90src/utils/ncdio_pio.f90:1990,ncd_getatt_char,ncdio_pio::ncd_getatt_char,subroutine,ncdio_pio,Utils,f90src/Utils/ncdio_pio.F90,/Users/jinyuntang/work/github/ecosim_workspace/main/f90src/Utils/ncdio_pio.F90,1990,2018,"subroutine ncd_getatt_char(ncid,varname,attrib,value)",False,False,0,1,
ncdio_pio::ncd_defdim@f90src/utils/ncdio_pio.f90:2022,ncd_defdim,ncdio_pio::ncd_defdim,subroutine,ncdio_pio,Utils,f90src/Utils/ncdio_pio.F90,/Users/jinyuntang/work/github/ecosim_workspace/main/f90src/Utils/ncdio_pio.F90,2022,2040,"subroutine ncd_defdim(ncid,attrib,value,dimid)",False,True,6,1,
ncdio_pio::ncd_inqdid@f90src/utils/ncdio_pio.f90:2043,ncd_inqdid,ncdio_pio::ncd_inqdid,subroutine,ncdio_pio,Utils,f90src/Utils/ncdio_pio.F90,/Users/jinyuntang/work/github/ecosim_workspace/main/f90src/Utils/ncdio_pio.F90,2043,2069,"subroutine ncd_inqdid(ncid,name,dimid,dimexist)",False,True,1,0,
ncdio_pio::ncd_inqdname@f90src/utils/ncdio_pio.f90:2072,ncd_inqdname,ncdio_pio::ncd_inqdname,subroutine,ncdio_pio,Utils,f90src/Utils/ncdio_pio.F90,/Users/jinyuntang/work/github/ecosim_workspace/main/f90src/Utils/ncdio_pio.F90,2072,2088,"subroutine ncd_inqdname(ncid,dimid,dname)",False,False,0,0,
ncdio_pio::ncd_inqdlen@f90src/utils/ncdio_pio.f90:2091,ncd_inqdlen,ncdio_pio::ncd_inqdlen,subroutine,ncdio_pio,Utils,f90src/Utils/ncdio_pio.F90,/Users/jinyuntang/work/github/ecosim_workspace/main/f90src/Utils/ncdio_pio.F90,2091,2112,"subroutine ncd_inqdlen(ncid,dimid,len,name)",False,True,1,1,
ncdio_pio::ncd_inqfdims@f90src/utils/ncdio_pio.f90:2117,ncd_inqfdims,ncdio_pio::ncd_inqfdims,subroutine,ncdio_pio,Utils,f90src/Utils/ncdio_pio.F90,/Users/jinyuntang/work/github/ecosim_workspace/main/f90src/Utils/ncdio_pio.F90,2117,2180,"subroutine ncd_inqfdims(ncid, isgrid2d, ni, nj, ns)",False,False,0,2,
ncdio_pio::ncd_inqvname@f90src/utils/ncdio_pio.f90:2184,ncd_inqvname,ncdio_pio::ncd_inqvname,subroutine,ncdio_pio,Utils,f90src/Utils/ncdio_pio.F90,/Users/jinyuntang/work/github/ecosim_workspace/main/f90src/Utils/ncdio_pio.F90,2184,2206,"subroutine ncd_inqvname(ncid,varid,vname,vardesc)",False,False,0,0,
ncdio_pio::ncd_inqvid@f90src/utils/ncdio_pio.f90:2209,ncd_inqvid,ncdio_pio::ncd_inqvid,subroutine,ncdio_pio,Utils,f90src/Utils/ncdio_pio.F90,/Users/jinyuntang/work/github/ecosim_workspace/main/f90src/Utils/ncdio_pio.F90,2209,2239,"subroutine ncd_inqvid(ncid,name,varid,vardesc,readvar)",False,True,1,0,
ncdio_pio::ncd_io_char_var0_start_glob@f90src/utils/ncdio_pio.f90:2244,ncd_io_char_var0_start_glob,ncdio_pio::ncd_io_char_var0_start_glob,subroutine,ncdio_pio,Utils,f90src/Utils/ncdio_pio.F90,/Users/jinyuntang/work/github/ecosim_workspace/main/f90src/Utils/ncdio_pio.F90,2244,2260,"subroutine ncd_io_char_var0_start_glob(vardesc, data, flag, ncid, start )",False,False,0,0,
ncdio_pio::ncd_io_0d_log_glob@f90src/utils/ncdio_pio.f90:2263,ncd_io_0d_log_glob,ncdio_pio::ncd_io_0d_log_glob,subroutine,ncdio_pio,Utils,f90src/Utils/ncdio_pio.F90,/Users/jinyuntang/work/github/ecosim_workspace/main/f90src/Utils/ncdio_pio.F90,2263,2293,"subroutine ncd_io_0d_log_glob(varname, data, flag, ncid, readvar, nt, posNOTonfile)",False,False,0,2,
ncdio_pio::ncd_io_1d_log_glob@f90src/utils/ncdio_pio.f90:2297,ncd_io_1d_log_glob,ncdio_pio::ncd_io_1d_log_glob,subroutine,ncdio_pio,Utils,f90src/Utils/ncdio_pio.F90,/Users/jinyuntang/work/github/ecosim_workspace/main/f90src/Utils/ncdio_pio.F90,2297,2322,"subroutine ncd_io_1d_log_glob(varname, data, flag, ncid, readvar, nt, posNOTonfile)",False,False,0,0,
ncdio_pio::ncd_io_0d_int_glob@f90src/utils/ncdio_pio.f90:2325,ncd_io_0d_int_glob,ncdio_pio::ncd_io_0d_int_glob,subroutine,ncdio_pio,Utils,f90src/Utils/ncdio_pio.F90,/Users/jinyuntang/work/github/ecosim_workspace/main/f90src/Utils/ncdio_pio.F90,2325,2370,"subroutine ncd_io_0d_int_glob(varname, data, flag, ncid, readvar, nt, posNOTonfile)",False,False,0,2,
ncdio_pio::ncd_io_1d_int_glob@f90src/utils/ncdio_pio.f90:2373,ncd_io_1d_int_glob,ncdio_pio::ncd_io_1d_int_glob,subroutine,ncdio_pio,Utils,f90src/Utils/ncdio_pio.F90,/Users/jinyuntang/work/github/ecosim_workspace/main/f90src/Utils/ncdio_pio.F90,2373,2414,"subroutine ncd_io_1d_int_glob(varname, data, flag, ncid, readvar, nt, posNOTonfile)",False,False,0,4,
ncdio_pio::ncd_io_2d_int_glob@f90src/utils/ncdio_pio.f90:2417,ncd_io_2d_int_glob,ncdio_pio::ncd_io_2d_int_glob,subroutine,ncdio_pio,Utils,f90src/Utils/ncdio_pio.F90,/Users/jinyuntang/work/github/ecosim_workspace/main/f90src/Utils/ncdio_pio.F90,2417,2459,"subroutine ncd_io_2d_int_glob(varname, data, flag, ncid, readvar, nt, posNOTonfile)",False,False,0,4,
ncdio_pio::ncd_io_3d_int_glob@f90src/utils/ncdio_pio.f90:2462,ncd_io_3d_int_glob,ncdio_pio::ncd_io_3d_int_glob,subroutine,ncdio_pio,Utils,f90src/Utils/ncdio_pio.F90,/Users/jinyuntang/work/github/ecosim_workspace/main/f90src/Utils/ncdio_pio.F90,2462,2504,"subroutine ncd_io_3d_int_glob(varname, data, flag, ncid, readvar, nt, posNOTonfile)",False,False,0,4,
ncdio_pio::ncd_io_0d_double_glob@f90src/utils/ncdio_pio.f90:2506,ncd_io_0d_double_glob,ncdio_pio::ncd_io_0d_double_glob,subroutine,ncdio_pio,Utils,f90src/Utils/ncdio_pio.F90,/Users/jinyuntang/work/github/ecosim_workspace/main/f90src/Utils/ncdio_pio.F90,2506,2548,"subroutine ncd_io_0d_double_glob(varname, data, flag, ncid, readvar, nt, posNOTonfile)",False,False,0,4,
ncdio_pio::ncd_io_1d_double_glob@f90src/utils/ncdio_pio.f90:2550,ncd_io_1d_double_glob,ncdio_pio::ncd_io_1d_double_glob,subroutine,ncdio_pio,Utils,f90src/Utils/ncdio_pio.F90,/Users/jinyuntang/work/github/ecosim_workspace/main/f90src/Utils/ncdio_pio.F90,2550,2591,"subroutine ncd_io_1d_double_glob(varname, data, flag, ncid, readvar, nt, posNOTonfile)",False,False,0,4,
ncdio_pio::ncd_io_2d_double_glob@f90src/utils/ncdio_pio.f90:2593,ncd_io_2d_double_glob,ncdio_pio::ncd_io_2d_double_glob,subroutine,ncdio_pio,Utils,f90src/Utils/ncdio_pio.F90,/Users/jinyuntang/work/github/ecosim_workspace/main/f90src/Utils/ncdio_pio.F90,2593,2634,"subroutine ncd_io_2d_double_glob(varname, data, flag, ncid, readvar, nt, posNOTonfile)",False,False,0,4,
ncdio_pio::ncd_io_3d_double_glob@f90src/utils/ncdio_pio.f90:2636,ncd_io_3d_double_glob,ncdio_pio::ncd_io_3d_double_glob,subroutine,ncdio_pio,Utils,f90src/Utils/ncdio_pio.F90,/Users/jinyuntang/work/github/ecosim_workspace/main/f90src/Utils/ncdio_pio.F90,2636,2677,"subroutine ncd_io_3d_double_glob(varname, data, flag, ncid, readvar, nt, posNOTonfile)",False,False,0,4,
ncdio_pio::ncd_io_4d_double_glob@f90src/utils/ncdio_pio.f90:2679,ncd_io_4d_double_glob,ncdio_pio::ncd_io_4d_double_glob,subroutine,ncdio_pio,Utils,f90src/Utils/ncdio_pio.F90,/Users/jinyuntang/work/github/ecosim_workspace/main/f90src/Utils/ncdio_pio.F90,2679,2712,"subroutine ncd_io_4d_double_glob(varname, data, flag, ncid, readvar, nt, posNOTonfile)",False,False,0,2,
ncdio_pio::ncd_io_0d_text_glob@f90src/utils/ncdio_pio.f90:2715,ncd_io_0d_text_glob,ncdio_pio::ncd_io_0d_text_glob,subroutine,ncdio_pio,Utils,f90src/Utils/ncdio_pio.F90,/Users/jinyuntang/work/github/ecosim_workspace/main/f90src/Utils/ncdio_pio.F90,2715,2740,"subroutine ncd_io_0d_text_glob(varname, data, flag, ncid, readvar, nt, posNOTonfile)",False,False,0,0,
ncdio_pio::ncd_io_1d_text_glob@f90src/utils/ncdio_pio.f90:2742,ncd_io_1d_text_glob,ncdio_pio::ncd_io_1d_text_glob,subroutine,ncdio_pio,Utils,f90src/Utils/ncdio_pio.F90,/Users/jinyuntang/work/github/ecosim_workspace/main/f90src/Utils/ncdio_pio.F90,2742,2780,"subroutine ncd_io_1d_text_glob(varname, data, flag, ncid, readvar, nt, posNOTonfile)",False,False,0,2,
ncdio_pio::ncd_io_2d_text_glob@f90src/utils/ncdio_pio.f90:2782,ncd_io_2d_text_glob,ncdio_pio::ncd_io_2d_text_glob,subroutine,ncdio_pio,Utils,f90src/Utils/ncdio_pio.F90,/Users/jinyuntang/work/github/ecosim_workspace/main/f90src/Utils/ncdio_pio.F90,2782,2807,"subroutine ncd_io_2d_text_glob(varname, data, flag, ncid, readvar, nt, posNOTonfile)",False,False,0,0,
ncdio_pio::ncd_io_1d_int@f90src/utils/ncdio_pio.f90:2809,ncd_io_1d_int,ncdio_pio::ncd_io_1d_int,subroutine,ncdio_pio,Utils,f90src/Utils/ncdio_pio.F90,/Users/jinyuntang/work/github/ecosim_workspace/main/f90src/Utils/ncdio_pio.F90,2809,2858,"subroutine ncd_io_1d_int(varname, data, dim1name, flag, ncid, nt, readvar, cnvrtnan2fill)",False,False,0,4,
ncdio_pio::ncd_io_1d_double@f90src/utils/ncdio_pio.f90:2860,ncd_io_1d_double,ncdio_pio::ncd_io_1d_double,subroutine,ncdio_pio,Utils,f90src/Utils/ncdio_pio.F90,/Users/jinyuntang/work/github/ecosim_workspace/main/f90src/Utils/ncdio_pio.F90,2860,2908,"subroutine ncd_io_1d_double(varname, data, dim1name, flag, ncid, nt, readvar, cnvrtnan2fill)",False,False,0,4,
ncdio_pio::ncd_io_1d_logical@f90src/utils/ncdio_pio.f90:2910,ncd_io_1d_logical,ncdio_pio::ncd_io_1d_logical,subroutine,ncdio_pio,Utils,f90src/Utils/ncdio_pio.F90,/Users/jinyuntang/work/github/ecosim_workspace/main/f90src/Utils/ncdio_pio.F90,2910,2959,"subroutine ncd_io_1d_logical(varname, data, dim1name, flag, ncid, nt, readvar, cnvrtnan2fill)",False,False,0,4,
ncdio_pio::ncd_io_2d_int@f90src/utils/ncdio_pio.f90:2962,ncd_io_2d_int,ncdio_pio::ncd_io_2d_int,subroutine,ncdio_pio,Utils,f90src/Utils/ncdio_pio.F90,/Users/jinyuntang/work/github/ecosim_workspace/main/f90src/Utils/ncdio_pio.F90,2962,2995,"subroutine ncd_io_2d_int(varname, data, dim1name, lowerb2, upperb2, flag, ncid, nt, readvar, switchdim, cnvrtnan2fill)",False,False,0,4,
ncdio_pio::ncd_io_2d_double@f90src/utils/ncdio_pio.f90:2998,ncd_io_2d_double,ncdio_pio::ncd_io_2d_double,subroutine,ncdio_pio,Utils,f90src/Utils/ncdio_pio.F90,/Users/jinyuntang/work/github/ecosim_workspace/main/f90src/Utils/ncdio_pio.F90,2998,3031,"subroutine ncd_io_2d_double(varname, data, dim1name, lowerb2, upperb2, flag, ncid, nt, readvar, switchdim, cnvrtnan2fill)",False,False,0,4,
ncdio_pio::ncd_io_3d_int@f90src/utils/ncdio_pio.f90:3034,ncd_io_3d_int,ncdio_pio::ncd_io_3d_int,subroutine,ncdio_pio,Utils,f90src/Utils/ncdio_pio.F90,/Users/jinyuntang/work/github/ecosim_workspace/main/f90src/Utils/ncdio_pio.F90,3034,3081,"subroutine ncd_io_3d_int(varname, data, dim1name, flag, ncid, nt, readvar)",False,False,0,4,
ncdio_pio::ncd_io_3d_double@f90src/utils/ncdio_pio.f90:3083,ncd_io_3d_double,ncdio_pio::ncd_io_3d_double,subroutine,ncdio_pio,Utils,f90src/Utils/ncdio_pio.F90,/Users/jinyuntang/work/github/ecosim_workspace/main/f90src/Utils/ncdio_pio.F90,3083,3131,"subroutine ncd_io_3d_double(varname, data, dim1name, flag, ncid, nt, readvar)",False,False,0,4,
ncdio_pio::ncd_io_4d_double@f90src/utils/ncdio_pio.f90:3133,ncd_io_4d_double,ncdio_pio::ncd_io_4d_double,subroutine,ncdio_pio,Utils,f90src/Utils/ncdio_pio.F90,/Users/jinyuntang/work/github/ecosim_workspace/main/f90src/Utils/ncdio_pio.F90,3133,3181,"subroutine ncd_io_4d_double(varname, data, dim1name, flag, ncid, nt, readvar)",False,False,0,4,
ncdio_pio::ncd_io_5d_double@f90src/utils/ncdio_pio.f90:3183,ncd_io_5d_double,ncdio_pio::ncd_io_5d_double,subroutine,ncdio_pio,Utils,f90src/Utils/ncdio_pio.F90,/Users/jinyuntang/work/github/ecosim_workspace/main/f90src/Utils/ncdio_pio.F90,3183,3231,"subroutine ncd_io_5d_double(varname, data, dim1name, flag, ncid, nt, readvar)",False,False,0,4,
ncdio_pio::ncd_inq_varid@f90src/utils/ncdio_pio.f90:3234,ncd_inq_varid,ncdio_pio::ncd_inq_varid,function,ncdio_pio,Utils,f90src/Utils/ncdio_pio.F90,/Users/jinyuntang/work/github/ecosim_workspace/main/f90src/Utils/ncdio_pio.F90,3234,3242,"integer function ncd_inq_varid(ncid, varname, vardesc)",False,True,1,0,
shr_infnan_mod::shr_infnan_isinf_double@f90src/utils/shr_infnan_mod.f90:289,shr_infnan_isinf_double,shr_infnan_mod::shr_infnan_isinf_double,function,shr_infnan_mod,Utils,f90src/Utils/shr_infnan_mod.F90,/Users/jinyuntang/work/github/ecosim_workspace/main/f90src/Utils/shr_infnan_mod.F90,289,295,elemental function shr_infnan_isinf_double(x) result(isinf),False,False,0,0,
shr_infnan_mod::shr_infnan_isinf_real@f90src/utils/shr_infnan_mod.f90:297,shr_infnan_isinf_real,shr_infnan_mod::shr_infnan_isinf_real,function,shr_infnan_mod,Utils,f90src/Utils/shr_infnan_mod.F90,/Users/jinyuntang/work/github/ecosim_workspace/main/f90src/Utils/shr_infnan_mod.F90,297,303,elemental function shr_infnan_isinf_real(x) result(isinf),False,False,0,0,
shr_infnan_mod::shr_infnan_isposinf_double@f90src/utils/shr_infnan_mod.f90:314,shr_infnan_isposinf_double,shr_infnan_mod::shr_infnan_isposinf_double,function,shr_infnan_mod,Utils,f90src/Utils/shr_infnan_mod.F90,/Users/jinyuntang/work/github/ecosim_workspace/main/f90src/Utils/shr_infnan_mod.F90,314,324,elemental function shr_infnan_isposinf_double(x) result(isposinf),False,False,0,0,
shr_infnan_mod::shr_infnan_isposinf_real@f90src/utils/shr_infnan_mod.f90:326,shr_infnan_isposinf_real,shr_infnan_mod::shr_infnan_isposinf_real,function,shr_infnan_mod,Utils,f90src/Utils/shr_infnan_mod.F90,/Users/jinyuntang/work/github/ecosim_workspace/main/f90src/Utils/shr_infnan_mod.F90,326,337,elemental function shr_infnan_isposinf_real(x) result(isposinf),False,False,0,0,
shr_infnan_mod::shr_infnan_isneginf_double@f90src/utils/shr_infnan_mod.f90:340,shr_infnan_isneginf_double,shr_infnan_mod::shr_infnan_isneginf_double,function,shr_infnan_mod,Utils,f90src/Utils/shr_infnan_mod.F90,/Users/jinyuntang/work/github/ecosim_workspace/main/f90src/Utils/shr_infnan_mod.F90,340,350,elemental function shr_infnan_isneginf_double(x) result(isneginf),False,False,0,0,
shr_infnan_mod::shr_infnan_isneginf_real@f90src/utils/shr_infnan_mod.f90:352,shr_infnan_isneginf_real,shr_infnan_mod::shr_infnan_isneginf_real,function,shr_infnan_mod,Utils,f90src/Utils/shr_infnan_mod.F90,/Users/jinyuntang/work/github/ecosim_workspace/main/f90src/Utils/shr_infnan_mod.F90,352,362,elemental function shr_infnan_isneginf_real(x) result(isneginf),False,False,0,0,
shr_infnan_mod::shr_infnan_isnan_double@f90src/utils/shr_infnan_mod.f90:370,shr_infnan_isnan_double,shr_infnan_mod::shr_infnan_isnan_double,function,shr_infnan_mod,Utils,f90src/Utils/shr_infnan_mod.F90,/Users/jinyuntang/work/github/ecosim_workspace/main/f90src/Utils/shr_infnan_mod.F90,370,376,elemental function shr_infnan_isnan_double(x) result(is_nan),False,False,0,1,
shr_infnan_mod::shr_infnan_isnan_real@f90src/utils/shr_infnan_mod.f90:378,shr_infnan_isnan_real,shr_infnan_mod::shr_infnan_isnan_real,function,shr_infnan_mod,Utils,f90src/Utils/shr_infnan_mod.F90,/Users/jinyuntang/work/github/ecosim_workspace/main/f90src/Utils/shr_infnan_mod.F90,378,384,elemental function shr_infnan_isnan_real(x) result(is_nan),False,False,0,1,
shr_infnan_mod::shr_infnan_isposinf_double@f90src/utils/shr_infnan_mod.f90:394,shr_infnan_isposinf_double,shr_infnan_mod::shr_infnan_isposinf_double,function,shr_infnan_mod,Utils,f90src/Utils/shr_infnan_mod.F90,/Users/jinyuntang/work/github/ecosim_workspace/main/f90src/Utils/shr_infnan_mod.F90,394,405,elemental function shr_infnan_isposinf_double(x) result(isposinf),False,False,0,0,
shr_infnan_mod::shr_infnan_isposinf_real@f90src/utils/shr_infnan_mod.f90:407,shr_infnan_isposinf_real,shr_infnan_mod::shr_infnan_isposinf_real,function,shr_infnan_mod,Utils,f90src/Utils/shr_infnan_mod.F90,/Users/jinyuntang/work/github/ecosim_workspace/main/f90src/Utils/shr_infnan_mod.F90,407,418,elemental function shr_infnan_isposinf_real(x) result(isposinf),False,False,0,0,
shr_infnan_mod::shr_infnan_isneginf_double@f90src/utils/shr_infnan_mod.f90:421,shr_infnan_isneginf_double,shr_infnan_mod::shr_infnan_isneginf_double,function,shr_infnan_mod,Utils,f90src/Utils/shr_infnan_mod.F90,/Users/jinyuntang/work/github/ecosim_workspace/main/f90src/Utils/shr_infnan_mod.F90,421,432,elemental function shr_infnan_isneginf_double(x) result(isneginf),False,False,0,0,
shr_infnan_mod::shr_infnan_isneginf_real@f90src/utils/shr_infnan_mod.f90:434,shr_infnan_isneginf_real,shr_infnan_mod::shr_infnan_isneginf_real,function,shr_infnan_mod,Utils,f90src/Utils/shr_infnan_mod.F90,/Users/jinyuntang/work/github/ecosim_workspace/main/f90src/Utils/shr_infnan_mod.F90,434,445,elemental function shr_infnan_isneginf_real(x) result(isneginf),False,False,0,0,
shr_infnan_mod::set_nan_0d_double@f90src/utils/shr_infnan_mod.f90:468,set_nan_0d_double,shr_infnan_mod::set_nan_0d_double,subroutine,shr_infnan_mod,Utils,f90src/Utils/shr_infnan_mod.F90,/Users/jinyuntang/work/github/ecosim_workspace/main/f90src/Utils/shr_infnan_mod.F90,468,506,"pure subroutine set_nan_0d_double(output, nan)",False,False,0,0,
shr_infnan_mod::set_nan_1d_double@f90src/utils/shr_infnan_mod.f90:509,set_nan_1d_double,shr_infnan_mod::set_nan_1d_double,subroutine,shr_infnan_mod,Utils,f90src/Utils/shr_infnan_mod.F90,/Users/jinyuntang/work/github/ecosim_workspace/main/f90src/Utils/shr_infnan_mod.F90,509,547,"pure subroutine set_nan_1d_double(output, nan)",False,False,0,0,
shr_infnan_mod::set_nan_2d_double@f90src/utils/shr_infnan_mod.f90:550,set_nan_2d_double,shr_infnan_mod::set_nan_2d_double,subroutine,shr_infnan_mod,Utils,f90src/Utils/shr_infnan_mod.F90,/Users/jinyuntang/work/github/ecosim_workspace/main/f90src/Utils/shr_infnan_mod.F90,550,588,"pure subroutine set_nan_2d_double(output, nan)",False,False,0,0,
shr_infnan_mod::set_nan_3d_double@f90src/utils/shr_infnan_mod.f90:591,set_nan_3d_double,shr_infnan_mod::set_nan_3d_double,subroutine,shr_infnan_mod,Utils,f90src/Utils/shr_infnan_mod.F90,/Users/jinyuntang/work/github/ecosim_workspace/main/f90src/Utils/shr_infnan_mod.F90,591,629,"pure subroutine set_nan_3d_double(output, nan)",False,False,0,0,
shr_infnan_mod::set_nan_4d_double@f90src/utils/shr_infnan_mod.f90:632,set_nan_4d_double,shr_infnan_mod::set_nan_4d_double,subroutine,shr_infnan_mod,Utils,f90src/Utils/shr_infnan_mod.F90,/Users/jinyuntang/work/github/ecosim_workspace/main/f90src/Utils/shr_infnan_mod.F90,632,670,"pure subroutine set_nan_4d_double(output, nan)",False,False,0,0,
shr_infnan_mod::set_nan_5d_double@f90src/utils/shr_infnan_mod.f90:673,set_nan_5d_double,shr_infnan_mod::set_nan_5d_double,subroutine,shr_infnan_mod,Utils,f90src/Utils/shr_infnan_mod.F90,/Users/jinyuntang/work/github/ecosim_workspace/main/f90src/Utils/shr_infnan_mod.F90,673,711,"pure subroutine set_nan_5d_double(output, nan)",False,False,0,0,
shr_infnan_mod::set_nan_6d_double@f90src/utils/shr_infnan_mod.f90:714,set_nan_6d_double,shr_infnan_mod::set_nan_6d_double,subroutine,shr_infnan_mod,Utils,f90src/Utils/shr_infnan_mod.F90,/Users/jinyuntang/work/github/ecosim_workspace/main/f90src/Utils/shr_infnan_mod.F90,714,752,"pure subroutine set_nan_6d_double(output, nan)",False,False,0,0,
shr_infnan_mod::set_nan_7d_double@f90src/utils/shr_infnan_mod.f90:755,set_nan_7d_double,shr_infnan_mod::set_nan_7d_double,subroutine,shr_infnan_mod,Utils,f90src/Utils/shr_infnan_mod.F90,/Users/jinyuntang/work/github/ecosim_workspace/main/f90src/Utils/shr_infnan_mod.F90,755,793,"pure subroutine set_nan_7d_double(output, nan)",False,False,0,0,
shr_infnan_mod::set_nan_0d_real@f90src/utils/shr_infnan_mod.f90:796,set_nan_0d_real,shr_infnan_mod::set_nan_0d_real,subroutine,shr_infnan_mod,Utils,f90src/Utils/shr_infnan_mod.F90,/Users/jinyuntang/work/github/ecosim_workspace/main/f90src/Utils/shr_infnan_mod.F90,796,834,"pure subroutine set_nan_0d_real(output, nan)",False,False,0,0,
shr_infnan_mod::set_nan_1d_real@f90src/utils/shr_infnan_mod.f90:837,set_nan_1d_real,shr_infnan_mod::set_nan_1d_real,subroutine,shr_infnan_mod,Utils,f90src/Utils/shr_infnan_mod.F90,/Users/jinyuntang/work/github/ecosim_workspace/main/f90src/Utils/shr_infnan_mod.F90,837,875,"pure subroutine set_nan_1d_real(output, nan)",False,False,0,0,
shr_infnan_mod::set_nan_2d_real@f90src/utils/shr_infnan_mod.f90:878,set_nan_2d_real,shr_infnan_mod::set_nan_2d_real,subroutine,shr_infnan_mod,Utils,f90src/Utils/shr_infnan_mod.F90,/Users/jinyuntang/work/github/ecosim_workspace/main/f90src/Utils/shr_infnan_mod.F90,878,916,"pure subroutine set_nan_2d_real(output, nan)",False,False,0,0,
shr_infnan_mod::set_nan_3d_real@f90src/utils/shr_infnan_mod.f90:919,set_nan_3d_real,shr_infnan_mod::set_nan_3d_real,subroutine,shr_infnan_mod,Utils,f90src/Utils/shr_infnan_mod.F90,/Users/jinyuntang/work/github/ecosim_workspace/main/f90src/Utils/shr_infnan_mod.F90,919,957,"pure subroutine set_nan_3d_real(output, nan)",False,False,0,0,
shr_infnan_mod::set_nan_4d_real@f90src/utils/shr_infnan_mod.f90:960,set_nan_4d_real,shr_infnan_mod::set_nan_4d_real,subroutine,shr_infnan_mod,Utils,f90src/Utils/shr_infnan_mod.F90,/Users/jinyuntang/work/github/ecosim_workspace/main/f90src/Utils/shr_infnan_mod.F90,960,998,"pure subroutine set_nan_4d_real(output, nan)",False,False,0,0,
shr_infnan_mod::set_nan_5d_real@f90src/utils/shr_infnan_mod.f90:1002,set_nan_5d_real,shr_infnan_mod::set_nan_5d_real,subroutine,shr_infnan_mod,Utils,f90src/Utils/shr_infnan_mod.F90,/Users/jinyuntang/work/github/ecosim_workspace/main/f90src/Utils/shr_infnan_mod.F90,1002,1040,"pure subroutine set_nan_5d_real(output, nan)",False,False,0,0,
shr_infnan_mod::set_nan_6d_real@f90src/utils/shr_infnan_mod.f90:1043,set_nan_6d_real,shr_infnan_mod::set_nan_6d_real,subroutine,shr_infnan_mod,Utils,f90src/Utils/shr_infnan_mod.F90,/Users/jinyuntang/work/github/ecosim_workspace/main/f90src/Utils/shr_infnan_mod.F90,1043,1081,"pure subroutine set_nan_6d_real(output, nan)",False,False,0,0,
shr_infnan_mod::set_nan_7d_real@f90src/utils/shr_infnan_mod.f90:1084,set_nan_7d_real,shr_infnan_mod::set_nan_7d_real,subroutine,shr_infnan_mod,Utils,f90src/Utils/shr_infnan_mod.F90,/Users/jinyuntang/work/github/ecosim_workspace/main/f90src/Utils/shr_infnan_mod.F90,1084,1122,"pure subroutine set_nan_7d_real(output, nan)",False,False,0,0,
shr_infnan_mod::set_inf_0d_double@f90src/utils/shr_infnan_mod.f90:1126,set_inf_0d_double,shr_infnan_mod::set_inf_0d_double,subroutine,shr_infnan_mod,Utils,f90src/Utils/shr_infnan_mod.F90,/Users/jinyuntang/work/github/ecosim_workspace/main/f90src/Utils/shr_infnan_mod.F90,1126,1164,"pure subroutine set_inf_0d_double(output, inf)",False,False,0,0,
shr_infnan_mod::set_inf_1d_double@f90src/utils/shr_infnan_mod.f90:1168,set_inf_1d_double,shr_infnan_mod::set_inf_1d_double,subroutine,shr_infnan_mod,Utils,f90src/Utils/shr_infnan_mod.F90,/Users/jinyuntang/work/github/ecosim_workspace/main/f90src/Utils/shr_infnan_mod.F90,1168,1206,"pure subroutine set_inf_1d_double(output, inf)",False,False,0,0,
shr_infnan_mod::set_inf_2d_double@f90src/utils/shr_infnan_mod.f90:1210,set_inf_2d_double,shr_infnan_mod::set_inf_2d_double,subroutine,shr_infnan_mod,Utils,f90src/Utils/shr_infnan_mod.F90,/Users/jinyuntang/work/github/ecosim_workspace/main/f90src/Utils/shr_infnan_mod.F90,1210,1248,"pure subroutine set_inf_2d_double(output, inf)",False,False,0,0,
shr_infnan_mod::set_inf_3d_double@f90src/utils/shr_infnan_mod.f90:1252,set_inf_3d_double,shr_infnan_mod::set_inf_3d_double,subroutine,shr_infnan_mod,Utils,f90src/Utils/shr_infnan_mod.F90,/Users/jinyuntang/work/github/ecosim_workspace/main/f90src/Utils/shr_infnan_mod.F90,1252,1290,"pure subroutine set_inf_3d_double(output, inf)",False,False,0,0,
shr_infnan_mod::set_inf_4d_double@f90src/utils/shr_infnan_mod.f90:1294,set_inf_4d_double,shr_infnan_mod::set_inf_4d_double,subroutine,shr_infnan_mod,Utils,f90src/Utils/shr_infnan_mod.F90,/Users/jinyuntang/work/github/ecosim_workspace/main/f90src/Utils/shr_infnan_mod.F90,1294,1332,"pure subroutine set_inf_4d_double(output, inf)",False,False,0,0,
shr_infnan_mod::set_inf_5d_double@f90src/utils/shr_infnan_mod.f90:1336,set_inf_5d_double,shr_infnan_mod::set_inf_5d_double,subroutine,shr_infnan_mod,Utils,f90src/Utils/shr_infnan_mod.F90,/Users/jinyuntang/work/github/ecosim_workspace/main/f90src/Utils/shr_infnan_mod.F90,1336,1374,"pure subroutine set_inf_5d_double(output, inf)",False,False,0,0,
shr_infnan_mod::set_inf_6d_double@f90src/utils/shr_infnan_mod.f90:1378,set_inf_6d_double,shr_infnan_mod::set_inf_6d_double,subroutine,shr_infnan_mod,Utils,f90src/Utils/shr_infnan_mod.F90,/Users/jinyuntang/work/github/ecosim_workspace/main/f90src/Utils/shr_infnan_mod.F90,1378,1416,"pure subroutine set_inf_6d_double(output, inf)",False,False,0,0,
shr_infnan_mod::set_inf_7d_double@f90src/utils/shr_infnan_mod.f90:1420,set_inf_7d_double,shr_infnan_mod::set_inf_7d_double,subroutine,shr_infnan_mod,Utils,f90src/Utils/shr_infnan_mod.F90,/Users/jinyuntang/work/github/ecosim_workspace/main/f90src/Utils/shr_infnan_mod.F90,1420,1458,"pure subroutine set_inf_7d_double(output, inf)",False,False,0,0,
shr_infnan_mod::set_inf_0d_real@f90src/utils/shr_infnan_mod.f90:1462,set_inf_0d_real,shr_infnan_mod::set_inf_0d_real,subroutine,shr_infnan_mod,Utils,f90src/Utils/shr_infnan_mod.F90,/Users/jinyuntang/work/github/ecosim_workspace/main/f90src/Utils/shr_infnan_mod.F90,1462,1500,"pure subroutine set_inf_0d_real(output, inf)",False,False,0,0,
shr_infnan_mod::set_inf_1d_real@f90src/utils/shr_infnan_mod.f90:1504,set_inf_1d_real,shr_infnan_mod::set_inf_1d_real,subroutine,shr_infnan_mod,Utils,f90src/Utils/shr_infnan_mod.F90,/Users/jinyuntang/work/github/ecosim_workspace/main/f90src/Utils/shr_infnan_mod.F90,1504,1543,"pure subroutine set_inf_1d_real(output, inf)",False,False,0,0,
shr_infnan_mod::set_inf_2d_real@f90src/utils/shr_infnan_mod.f90:1547,set_inf_2d_real,shr_infnan_mod::set_inf_2d_real,subroutine,shr_infnan_mod,Utils,f90src/Utils/shr_infnan_mod.F90,/Users/jinyuntang/work/github/ecosim_workspace/main/f90src/Utils/shr_infnan_mod.F90,1547,1585,"pure subroutine set_inf_2d_real(output, inf)",False,False,0,0,
shr_infnan_mod::set_inf_3d_real@f90src/utils/shr_infnan_mod.f90:1589,set_inf_3d_real,shr_infnan_mod::set_inf_3d_real,subroutine,shr_infnan_mod,Utils,f90src/Utils/shr_infnan_mod.F90,/Users/jinyuntang/work/github/ecosim_workspace/main/f90src/Utils/shr_infnan_mod.F90,1589,1627,"pure subroutine set_inf_3d_real(output, inf)",False,False,0,0,
shr_infnan_mod::set_inf_4d_real@f90src/utils/shr_infnan_mod.f90:1631,set_inf_4d_real,shr_infnan_mod::set_inf_4d_real,subroutine,shr_infnan_mod,Utils,f90src/Utils/shr_infnan_mod.F90,/Users/jinyuntang/work/github/ecosim_workspace/main/f90src/Utils/shr_infnan_mod.F90,1631,1669,"pure subroutine set_inf_4d_real(output, inf)",False,False,0,0,
shr_infnan_mod::set_inf_5d_real@f90src/utils/shr_infnan_mod.f90:1673,set_inf_5d_real,shr_infnan_mod::set_inf_5d_real,subroutine,shr_infnan_mod,Utils,f90src/Utils/shr_infnan_mod.F90,/Users/jinyuntang/work/github/ecosim_workspace/main/f90src/Utils/shr_infnan_mod.F90,1673,1711,"pure subroutine set_inf_5d_real(output, inf)",False,False,0,0,
shr_infnan_mod::set_inf_6d_real@f90src/utils/shr_infnan_mod.f90:1715,set_inf_6d_real,shr_infnan_mod::set_inf_6d_real,subroutine,shr_infnan_mod,Utils,f90src/Utils/shr_infnan_mod.F90,/Users/jinyuntang/work/github/ecosim_workspace/main/f90src/Utils/shr_infnan_mod.F90,1715,1753,"pure subroutine set_inf_6d_real(output, inf)",False,False,0,0,
shr_infnan_mod::set_inf_7d_real@f90src/utils/shr_infnan_mod.f90:1757,set_inf_7d_real,shr_infnan_mod::set_inf_7d_real,subroutine,shr_infnan_mod,Utils,f90src/Utils/shr_infnan_mod.F90,/Users/jinyuntang/work/github/ecosim_workspace/main/f90src/Utils/shr_infnan_mod.F90,1757,1795,"pure subroutine set_inf_7d_real(output, inf)",False,False,0,0,
shr_infnan_mod::nan_r8@f90src/utils/shr_infnan_mod.f90:1804,nan_r8,shr_infnan_mod::nan_r8,function,shr_infnan_mod,Utils,f90src/Utils/shr_infnan_mod.F90,/Users/jinyuntang/work/github/ecosim_workspace/main/f90src/Utils/shr_infnan_mod.F90,1804,1811,pure function nan_r8(nan) result(output),False,False,0,0,
shr_infnan_mod::nan_r4@f90src/utils/shr_infnan_mod.f90:1814,nan_r4,shr_infnan_mod::nan_r4,function,shr_infnan_mod,Utils,f90src/Utils/shr_infnan_mod.F90,/Users/jinyuntang/work/github/ecosim_workspace/main/f90src/Utils/shr_infnan_mod.F90,1814,1821,pure function nan_r4(nan) result(output),False,False,0,0,
shr_infnan_mod::inf_r8@f90src/utils/shr_infnan_mod.f90:1824,inf_r8,shr_infnan_mod::inf_r8,function,shr_infnan_mod,Utils,f90src/Utils/shr_infnan_mod.F90,/Users/jinyuntang/work/github/ecosim_workspace/main/f90src/Utils/shr_infnan_mod.F90,1824,1831,pure function inf_r8(inf) result(output),False,False,0,0,
shr_infnan_mod::inf_r4@f90src/utils/shr_infnan_mod.f90:1834,inf_r4,shr_infnan_mod::inf_r4,function,shr_infnan_mod,Utils,f90src/Utils/shr_infnan_mod.F90,/Users/jinyuntang/work/github/ecosim_workspace/main/f90src/Utils/shr_infnan_mod.F90,1834,1841,pure function inf_r4(inf) result(output),False,False,0,0,
timings::init_timer@f90src/utils/timings.f90:27,init_timer,timings::init_timer,subroutine,timings,Utils,f90src/Utils/timings.F90,/Users/jinyuntang/work/github/ecosim_workspace/main/f90src/Utils/timings.F90,27,42,subroutine init_timer(outdir),False,True,1,1,
timings::start_timer@f90src/utils/timings.f90:45,start_timer,timings::start_timer,subroutine,timings,Utils,f90src/Utils/timings.F90,/Users/jinyuntang/work/github/ecosim_workspace/main/f90src/Utils/timings.F90,45,56,subroutine start_timer(t1),False,True,2,1,
timings::end_timer@f90src/utils/timings.f90:59,end_timer,timings::end_timer,subroutine,timings,Utils,f90src/Utils/timings.F90,/Users/jinyuntang/work/github/ecosim_workspace/main/f90src/Utils/timings.F90,59,78,"subroutine end_timer(timer_name,t1)",False,True,2,1,
timings::end_timer_loop@f90src/utils/timings.f90:81,end_timer_loop,timings::end_timer_loop,subroutine,timings,Utils,f90src/Utils/timings.F90,/Users/jinyuntang/work/github/ecosim_workspace/main/f90src/Utils/timings.F90,81,106,subroutine end_timer_loop(),False,True,1,0,
timings::timer@f90src/utils/timings.f90:110,timer,timings::timer,subroutine,timings,Utils,f90src/Utils/timings.F90,/Users/jinyuntang/work/github/ecosim_workspace/main/f90src/Utils/timings.F90,110,125,"subroutine timer(start, time)",False,True,2,1,
generic::abortutils::endrun,abortutils::endrun,abortutils::endrun,generic,,Dispatch,,,,,,True,True,106,0,abortutils::endrun_vanilla@f90src/utils/abortutils.f90:80;abortutils::endrun_line@f90src/utils/abortutils.f90:104;abortutils::endrun_globalindex@f90src/utils/abortutils.f90:124
dispatch::init,init,init,dispatch,,Dispatch,,,,,,True,True,8,0,plantapidata::plt_site_init@f90src/apidata/plantapidata.f90:1143;plantapidata::plt_photo_init@f90src/apidata/plantapidata.f90:1901;plantapidata::plt_rad_init@f90src/apidata/plantapidata.f90:1859;plantapidata::plt_morph_init@f90src/apidata/plantapidata.f90:2077;plantapidata::plt_pheno_init@f90src/apidata/plantapidata.f90:1981;plantapidata::plt_soilchem_init@f90src/apidata/plantapidata.f90:1675;plantapidata::plt_allom_init@f90src/apidata/plantapidata.f90:1389;plantapidata::plt_biom_init@f90src/apidata/plantapidata.f90:1487;plantapidata::plt_ew_init@f90src/apidata/plantapidata.f90:1327;plantapidata::plt_disturb_init@f90src/apidata/plantapidata.f90:1261;plantapidata::plt_bgcrate_init@f90src/apidata/plantapidata.f90:1181;plantapidata::plt_rootbgc_init@f90src/apidata/plantapidata.f90:951;histdatatype::init_hist_data@f90src/ioutils/histdatatype.f90:685;bhistmod::init@f90src/ioutils/bhistmod.f90:117;micfluxtypemod::init@f90src/microbial_bgc/box_micmodel/micfluxtypemod.f90:160;micforctypemod::init@f90src/microbial_bgc/box_micmodel/micforctypemod.f90:108;micstatetraittypemod::init@f90src/microbial_bgc/box_micmodel/micstatetraittypemod.f90:97;micbgcpars::init@f90src/modelpars/micbgcpars.f90:120;testmod::init@f90src/utils/testmod.f90:60;unitmod::init@f90src/utils/unitmod.f90:44;ecosim_time_mod::init@f90src/utils/ecosim_time_mod.f90:139;microbediagtypes::nit_mics_init@f90src/microbial_bgc/box_micmodel/microbediagtypes.f90:491;microbediagtypes::nit_micf_init@f90src/microbial_bgc/box_micmodel/microbediagtypes.f90:369;microbediagtypes::nit_omcplxf_init@f90src/microbial_bgc/box_micmodel/microbediagtypes.f90:831;microbediagtypes::nit_omcplxs_init@f90src/microbial_bgc/box_micmodel/microbediagtypes.f90:903;microbediagtypes::mic_diag_init@f90src/microbial_bgc/box_micmodel/microbediagtypes.f90:885;ecosimctrlmod::init_frectyp@f90src/modelconfig/ecosimctrlmod.f90:99
generic::debugtoolmod::debugprint,debugtoolmod::debugprint,debugtoolmod::debugprint,generic,,Dispatch,,,,,,True,True,1,0,debugtoolmod::debugprint_real_arr@f90src/debugtools/debugtoolmod.f90:35;debugtoolmod::debugprint_real_sp@f90src/debugtools/debugtoolmod.f90:66;debugtoolmod::debugprint_real_arrs@f90src/debugtools/debugtoolmod.f90:52;debugtoolmod::debugprint_int@f90src/debugtools/debugtoolmod.f90:76
external::getcwd,getcwd,getcwd,external,,External,,,,,,True,True,1,0,
external::getarg,getarg,getarg,external,,External,,,,,,True,True,1,0,
external::chdir,chdir,chdir,external,,External,,,,,,True,True,1,0,
external::system,system,system,external,,External,,,,,,True,True,2,0,
dispatch::destroy,destroy,destroy,dispatch,,Dispatch,,,,,,True,True,3,0,plantapidata::plt_site_destroy@f90src/apidata/plantapidata.f90:1172;plantapidata::plt_photo_destroy@f90src/apidata/plantapidata.f90:1974;plantapidata::plt_rad_destroy@f90src/apidata/plantapidata.f90:1890;plantapidata::plt_morph_destroy@f90src/apidata/plantapidata.f90:2223;plantapidata::plt_pheno_destroy@f90src/apidata/plantapidata.f90:2069;plantapidata::plt_soilchem_destroy@f90src/apidata/plantapidata.f90:1715;plantapidata::plt_allom_destroy@f90src/apidata/plantapidata.f90:1441;plantapidata::plt_biom_destroy@f90src/apidata/plantapidata.f90:1603;plantapidata::plt_ew_destroy@f90src/apidata/plantapidata.f90:1379;plantapidata::plt_disturb_destroy@f90src/apidata/plantapidata.f90:1296;plantapidata::plt_bgcrate_destroy@f90src/apidata/plantapidata.f90:1253;plantapidata::plt_rootbgc_destroy@f90src/apidata/plantapidata.f90:1045;micfluxtypemod::destruct@f90src/microbial_bgc/box_micmodel/micfluxtypemod.f90:356;micforctypemod::destruct@f90src/microbial_bgc/box_micmodel/micforctypemod.f90:142;micstatetraittypemod::destruct@f90src/microbial_bgc/box_micmodel/micstatetraittypemod.f90:138;microbediagtypes::nit_mics_destroy@f90src/microbial_bgc/box_micmodel/microbediagtypes.f90:793;microbediagtypes::nit_micf_destroy@f90src/microbial_bgc/box_micmodel/microbediagtypes.f90:650;microbediagtypes::nit_omcplxf_destroy@f90src/microbial_bgc/box_micmodel/microbediagtypes.f90:855;microbediagtypes::nit_omcplxs_destroy@f90src/microbial_bgc/box_micmodel/microbediagtypes.f90:972;microbediagtypes::mic_diag_destroy@f90src/microbial_bgc/box_micmodel/microbediagtypes.f90:782;micbgcpars::destructmicbgcpar@f90src/modelpars/micbgcpars.f90:466
external::c_f_pointer,c_f_pointer,c_f_pointer,external,,External,,,,,,True,False,4,0,
generic::abortutils::destroy,abortutils::destroy,abortutils::destroy,generic,,Dispatch,,,,,,True,True,58,0,abortutils::destroy_1d_r@f90src/utils/abortutils.f90:287;abortutils::destroy_2d_r@f90src/utils/abortutils.f90:295;abortutils::destroy_3d_r@f90src/utils/abortutils.f90:303;abortutils::destroy_4d_r@f90src/utils/abortutils.f90:311;abortutils::destroy_5d_r@f90src/utils/abortutils.f90:319;abortutils::destroy_6d_r@f90src/utils/abortutils.f90:327;abortutils::destroy_7d_r@f90src/utils/abortutils.f90:335;abortutils::destroy_1d_i@f90src/utils/abortutils.f90:343;abortutils::destroy_2d_i@f90src/utils/abortutils.f90:351;abortutils::destroy_3d_i@f90src/utils/abortutils.f90:359;abortutils::destroy_4d_i@f90src/utils/abortutils.f90:367;abortutils::destroy_5d_i@f90src/utils/abortutils.f90:375;abortutils::destroy_6d_i@f90src/utils/abortutils.f90:383;abortutils::destroy_7d_i@f90src/utils/abortutils.f90:391;abortutils::destroy_1d_l@f90src/utils/abortutils.f90:399;abortutils::destroy_2d_l@f90src/utils/abortutils.f90:407;abortutils::destroy_3d_l@f90src/utils/abortutils.f90:415;abortutils::destroy_4d_l@f90src/utils/abortutils.f90:423;abortutils::destroy_1d_char@f90src/utils/abortutils.f90:433;abortutils::destroy_2d_char@f90src/utils/abortutils.f90:442;abortutils::destroy_3d_char@f90src/utils/abortutils.f90:450;abortutils::destroy_4d_char@f90src/utils/abortutils.f90:459;abortutils::destroy_1d_rpt@f90src/utils/abortutils.f90:469;abortutils::destroy_2d_rpt@f90src/utils/abortutils.f90:477;abortutils::destroy_3d_rpt@f90src/utils/abortutils.f90:485;abortutils::destroy_4d_rpt@f90src/utils/abortutils.f90:493;abortutils::destroy_5d_rpt@f90src/utils/abortutils.f90:501;abortutils::destroy_6d_rpt@f90src/utils/abortutils.f90:509;abortutils::destroy_7d_rpt@f90src/utils/abortutils.f90:517;abortutils::destroy_1d_ipt@f90src/utils/abortutils.f90:525;abortutils::destroy_2d_ipt@f90src/utils/abortutils.f90:533;abortutils::destroy_3d_ipt@f90src/utils/abortutils.f90:541;abortutils::destroy_4d_ipt@f90src/utils/abortutils.f90:549;abortutils::destroy_5d_ipt@f90src/utils/abortutils.f90:557;abortutils::destroy_6d_ipt@f90src/utils/abortutils.f90:565;abortutils::destroy_7d_ipt@f90src/utils/abortutils.f90:573;abortutils::destroy_1d_lpt@f90src/utils/abortutils.f90:581;abortutils::destroy_1d_charpt@f90src/utils/abortutils.f90:591;abortutils::destroy_2d_charpt@f90src/utils/abortutils.f90:600;abortutils::destroy_3d_charpt@f90src/utils/abortutils.f90:608;abortutils::destroy_4d_charpt@f90src/utils/abortutils.f90:617
dispatch::setzero,setzero,setzero,dispatch,,Dispatch,,,,,,True,True,1,0,solutechemdatatype::solute_setzero@f90src/geochem/box_chem/solutechemdatatype.f90:375;solutechemdatatype::setzero@f90src/geochem/box_chem/solutechemdatatype.f90:507
generic::endrun,endrun,endrun,generic,,Dispatch,,,,,,True,True,3,0,abortutils::endrun_vanilla@f90src/utils/abortutils.f90:80;abortutils::endrun_line@f90src/utils/abortutils.f90:104;abortutils::endrun_globalindex@f90src/utils/abortutils.f90:124
generic::ncd_getvar,ncd_getvar,ncd_getvar,generic,,Dispatch,,,,,,True,True,17,0,ncdio_pio::ncd_getvar_int@f90src/utils/ncdio_pio.f90:1191;ncdio_pio::ncd_getvar_logical@f90src/utils/ncdio_pio.f90:1475;ncdio_pio::ncd_getvar_logical_1d@f90src/utils/ncdio_pio.f90:1501;ncdio_pio::ncd_getvar_real_sp@f90src/utils/ncdio_pio.f90:1362;ncdio_pio::ncd_getvar_int_1d@f90src/utils/ncdio_pio.f90:1452;ncdio_pio::ncd_getvar_int_all_1d@f90src/utils/ncdio_pio.f90:1530;ncdio_pio::ncd_getvar_real_sp_1d@f90src/utils/ncdio_pio.f90:1552;ncdio_pio::ncd_getvar_int_2d@f90src/utils/ncdio_pio.f90:1578;ncdio_pio::ncd_getvar_int_all_2d@f90src/utils/ncdio_pio.f90:1602;ncdio_pio::ncd_getvar_real_sp_2d@f90src/utils/ncdio_pio.f90:1626;ncdio_pio::ncd_getvar_int_3d@f90src/utils/ncdio_pio.f90:1650;ncdio_pio::ncd_getvar_int_all_3d@f90src/utils/ncdio_pio.f90:1673;ncdio_pio::ncd_getvar_real_sp_3d@f90src/utils/ncdio_pio.f90:1696;ncdio_pio::ncd_getvar_real_sp_4d@f90src/utils/ncdio_pio.f90:1720;ncdio_pio::ncd_getvar_real_sp_5d@f90src/utils/ncdio_pio.f90:1744;ncdio_pio::ncd_getvar_real_sp_scalar@f90src/utils/ncdio_pio.f90:1429;ncdio_pio::ncd_getvar_real_sp_all_1d@f90src/utils/ncdio_pio.f90:1216;ncdio_pio::ncd_getvar_real_sp_all_2d@f90src/utils/ncdio_pio.f90:1269;ncdio_pio::ncd_getvar_real_sp_all_3d@f90src/utils/ncdio_pio.f90:1292;ncdio_pio::ncd_getvar_real_sp_all_4d@f90src/utils/ncdio_pio.f90:1315;ncdio_pio::ncd_getvar_real_sp_all_5d@f90src/utils/ncdio_pio.f90:1338;ncdio_pio::ncd_getvar_str_1ds@f90src/utils/ncdio_pio.f90:1390;ncdio_pio::ncd_getvar_string_1d@f90src/utils/ncdio_pio.f90:827;ncdio_pio::ncd_getvar_logical_all_1d@f90src/utils/ncdio_pio.f90:1239
generic::ncd_putvar,ncd_putvar,ncd_putvar,generic,,Dispatch,,,,,,True,True,3,0,ncdio_pio::ncd_putvar_int@f90src/utils/ncdio_pio.f90:600;ncdio_pio::ncd_putvar_real_sp@f90src/utils/ncdio_pio.f90:624;ncdio_pio::ncd_putvar_real_sp_scalar@f90src/utils/ncdio_pio.f90:648;ncdio_pio::ncd_putvar_int_1d@f90src/utils/ncdio_pio.f90:670;ncdio_pio::ncd_putvar_int_all_1d@f90src/utils/ncdio_pio.f90:743;ncdio_pio::ncd_putvar_real_sp_1d@f90src/utils/ncdio_pio.f90:765;ncdio_pio::ncd_putvar_real_sp_all_1d@f90src/utils/ncdio_pio.f90:849;ncdio_pio::ncd_putvar_string@f90src/utils/ncdio_pio.f90:791;ncdio_pio::ncd_putvar_string_1d@f90src/utils/ncdio_pio.f90:808;ncdio_pio::ncd_putvar_int_2d@f90src/utils/ncdio_pio.f90:924;ncdio_pio::ncd_putvar_int_all_2d@f90src/utils/ncdio_pio.f90:947;ncdio_pio::ncd_putvar_real_sp_2d@f90src/utils/ncdio_pio.f90:967;ncdio_pio::ncd_putvar_real_sp_all_2d@f90src/utils/ncdio_pio.f90:901;ncdio_pio::ncd_putvar_int_3d@f90src/utils/ncdio_pio.f90:993;ncdio_pio::ncd_putvar_int_all_3d@f90src/utils/ncdio_pio.f90:1017;ncdio_pio::ncd_putvar_real_sp_3d@f90src/utils/ncdio_pio.f90:1094;ncdio_pio::ncd_putvar_real_sp_4d@f90src/utils/ncdio_pio.f90:1118;ncdio_pio::ncd_putvar_real_sp_5d@f90src/utils/ncdio_pio.f90:1142;ncdio_pio::ncd_putvar_real_sp_all_3d@f90src/utils/ncdio_pio.f90:1038;ncdio_pio::ncd_putvar_real_sp_all_4d@f90src/utils/ncdio_pio.f90:1057;ncdio_pio::ncd_putvar_real_sp_all_5d@f90src/utils/ncdio_pio.f90:1075;ncdio_pio::ncd_putvar_logical_1d@f90src/utils/ncdio_pio.f90:717;ncdio_pio::ncd_putvar_logical_all_1d@f90src/utils/ncdio_pio.f90:871
external::date_and_time,date_and_time,date_and_time,external,,External,,,,,,True,True,2,0,
external::flush,flush,flush,external,,External,,,,,,True,True,3,0,
generic::ncd_io,ncd_io,ncd_io,generic,,Dispatch,,,,,,True,True,14,0,ncdio_pio::ncd_io_char_var0_start_glob@f90src/utils/ncdio_pio.f90:2244;ncdio_pio::ncd_io_0d_log_glob@f90src/utils/ncdio_pio.f90:2263;ncdio_pio::ncd_io_1d_log_glob@f90src/utils/ncdio_pio.f90:2297;ncdio_pio::ncd_io_0d_int_glob@f90src/utils/ncdio_pio.f90:2325;ncdio_pio::ncd_io_1d_int_glob@f90src/utils/ncdio_pio.f90:2373;ncdio_pio::ncd_io_2d_int_glob@f90src/utils/ncdio_pio.f90:2417;ncdio_pio::ncd_io_3d_int_glob@f90src/utils/ncdio_pio.f90:2462;ncdio_pio::ncd_io_0d_double_glob@f90src/utils/ncdio_pio.f90:2506;ncdio_pio::ncd_io_1d_double_glob@f90src/utils/ncdio_pio.f90:2550;ncdio_pio::ncd_io_2d_double_glob@f90src/utils/ncdio_pio.f90:2593;ncdio_pio::ncd_io_3d_double_glob@f90src/utils/ncdio_pio.f90:2636;ncdio_pio::ncd_io_4d_double_glob@f90src/utils/ncdio_pio.f90:2679;ncdio_pio::ncd_io_0d_text_glob@f90src/utils/ncdio_pio.f90:2715;ncdio_pio::ncd_io_1d_text_glob@f90src/utils/ncdio_pio.f90:2742;ncdio_pio::ncd_io_2d_text_glob@f90src/utils/ncdio_pio.f90:2782;ncdio_pio::ncd_io_1d_int@f90src/utils/ncdio_pio.f90:2809;ncdio_pio::ncd_io_2d_int@f90src/utils/ncdio_pio.f90:2962;ncdio_pio::ncd_io_3d_int@f90src/utils/ncdio_pio.f90:3034;ncdio_pio::ncd_io_1d_double@f90src/utils/ncdio_pio.f90:2860;ncdio_pio::ncd_io_2d_double@f90src/utils/ncdio_pio.f90:2998;ncdio_pio::ncd_io_3d_double@f90src/utils/ncdio_pio.f90:3083;ncdio_pio::ncd_io_4d_double@f90src/utils/ncdio_pio.f90:3133;ncdio_pio::ncd_io_5d_double@f90src/utils/ncdio_pio.f90:3183;ncdio_pio::ncd_io_1d_logical@f90src/utils/ncdio_pio.f90:2910
generic::restartvar,restartvar,restartvar,generic,,Dispatch,,,,,,True,True,3,0,restutilmod::restartvar_int@f90src/ioutils/restutilmod.f90:48;restutilmod::restartvar_int_1d@f90src/ioutils/restutilmod.f90:196;restutilmod::restartvar_int_2d@f90src/ioutils/restutilmod.f90:378;restutilmod::restartvar_int_3d@f90src/ioutils/restutilmod.f90:470;restutilmod::restartvar_real_sp@f90src/ioutils/restutilmod.f90:123;restutilmod::restartvar_real_sp_1d@f90src/ioutils/restutilmod.f90:563;restutilmod::restartvar_real_sp_2d@f90src/ioutils/restutilmod.f90:648;restutilmod::restartvar_real_sp_3d@f90src/ioutils/restutilmod.f90:734;restutilmod::restartvar_real_sp_4d@f90src/ioutils/restutilmod.f90:821;restutilmod::restartvar_real_sp_5d@f90src/ioutils/restutilmod.f90:909;restutilmod::restartvar_logical_1d@f90src/ioutils/restutilmod.f90:287
generic::cpcol,cpcol,cpcol,generic,,Dispatch,,,,,,True,True,2,0,restutilmod::cpcol_i_1d@f90src/ioutils/restutilmod.f90:998;restutilmod::cpcol_r_1d@f90src/ioutils/restutilmod.f90:1023;restutilmod::cpcol_r_2d@f90src/ioutils/restutilmod.f90:1048;restutilmod::cpcol_r_3d@f90src/ioutils/restutilmod.f90:1077;restutilmod::cpcol_r_4d@f90src/ioutils/restutilmod.f90:1110;restutilmod::cpcol_r_5d@f90src/ioutils/restutilmod.f90:1147
generic::cppft,cppft,cppft,generic,,Dispatch,,,,,,True,True,1,0,restutilmod::cppft_i_1d@f90src/ioutils/restutilmod.f90:1189;restutilmod::cppft_i_2d@f90src/ioutils/restutilmod.f90:1263;restutilmod::cppft_i_3d@f90src/ioutils/restutilmod.f90:1350;restutilmod::cppft_r_1d@f90src/ioutils/restutilmod.f90:1448;restutilmod::cppft_r_2d@f90src/ioutils/restutilmod.f90:1522;restutilmod::cppft_r_3d@f90src/ioutils/restutilmod.f90:1608;restutilmod::cppft_r_4d@f90src/ioutils/restutilmod.f90:1705;restutilmod::cppft_r_5d@f90src/ioutils/restutilmod.f90:1814
dispatch::getdatetime,getdatetime,getdatetime,dispatch,,Dispatch,,,,,,True,True,1,0,histfilemod::getdatetime@f90src/ioutils/histfilemod.f90:283;ecosim_time_mod::getdatetime@f90src/utils/ecosim_time_mod.f90:1042
generic::ncdio_pio::ncd_getvar,ncdio_pio::ncd_getvar,ncdio_pio::ncd_getvar,generic,,Dispatch,,,,,,True,False,1,0,ncdio_pio::ncd_getvar_int@f90src/utils/ncdio_pio.f90:1191;ncdio_pio::ncd_getvar_logical@f90src/utils/ncdio_pio.f90:1475;ncdio_pio::ncd_getvar_logical_1d@f90src/utils/ncdio_pio.f90:1501;ncdio_pio::ncd_getvar_real_sp@f90src/utils/ncdio_pio.f90:1362;ncdio_pio::ncd_getvar_int_1d@f90src/utils/ncdio_pio.f90:1452;ncdio_pio::ncd_getvar_int_all_1d@f90src/utils/ncdio_pio.f90:1530;ncdio_pio::ncd_getvar_real_sp_1d@f90src/utils/ncdio_pio.f90:1552;ncdio_pio::ncd_getvar_int_2d@f90src/utils/ncdio_pio.f90:1578;ncdio_pio::ncd_getvar_int_all_2d@f90src/utils/ncdio_pio.f90:1602;ncdio_pio::ncd_getvar_real_sp_2d@f90src/utils/ncdio_pio.f90:1626;ncdio_pio::ncd_getvar_int_3d@f90src/utils/ncdio_pio.f90:1650;ncdio_pio::ncd_getvar_int_all_3d@f90src/utils/ncdio_pio.f90:1673;ncdio_pio::ncd_getvar_real_sp_3d@f90src/utils/ncdio_pio.f90:1696;ncdio_pio::ncd_getvar_real_sp_4d@f90src/utils/ncdio_pio.f90:1720;ncdio_pio::ncd_getvar_real_sp_5d@f90src/utils/ncdio_pio.f90:1744;ncdio_pio::ncd_getvar_real_sp_scalar@f90src/utils/ncdio_pio.f90:1429;ncdio_pio::ncd_getvar_real_sp_all_1d@f90src/utils/ncdio_pio.f90:1216;ncdio_pio::ncd_getvar_real_sp_all_2d@f90src/utils/ncdio_pio.f90:1269;ncdio_pio::ncd_getvar_real_sp_all_3d@f90src/utils/ncdio_pio.f90:1292;ncdio_pio::ncd_getvar_real_sp_all_4d@f90src/utils/ncdio_pio.f90:1315;ncdio_pio::ncd_getvar_real_sp_all_5d@f90src/utils/ncdio_pio.f90:1338;ncdio_pio::ncd_getvar_str_1ds@f90src/utils/ncdio_pio.f90:1390;ncdio_pio::ncd_getvar_string_1d@f90src/utils/ncdio_pio.f90:827;ncdio_pio::ncd_getvar_logical_all_1d@f90src/utils/ncdio_pio.f90:1239
generic::ncdio_pio::ncd_putvar,ncdio_pio::ncd_putvar,ncdio_pio::ncd_putvar,generic,,Dispatch,,,,,,True,False,2,0,ncdio_pio::ncd_putvar_int@f90src/utils/ncdio_pio.f90:600;ncdio_pio::ncd_putvar_real_sp@f90src/utils/ncdio_pio.f90:624;ncdio_pio::ncd_putvar_real_sp_scalar@f90src/utils/ncdio_pio.f90:648;ncdio_pio::ncd_putvar_int_1d@f90src/utils/ncdio_pio.f90:670;ncdio_pio::ncd_putvar_int_all_1d@f90src/utils/ncdio_pio.f90:743;ncdio_pio::ncd_putvar_real_sp_1d@f90src/utils/ncdio_pio.f90:765;ncdio_pio::ncd_putvar_real_sp_all_1d@f90src/utils/ncdio_pio.f90:849;ncdio_pio::ncd_putvar_string@f90src/utils/ncdio_pio.f90:791;ncdio_pio::ncd_putvar_string_1d@f90src/utils/ncdio_pio.f90:808;ncdio_pio::ncd_putvar_int_2d@f90src/utils/ncdio_pio.f90:924;ncdio_pio::ncd_putvar_int_all_2d@f90src/utils/ncdio_pio.f90:947;ncdio_pio::ncd_putvar_real_sp_2d@f90src/utils/ncdio_pio.f90:967;ncdio_pio::ncd_putvar_real_sp_all_2d@f90src/utils/ncdio_pio.f90:901;ncdio_pio::ncd_putvar_int_3d@f90src/utils/ncdio_pio.f90:993;ncdio_pio::ncd_putvar_int_all_3d@f90src/utils/ncdio_pio.f90:1017;ncdio_pio::ncd_putvar_real_sp_3d@f90src/utils/ncdio_pio.f90:1094;ncdio_pio::ncd_putvar_real_sp_4d@f90src/utils/ncdio_pio.f90:1118;ncdio_pio::ncd_putvar_real_sp_5d@f90src/utils/ncdio_pio.f90:1142;ncdio_pio::ncd_putvar_real_sp_all_3d@f90src/utils/ncdio_pio.f90:1038;ncdio_pio::ncd_putvar_real_sp_all_4d@f90src/utils/ncdio_pio.f90:1057;ncdio_pio::ncd_putvar_real_sp_all_5d@f90src/utils/ncdio_pio.f90:1075;ncdio_pio::ncd_putvar_logical_1d@f90src/utils/ncdio_pio.f90:717;ncdio_pio::ncd_putvar_logical_all_1d@f90src/utils/ncdio_pio.f90:871
dispatch::initalloc,initalloc,initalloc,dispatch,,Dispatch,,,,,,True,False,1,0,initallocmod::initalloc@f90src/ecosim_mods/initallocmod.f90:11;bhistmod::initalloc@f90src/ioutils/bhistmod.f90:258
generic::linearalgebramod::taxpy,linearalgebramod::taxpy,linearalgebramod::taxpy,generic,,Dispatch,,,,,,True,False,1,0,linearalgebramod::taxpy_v@f90src/minimath/linearalgebramod.f90:65;linearalgebramod::taxpy_m@f90src/minimath/linearalgebramod.f90:108
dispatch::initailize,initailize,initailize,dispatch,,Dispatch,,,,,,True,True,1,0,bhistmod::init@f90src/ioutils/bhistmod.f90:117;micfluxtypemod::init@f90src/microbial_bgc/box_micmodel/micfluxtypemod.f90:160;micforctypemod::init@f90src/microbial_bgc/box_micmodel/micforctypemod.f90:108;micstatetraittypemod::init@f90src/microbial_bgc/box_micmodel/micstatetraittypemod.f90:97;micbgcpars::init@f90src/modelpars/micbgcpars.f90:120;testmod::init@f90src/utils/testmod.f90:60;unitmod::init@f90src/utils/unitmod.f90:44;ecosim_time_mod::init@f90src/utils/ecosim_time_mod.f90:139
generic::minimathmod::substratedribbling,minimathmod::substratedribbling,minimathmod::substratedribbling,generic,,Dispatch,,,,,,True,True,1,0,minimathmod::substratedribbling_vec@f90src/minimath/minimathmod.f90:612;minimathmod::substratedribbling_scal@f90src/minimath/minimathmod.f90:592
dispatch::zeroout,zeroout,zeroout,dispatch,,Dispatch,,,,,,True,True,4,0,micfluxtypemod::zeroout@f90src/microbial_bgc/box_micmodel/micfluxtypemod.f90:270;microbediagtypes::nit_aqmf_diag@f90src/microbial_bgc/box_micmodel/microbediagtypes.f90:305;microbediagtypes::nit_micf_zero@f90src/microbial_bgc/box_micmodel/microbediagtypes.f90:536;microbediagtypes::nit_omcplxf_zero@f90src/microbial_bgc/box_micmodel/microbediagtypes.f90:871;microbediagtypes::nit_omcplxs_zero@f90src/microbial_bgc/box_micmodel/microbediagtypes.f90:951;microbediagtypes::mic_diag_zero@f90src/microbial_bgc/box_micmodel/microbediagtypes.f90:925
generic::substratedribbling,substratedribbling,substratedribbling,generic,,Dispatch,,,,,,True,True,5,0,minimathmod::substratedribbling_vec@f90src/minimath/minimathmod.f90:612;minimathmod::substratedribbling_scal@f90src/minimath/minimathmod.f90:592
dispatch::initallocate,initallocate,initallocate,dispatch,,Dispatch,,,,,,True,False,1,0,plantapidata::initallocate@f90src/apidata/plantapidata.f90:1823;aquechemdatatype::initallocate@f90src/ecosim_datatype/aquechemdatatype.f90:95;canopyraddatatype::initallocate@f90src/ecosim_datatype/canopyraddatatype.f90:51;chemtranspdatatype::initallocate@f90src/ecosim_datatype/chemtranspdatatype.f90:51;ecosimsumdatatype::initallocate@f90src/ecosim_datatype/ecosimsumdatatype.f90:55;fertilizerdatatype::initallocate@f90src/ecosim_datatype/fertilizerdatatype.f90:36;irrigationdatatype::initallocate@f90src/ecosim_datatype/irrigationdatatype.f90:95;microbialdatatype::initallocate@f90src/ecosim_datatype/microbialdatatype.f90:73;plantdataratetype::initallocate@f90src/ecosim_datatype/plantdataratetype.f90:158;plantmgmtdatatype::initallocate@f90src/ecosim_datatype/plantmgmtdatatype.f90:47;somdatatype::initallocate@f90src/ecosim_datatype/somdatatype.f90:63;sedimentdatatype::initallocate@f90src/ecosim_datatype/sedimentdatatype.f90:54;soilbgcdatatype::initallocate@f90src/ecosim_datatype/soilbgcdatatype.f90:151;soilpropertydatatype::initallocate@f90src/ecosim_datatype/soilpropertydatatype.f90:53;soilwaterdatatype::initallocate@f90src/ecosim_datatype/soilwaterdatatype.f90:128;surflitterdatatype::initallocate@f90src/ecosim_datatype/surflitterdatatype.f90:46;micbgcpars::initallocate@f90src/modelpars/micbgcpars.f90:393
external::endrun,endrun,endrun,external,,External,,,,,,True,True,2,0,
generic::debugprint,debugprint,debugprint,generic,,Dispatch,,,,,,True,True,23,0,debugtoolmod::debugprint_real_arr@f90src/debugtools/debugtoolmod.f90:35;debugtoolmod::debugprint_real_sp@f90src/debugtools/debugtoolmod.f90:66;debugtoolmod::debugprint_real_arrs@f90src/debugtools/debugtoolmod.f90:52;debugtoolmod::debugprint_int@f90src/debugtools/debugtoolmod.f90:76
dispatch::readnamelist,readnamelist,readnamelist,dispatch,,Dispatch,,,,,,True,False,2,0,ecosimapi::readnamelist@drivers/ecosim/ecosimapi.f90:127;testmod::readnamelist@f90src/utils/testmod.f90:81;ecosim_time_mod::readnamelist@f90src/utils/ecosim_time_mod.f90:209
dispatch::check_status,check_status,check_status,dispatch,,Dispatch,,,,,,True,False,1,0,modelstatustype::check_status@f90src/utils/modelstatustype.f90:59;testmod::check_status@f90src/utils/testmod.f90:294
dispatch::reset,reset,reset,dispatch,,Dispatch,,,,,,True,False,1,0,modelstatustype::reset@f90src/utils/modelstatustype.f90:36;testmod::reset@f90src/utils/testmod.f90:271
dispatch::set_msg,set_msg,set_msg,dispatch,,Dispatch,,,,,,True,False,2,0,modelstatustype::set_msg@f90src/utils/modelstatustype.f90:44;testmod::set_msg@f90src/utils/testmod.f90:279
external::abort,abort,abort,external,,External,,,,,,True,True,1,0,
external::system_clock,system_clock,system_clock,external,,External,,,,,,True,True,1,0,
